ISO-10303-21;
HEADER;
FILE_DESCRIPTION(('ViewDefinition[DesignTransferView]'),'2;1');
FILE_NAME('/dev/null','2026-10-03T15:32:02-04:00',(''),(''),'IfcOpenShell 0.8.5','IfcOpenShell 0.8.5','Nobody');
FILE_SCHEMA(('IFC4X3_ADD2'));
ENDSEC;
DATA;
#1=IFCPROJECT('1q4Aculj19AOUnZ1v2V0t$',$,'ORI plan takeoff: ori-sample-house.pdf',$,$,$,$,(#10),#5);
#2=IFCSIUNIT(*,.LENGTHUNIT.,.MILLI.,.METRE.);
#3=IFCSIUNIT(*,.AREAUNIT.,$,.SQUARE_METRE.);
#4=IFCSIUNIT(*,.VOLUMEUNIT.,$,.CUBIC_METRE.);
#5=IFCUNITASSIGNMENT((#4,#2,#3));
#6=IFCCARTESIANPOINT((0.,0.,0.));
#7=IFCDIRECTION((0.,0.,1.));
#8=IFCDIRECTION((1.,0.,0.));
#9=IFCAXIS2PLACEMENT3D(#6,#7,#8);
#10=IFCGEOMETRICREPRESENTATIONCONTEXT($,'Model',3,1.0000000000000001E-05,#9,$);
#11=IFCGEOMETRICREPRESENTATIONSUBCONTEXT('Body','Model',*,*,*,*,#10,$,.MODEL_VIEW.,$);
#12=IFCGEOMETRICREPRESENTATIONSUBCONTEXT('Axis','Model',*,*,*,*,#10,$,.GRAPH_VIEW.,$);
#13=IFCSITE('0eby6gEMz82QLbComJjf9O',$,'Site (not georeferenced)',$,$,$,$,$,$,$,$,$,$,$);
#14=IFCBUILDING('1klRr1nDnFu8GrmDVT4nYp',$,'Building from plan overlay',$,$,$,$,$,$,$,$,$);
#15=IFCRELAGGREGATES('2GpY5HmonDFOBO_oA4koRg',$,$,$,#1,(#13));
#16=IFCRELAGGREGATES('3k6l5x1pzEfx20rU8jJzyY',$,$,$,#13,(#14));
#17=IFCBUILDINGSTOREY('2GGdHZ6bz2sBEm5LwvZ_C6',$,'Level 1',$,$,#28,$,$,$,0.);
#23=IFCRELAGGREGATES('2rbKGWreD6mR6neEDvVcij',$,$,$,#14,(#17,#1517));
#24=IFCCARTESIANPOINT((0.,0.,0.));
#25=IFCDIRECTION((0.,0.,1.));
#26=IFCDIRECTION((1.,0.,0.));
#27=IFCAXIS2PLACEMENT3D(#24,#25,#26);
#28=IFCLOCALPLACEMENT($,#27);
#29=IFCPROPERTYSET('08HjjsHiv3sRWhcAiEQVpf',$,'Pset_ORI_Takeoff',$,(#31,#32,#33,#34,#35));
#30=IFCRELDEFINESBYPROPERTIES('3mYMoF57f8FOp8BvIezEak',$,$,$,(#17),#29);
#31=IFCPROPERTYSINGLEVALUE('ElevationKnown',$,IFCBOOLEAN(.T.),$);
#32=IFCPROPERTYSINGLEVALUE('SourcePage',$,IFCINTEGER(1),$);
#33=IFCPROPERTYSINGLEVALUE('SourceSheet',$,IFCLABEL('A-101'),$);
#34=IFCPROPERTYSINGLEVALUE('Tool',$,IFCLABEL('ori_takeoff 0.1.0'),$);
#35=IFCPROPERTYSINGLEVALUE('ScaleStatus',$,IFCLABEL('stated_confirmed'),$);
#36=IFCWALL('0ip_7FGCvCF9AcPTT8MFDm',$,'WS',$,$,#64,#58,$,.SOLIDWALL.);
#42=IFCCARTESIANPOINT((0.,0.));
#43=IFCCARTESIANPOINT((9753.5999999999985,0.));
#44=IFCCARTESIANPOINT((9753.5999999999985,152.39999999999998));
#45=IFCCARTESIANPOINT((0.,152.39999999999998));
#46=IFCCARTESIANPOINT((0.,0.));
#47=IFCPOLYLINE((#42,#43,#44,#45,#46));
#48=IFCARBITRARYCLOSEDPROFILEDEF(.AREA.,$,#47);
#49=IFCCARTESIANPOINT((0.,0.,0.));
#50=IFCAXIS2PLACEMENT3D(#49,$,$);
#51=IFCDIRECTION((0.,0.,1.));
#52=IFCEXTRUDEDAREASOLID(#48,#50,#51,2667.);
#53=IFCSHAPEREPRESENTATION(#11,'Body','SweptSolid',(#52));
#54=IFCCARTESIANPOINT((76.199999999999989,76.199999999999989));
#55=IFCCARTESIANPOINT((9677.3999999999996,76.199999999999989));
#56=IFCPOLYLINE((#54,#55));
#57=IFCSHAPEREPRESENTATION(#12,'Axis','Curve2D',(#56));
#58=IFCPRODUCTDEFINITIONSHAPE($,$,(#53,#57));
#59=IFCRELCONTAINEDINSPATIALSTRUCTURE('2p3dEJW0rFaecPh3XzQwpn',$,$,$,(#864,#580,#722,#296,#1000,#438,#1272,#222,#111,#1492,#36,#148,#793,#1068,#509,#651,#367,#259,#185,#74,#1204,#932,#1136),#17);
#60=IFCCARTESIANPOINT((0.,0.,0.));
#61=IFCDIRECTION((0.,0.,1.));
#62=IFCDIRECTION((1.,0.,0.));
#63=IFCAXIS2PLACEMENT3D(#60,#61,#62);
#64=IFCLOCALPLACEMENT(#28,#63);
#65=IFCPROPERTYSET('1tyW6gY4107ONvUTXOsSTk',$,'Pset_ORI_Takeoff',$,(#67,#68,#69,#70,#71,#72,#73));
#66=IFCRELDEFINESBYPROPERTIES('3twzl$i5n4Qgt7jWCVNNzO',$,$,$,(#36),#65);
#67=IFCPROPERTYSINGLEVALUE('Method',$,IFCLABEL('authored_ground_truth'),$);
#68=IFCPROPERTYSINGLEVALUE('ReviewStatus',$,IFCLABEL('confirmed'),$);
#69=IFCPROPERTYSINGLEVALUE('Confidence',$,IFCREAL(1.),$);
#70=IFCPROPERTYSINGLEVALUE('OverlayElementId',$,IFCLABEL('p1-WS'),$);
#71=IFCPROPERTYSINGLEVALUE('Tool',$,IFCLABEL('ori_takeoff 0.1.0'),$);
#72=IFCPROPERTYSINGLEVALUE('HeightSource',$,IFCLABEL('overlay'),$);
#73=IFCPROPERTYSINGLEVALUE('SourcePage',$,IFCINTEGER(1),$);
#74=IFCWALL('2aq$7e$kH35vWCYJM6mND2',$,'WN',$,$,#101,#96,$,.SOLIDWALL.);
#80=IFCCARTESIANPOINT((0.,8382.));
#81=IFCCARTESIANPOINT((9753.5999999999985,8382.));
#82=IFCCARTESIANPOINT((9753.5999999999985,8534.3999999999996));
#83=IFCCARTESIANPOINT((0.,8534.3999999999996));
#84=IFCCARTESIANPOINT((0.,8382.));
#85=IFCPOLYLINE((#80,#81,#82,#83,#84));
#86=IFCARBITRARYCLOSEDPROFILEDEF(.AREA.,$,#85);
#87=IFCCARTESIANPOINT((0.,0.,0.));
#88=IFCAXIS2PLACEMENT3D(#87,$,$);
#89=IFCDIRECTION((0.,0.,1.));
#90=IFCEXTRUDEDAREASOLID(#86,#88,#89,2667.);
#91=IFCSHAPEREPRESENTATION(#11,'Body','SweptSolid',(#90));
#92=IFCCARTESIANPOINT((76.199999999999989,8458.1999999999989));
#93=IFCCARTESIANPOINT((9677.3999999999996,8458.1999999999989));
#94=IFCPOLYLINE((#92,#93));
#95=IFCSHAPEREPRESENTATION(#12,'Axis','Curve2D',(#94));
#96=IFCPRODUCTDEFINITIONSHAPE($,$,(#91,#95));
#97=IFCCARTESIANPOINT((0.,0.,0.));
#98=IFCDIRECTION((0.,0.,1.));
#99=IFCDIRECTION((1.,0.,0.));
#100=IFCAXIS2PLACEMENT3D(#97,#98,#99);
#101=IFCLOCALPLACEMENT(#28,#100);
#102=IFCPROPERTYSET('3w53IZXuf1lfXST4ngeZJi',$,'Pset_ORI_Takeoff',$,(#104,#105,#106,#107,#108,#109,#110));
#103=IFCRELDEFINESBYPROPERTIES('2xO1Q2PTP8tw7ZaCTJkg7H',$,$,$,(#74),#102);
#104=IFCPROPERTYSINGLEVALUE('Method',$,IFCLABEL('authored_ground_truth'),$);
#105=IFCPROPERTYSINGLEVALUE('ReviewStatus',$,IFCLABEL('confirmed'),$);
#106=IFCPROPERTYSINGLEVALUE('Confidence',$,IFCREAL(1.),$);
#107=IFCPROPERTYSINGLEVALUE('OverlayElementId',$,IFCLABEL('p1-WN'),$);
#108=IFCPROPERTYSINGLEVALUE('Tool',$,IFCLABEL('ori_takeoff 0.1.0'),$);
#109=IFCPROPERTYSINGLEVALUE('HeightSource',$,IFCLABEL('overlay'),$);
#110=IFCPROPERTYSINGLEVALUE('SourcePage',$,IFCINTEGER(1),$);
#111=IFCWALL('06pVD50E58ivf0OW9N5ZIw',$,'WW',$,$,#138,#133,$,.SOLIDWALL.);
#117=IFCCARTESIANPOINT((0.,0.));
#118=IFCCARTESIANPOINT((152.39999999999998,0.));
#119=IFCCARTESIANPOINT((152.39999999999998,8534.3999999999996));
#120=IFCCARTESIANPOINT((0.,8534.3999999999996));
#121=IFCCARTESIANPOINT((0.,0.));
#122=IFCPOLYLINE((#117,#118,#119,#120,#121));
#123=IFCARBITRARYCLOSEDPROFILEDEF(.AREA.,$,#122);
#124=IFCCARTESIANPOINT((0.,0.,0.));
#125=IFCAXIS2PLACEMENT3D(#124,$,$);
#126=IFCDIRECTION((0.,0.,1.));
#127=IFCEXTRUDEDAREASOLID(#123,#125,#126,2667.);
#128=IFCSHAPEREPRESENTATION(#11,'Body','SweptSolid',(#127));
#129=IFCCARTESIANPOINT((76.199999999999989,76.199999999999989));
#130=IFCCARTESIANPOINT((76.199999999999989,8458.1999999999989));
#131=IFCPOLYLINE((#129,#130));
#132=IFCSHAPEREPRESENTATION(#12,'Axis','Curve2D',(#131));
#133=IFCPRODUCTDEFINITIONSHAPE($,$,(#128,#132));
#134=IFCCARTESIANPOINT((0.,0.,0.));
#135=IFCDIRECTION((0.,0.,1.));
#136=IFCDIRECTION((1.,0.,0.));
#137=IFCAXIS2PLACEMENT3D(#134,#135,#136);
#138=IFCLOCALPLACEMENT(#28,#137);
#139=IFCPROPERTYSET('29z_kmlwjABgAOZOpHBXiH',$,'Pset_ORI_Takeoff',$,(#141,#142,#143,#144,#145,#146,#147));
#140=IFCRELDEFINESBYPROPERTIES('2b9k$rrMf4b90Szu7JVYqM',$,$,$,(#111),#139);
#141=IFCPROPERTYSINGLEVALUE('Method',$,IFCLABEL('authored_ground_truth'),$);
#142=IFCPROPERTYSINGLEVALUE('ReviewStatus',$,IFCLABEL('confirmed'),$);
#143=IFCPROPERTYSINGLEVALUE('Confidence',$,IFCREAL(1.),$);
#144=IFCPROPERTYSINGLEVALUE('OverlayElementId',$,IFCLABEL('p1-WW'),$);
#145=IFCPROPERTYSINGLEVALUE('Tool',$,IFCLABEL('ori_takeoff 0.1.0'),$);
#146=IFCPROPERTYSINGLEVALUE('HeightSource',$,IFCLABEL('overlay'),$);
#147=IFCPROPERTYSINGLEVALUE('SourcePage',$,IFCINTEGER(1),$);
#148=IFCWALL('2IuHFBTnb4a8$k$iJ2yQk$',$,'WE',$,$,#175,#170,$,.SOLIDWALL.);
#154=IFCCARTESIANPOINT((9601.1999999999989,0.));
#155=IFCCARTESIANPOINT((9753.5999999999985,0.));
#156=IFCCARTESIANPOINT((9753.5999999999985,8534.3999999999996));
#157=IFCCARTESIANPOINT((9601.1999999999989,8534.3999999999996));
#158=IFCCARTESIANPOINT((9601.1999999999989,0.));
#159=IFCPOLYLINE((#154,#155,#156,#157,#158));
#160=IFCARBITRARYCLOSEDPROFILEDEF(.AREA.,$,#159);
#161=IFCCARTESIANPOINT((0.,0.,0.));
#162=IFCAXIS2PLACEMENT3D(#161,$,$);
#163=IFCDIRECTION((0.,0.,1.));
#164=IFCEXTRUDEDAREASOLID(#160,#162,#163,2667.);
#165=IFCSHAPEREPRESENTATION(#11,'Body','SweptSolid',(#164));
#166=IFCCARTESIANPOINT((9677.3999999999996,76.199999999999989));
#167=IFCCARTESIANPOINT((9677.3999999999996,8458.1999999999989));
#168=IFCPOLYLINE((#166,#167));
#169=IFCSHAPEREPRESENTATION(#12,'Axis','Curve2D',(#168));
#170=IFCPRODUCTDEFINITIONSHAPE($,$,(#165,#169));
#171=IFCCARTESIANPOINT((0.,0.,0.));
#172=IFCDIRECTION((0.,0.,1.));
#173=IFCDIRECTION((1.,0.,0.));
#174=IFCAXIS2PLACEMENT3D(#171,#172,#173);
#175=IFCLOCALPLACEMENT(#28,#174);
#176=IFCPROPERTYSET('0OyidqZsH2PgoF0hs6axnj',$,'Pset_ORI_Takeoff',$,(#178,#179,#180,#181,#182,#183,#184));
#177=IFCRELDEFINESBYPROPERTIES('3GjrcfkFT1lAF1UrlMN1St',$,$,$,(#148),#176);
#178=IFCPROPERTYSINGLEVALUE('Method',$,IFCLABEL('authored_ground_truth'),$);
#179=IFCPROPERTYSINGLEVALUE('ReviewStatus',$,IFCLABEL('confirmed'),$);
#180=IFCPROPERTYSINGLEVALUE('Confidence',$,IFCREAL(1.),$);
#181=IFCPROPERTYSINGLEVALUE('OverlayElementId',$,IFCLABEL('p1-WE'),$);
#182=IFCPROPERTYSINGLEVALUE('Tool',$,IFCLABEL('ori_takeoff 0.1.0'),$);
#183=IFCPROPERTYSINGLEVALUE('HeightSource',$,IFCLABEL('overlay'),$);
#184=IFCPROPERTYSINGLEVALUE('SourcePage',$,IFCINTEGER(1),$);
#185=IFCWALL('1b6RBjzbz8HRGJIEmMpC2q',$,'V1',$,$,#212,#207,$,.SOLIDWALL.);
#191=IFCCARTESIANPOINT((5181.5999999999995,152.39999999999998));
#192=IFCCARTESIANPOINT((5295.8999999999996,152.39999999999998));
#193=IFCCARTESIANPOINT((5295.8999999999996,8382.));
#194=IFCCARTESIANPOINT((5181.5999999999995,8382.));
#195=IFCCARTESIANPOINT((5181.5999999999995,152.39999999999998));
#196=IFCPOLYLINE((#191,#192,#193,#194,#195));
#197=IFCARBITRARYCLOSEDPROFILEDEF(.AREA.,$,#196);
#198=IFCCARTESIANPOINT((0.,0.,0.));
#199=IFCAXIS2PLACEMENT3D(#198,$,$);
#200=IFCDIRECTION((0.,0.,1.));
#201=IFCEXTRUDEDAREASOLID(#197,#199,#200,2667.);
#202=IFCSHAPEREPRESENTATION(#11,'Body','SweptSolid',(#201));
#203=IFCCARTESIANPOINT((5238.75,152.39999999999998));
#204=IFCCARTESIANPOINT((5238.75,8382.));
#205=IFCPOLYLINE((#203,#204));
#206=IFCSHAPEREPRESENTATION(#12,'Axis','Curve2D',(#205));
#207=IFCPRODUCTDEFINITIONSHAPE($,$,(#202,#206));
#208=IFCCARTESIANPOINT((0.,0.,0.));
#209=IFCDIRECTION((0.,0.,1.));
#210=IFCDIRECTION((1.,0.,0.));
#211=IFCAXIS2PLACEMENT3D(#208,#209,#210);
#212=IFCLOCALPLACEMENT(#28,#211);
#213=IFCPROPERTYSET('2JIrJ0PlLDqemyze5YbKnB',$,'Pset_ORI_Takeoff',$,(#215,#216,#217,#218,#219,#220,#221));
#214=IFCRELDEFINESBYPROPERTIES('3TpjnW9Q50peHRnrMiCVQF',$,$,$,(#185),#213);
#215=IFCPROPERTYSINGLEVALUE('Method',$,IFCLABEL('authored_ground_truth'),$);
#216=IFCPROPERTYSINGLEVALUE('ReviewStatus',$,IFCLABEL('confirmed'),$);
#217=IFCPROPERTYSINGLEVALUE('Confidence',$,IFCREAL(1.),$);
#218=IFCPROPERTYSINGLEVALUE('OverlayElementId',$,IFCLABEL('p1-V1'),$);
#219=IFCPROPERTYSINGLEVALUE('Tool',$,IFCLABEL('ori_takeoff 0.1.0'),$);
#220=IFCPROPERTYSINGLEVALUE('HeightSource',$,IFCLABEL('overlay'),$);
#221=IFCPROPERTYSINGLEVALUE('SourcePage',$,IFCINTEGER(1),$);
#222=IFCWALL('2bt_m2XcT9MRkXydDtpOXB',$,'HL',$,$,#249,#244,$,.SOLIDWALL.);
#228=IFCCARTESIANPOINT((152.39999999999998,5181.5999999999995));
#229=IFCCARTESIANPOINT((5181.5999999999995,5181.5999999999995));
#230=IFCCARTESIANPOINT((5181.5999999999995,5295.8999999999996));
#231=IFCCARTESIANPOINT((152.39999999999998,5295.8999999999996));
#232=IFCCARTESIANPOINT((152.39999999999998,5181.5999999999995));
#233=IFCPOLYLINE((#228,#229,#230,#231,#232));
#234=IFCARBITRARYCLOSEDPROFILEDEF(.AREA.,$,#233);
#235=IFCCARTESIANPOINT((0.,0.,0.));
#236=IFCAXIS2PLACEMENT3D(#235,$,$);
#237=IFCDIRECTION((0.,0.,1.));
#238=IFCEXTRUDEDAREASOLID(#234,#236,#237,2667.);
#239=IFCSHAPEREPRESENTATION(#11,'Body','SweptSolid',(#238));
#240=IFCCARTESIANPOINT((152.39999999999998,5238.75));
#241=IFCCARTESIANPOINT((5181.5999999999995,5238.75));
#242=IFCPOLYLINE((#240,#241));
#243=IFCSHAPEREPRESENTATION(#12,'Axis','Curve2D',(#242));
#244=IFCPRODUCTDEFINITIONSHAPE($,$,(#239,#243));
#245=IFCCARTESIANPOINT((0.,0.,0.));
#246=IFCDIRECTION((0.,0.,1.));
#247=IFCDIRECTION((1.,0.,0.));
#248=IFCAXIS2PLACEMENT3D(#245,#246,#247);
#249=IFCLOCALPLACEMENT(#28,#248);
#250=IFCPROPERTYSET('1c9AKBDP19AhVA52Ii9Niv',$,'Pset_ORI_Takeoff',$,(#252,#253,#254,#255,#256,#257,#258));
#251=IFCRELDEFINESBYPROPERTIES('2vyJYP6dz2Fhq5sOr4i8ZH',$,$,$,(#222),#250);
#252=IFCPROPERTYSINGLEVALUE('Method',$,IFCLABEL('authored_ground_truth'),$);
#253=IFCPROPERTYSINGLEVALUE('ReviewStatus',$,IFCLABEL('confirmed'),$);
#254=IFCPROPERTYSINGLEVALUE('Confidence',$,IFCREAL(1.),$);
#255=IFCPROPERTYSINGLEVALUE('OverlayElementId',$,IFCLABEL('p1-HL'),$);
#256=IFCPROPERTYSINGLEVALUE('Tool',$,IFCLABEL('ori_takeoff 0.1.0'),$);
#257=IFCPROPERTYSINGLEVALUE('HeightSource',$,IFCLABEL('overlay'),$);
#258=IFCPROPERTYSINGLEVALUE('SourcePage',$,IFCINTEGER(1),$);
#259=IFCWALL('0Q9Jdcqdj58ujSwAghozhM',$,'H1',$,$,#286,#281,$,.SOLIDWALL.);
#265=IFCCARTESIANPOINT((5295.8999999999996,3695.6999999999998));
#266=IFCCARTESIANPOINT((9601.1999999999989,3695.6999999999998));
#267=IFCCARTESIANPOINT((9601.1999999999989,3810.));
#268=IFCCARTESIANPOINT((5295.8999999999996,3810.));
#269=IFCCARTESIANPOINT((5295.8999999999996,3695.6999999999998));
#270=IFCPOLYLINE((#265,#266,#267,#268,#269));
#271=IFCARBITRARYCLOSEDPROFILEDEF(.AREA.,$,#270);
#272=IFCCARTESIANPOINT((0.,0.,0.));
#273=IFCAXIS2PLACEMENT3D(#272,$,$);
#274=IFCDIRECTION((0.,0.,1.));
#275=IFCEXTRUDEDAREASOLID(#271,#273,#274,2667.);
#276=IFCSHAPEREPRESENTATION(#11,'Body','SweptSolid',(#275));
#277=IFCCARTESIANPOINT((5295.8999999999996,3752.8499999999999));
#278=IFCCARTESIANPOINT((9601.1999999999989,3752.8499999999999));
#279=IFCPOLYLINE((#277,#278));
#280=IFCSHAPEREPRESENTATION(#12,'Axis','Curve2D',(#279));
#281=IFCPRODUCTDEFINITIONSHAPE($,$,(#276,#280));
#282=IFCCARTESIANPOINT((0.,0.,0.));
#283=IFCDIRECTION((0.,0.,1.));
#284=IFCDIRECTION((1.,0.,0.));
#285=IFCAXIS2PLACEMENT3D(#282,#283,#284);
#286=IFCLOCALPLACEMENT(#28,#285);
#287=IFCPROPERTYSET('3J8SOyEUT96eLbFRbjowqS',$,'Pset_ORI_Takeoff',$,(#289,#290,#291,#292,#293,#294,#295));
#288=IFCRELDEFINESBYPROPERTIES('1HKl11$bn7_OoJAqUTWqNq',$,$,$,(#259),#287);
#289=IFCPROPERTYSINGLEVALUE('Method',$,IFCLABEL('authored_ground_truth'),$);
#290=IFCPROPERTYSINGLEVALUE('ReviewStatus',$,IFCLABEL('confirmed'),$);
#291=IFCPROPERTYSINGLEVALUE('Confidence',$,IFCREAL(1.),$);
#292=IFCPROPERTYSINGLEVALUE('OverlayElementId',$,IFCLABEL('p1-H1'),$);
#293=IFCPROPERTYSINGLEVALUE('Tool',$,IFCLABEL('ori_takeoff 0.1.0'),$);
#294=IFCPROPERTYSINGLEVALUE('HeightSource',$,IFCLABEL('overlay'),$);
#295=IFCPROPERTYSINGLEVALUE('SourcePage',$,IFCINTEGER(1),$);
#296=IFCWALL('2GzwhDwVLE6eAHVuhWQmmT',$,'V2',$,$,#323,#318,$,.SOLIDWALL.);
#302=IFCCARTESIANPOINT((8483.6000000000004,152.39999999999998));
#303=IFCCARTESIANPOINT((8597.8999999999996,152.39999999999998));
#304=IFCCARTESIANPOINT((8597.8999999999996,3695.6999999999998));
#305=IFCCARTESIANPOINT((8483.6000000000004,3695.6999999999998));
#306=IFCCARTESIANPOINT((8483.6000000000004,152.39999999999998));
#307=IFCPOLYLINE((#302,#303,#304,#305,#306));
#308=IFCARBITRARYCLOSEDPROFILEDEF(.AREA.,$,#307);
#309=IFCCARTESIANPOINT((0.,0.,0.));
#310=IFCAXIS2PLACEMENT3D(#309,$,$);
#311=IFCDIRECTION((0.,0.,1.));
#312=IFCEXTRUDEDAREASOLID(#308,#310,#311,2667.);
#313=IFCSHAPEREPRESENTATION(#11,'Body','SweptSolid',(#312));
#314=IFCCARTESIANPOINT((8540.75,152.39999999999998));
#315=IFCCARTESIANPOINT((8540.75,3695.6999999999998));
#316=IFCPOLYLINE((#314,#315));
#317=IFCSHAPEREPRESENTATION(#12,'Axis','Curve2D',(#316));
#318=IFCPRODUCTDEFINITIONSHAPE($,$,(#313,#317));
#319=IFCCARTESIANPOINT((0.,0.,0.));
#320=IFCDIRECTION((0.,0.,1.));
#321=IFCDIRECTION((1.,0.,0.));
#322=IFCAXIS2PLACEMENT3D(#319,#320,#321);
#323=IFCLOCALPLACEMENT(#28,#322);
#324=IFCPROPERTYSET('0O4P6tYxrEmunujbnGji1u',$,'Pset_ORI_Takeoff',$,(#326,#327,#328,#329,#330,#331,#332));
#325=IFCRELDEFINESBYPROPERTIES('3iQHFKArD2e9JgaiTkjr0r',$,$,$,(#296),#324);
#326=IFCPROPERTYSINGLEVALUE('Method',$,IFCLABEL('authored_ground_truth'),$);
#327=IFCPROPERTYSINGLEVALUE('ReviewStatus',$,IFCLABEL('confirmed'),$);
#328=IFCPROPERTYSINGLEVALUE('Confidence',$,IFCREAL(1.),$);
#329=IFCPROPERTYSINGLEVALUE('OverlayElementId',$,IFCLABEL('p1-V2'),$);
#330=IFCPROPERTYSINGLEVALUE('Tool',$,IFCLABEL('ori_takeoff 0.1.0'),$);
#331=IFCPROPERTYSINGLEVALUE('HeightSource',$,IFCLABEL('overlay'),$);
#332=IFCPROPERTYSINGLEVALUE('SourcePage',$,IFCINTEGER(1),$);
#333=IFCOPENINGELEMENT('36aI3IjRbB3Qj7cR_8NqHo',$,'Opening p1-D101',$,$,#366,#351,$,$);
#339=IFCCARTESIANPOINT((5842.,0.));
#340=IFCCARTESIANPOINT((6756.3999999999996,0.));
#341=IFCCARTESIANPOINT((6756.3999999999996,152.39999999999998));
#342=IFCCARTESIANPOINT((5842.,152.39999999999998));
#343=IFCCARTESIANPOINT((5842.,0.));
#344=IFCPOLYLINE((#339,#340,#341,#342,#343));
#345=IFCARBITRARYCLOSEDPROFILEDEF(.AREA.,$,#344);
#346=IFCCARTESIANPOINT((0.,0.,0.));
#347=IFCAXIS2PLACEMENT3D(#346,$,$);
#348=IFCDIRECTION((0.,0.,1.));
#349=IFCEXTRUDEDAREASOLID(#345,#347,#348,2032.);
#350=IFCSHAPEREPRESENTATION(#11,'Body','SweptSolid',(#349));
#351=IFCPRODUCTDEFINITIONSHAPE($,$,(#350));
#352=IFCPROPERTYSET('3bkFxF6Lf0_BhMWlyoYAd2',$,'Pset_ORI_Takeoff',$,(#354,#355,#356,#357,#358,#359,#360));
#353=IFCRELDEFINESBYPROPERTIES('0SRVySA25D7BnU_0FFccSi',$,$,$,(#333),#352);
#354=IFCPROPERTYSINGLEVALUE('Method',$,IFCLABEL('authored_ground_truth'),$);
#355=IFCPROPERTYSINGLEVALUE('ReviewStatus',$,IFCLABEL('confirmed'),$);
#356=IFCPROPERTYSINGLEVALUE('Confidence',$,IFCREAL(1.),$);
#357=IFCPROPERTYSINGLEVALUE('OverlayElementId',$,IFCLABEL('p1-D101'),$);
#358=IFCPROPERTYSINGLEVALUE('Tool',$,IFCLABEL('ori_takeoff 0.1.0'),$);
#359=IFCPROPERTYSINGLEVALUE('HeightSource',$,IFCLABEL('placeholder_not_from_plan'),$);
#360=IFCPROPERTYSINGLEVALUE('SourcePage',$,IFCINTEGER(1),$);
#361=IFCRELVOIDSELEMENT('2Q$$iHzh95gAPp1PewoZX6',$,$,$,#36,#333);
#362=IFCCARTESIANPOINT((0.,0.,0.));
#363=IFCDIRECTION((0.,0.,1.));
#364=IFCDIRECTION((1.,0.,0.));
#365=IFCAXIS2PLACEMENT3D(#362,#363,#364);
#366=IFCLOCALPLACEMENT(#64,#365);
#367=IFCDOOR('3tE7UWk4P6Zw2KRLUXcysD',$,'D101',$,$,#390,#385,$,$,914.39999999999998,$,$,$);
#373=IFCCARTESIANPOINT((5842.,0.));
#374=IFCCARTESIANPOINT((6756.3999999999996,0.));
#375=IFCCARTESIANPOINT((6756.3999999999996,152.39999999999998));
#376=IFCCARTESIANPOINT((5842.,152.39999999999998));
#377=IFCCARTESIANPOINT((5842.,0.));
#378=IFCPOLYLINE((#373,#374,#375,#376,#377));
#379=IFCARBITRARYCLOSEDPROFILEDEF(.AREA.,$,#378);
#380=IFCCARTESIANPOINT((0.,0.,0.));
#381=IFCAXIS2PLACEMENT3D(#380,$,$);
#382=IFCDIRECTION((0.,0.,1.));
#383=IFCEXTRUDEDAREASOLID(#379,#381,#382,2032.);
#384=IFCSHAPEREPRESENTATION(#11,'Body','SweptSolid',(#383));
#385=IFCPRODUCTDEFINITIONSHAPE($,$,(#384));
#386=IFCCARTESIANPOINT((0.,0.,0.));
#387=IFCDIRECTION((0.,0.,1.));
#388=IFCDIRECTION((1.,0.,0.));
#389=IFCAXIS2PLACEMENT3D(#386,#387,#388);
#390=IFCLOCALPLACEMENT(#28,#389);
#391=IFCRELFILLSELEMENT('02_m_BQaP9OflcMHBscrTE',$,$,$,#333,#367);
#392=IFCPROPERTYSET('3mnH3Op3L3OBcG_U90CZoX',$,'Pset_ORI_Takeoff',$,(#394,#395,#396,#397,#398,#399,#400));
#393=IFCRELDEFINESBYPROPERTIES('3tC7pwOMHDEP24z0Vx_UKB',$,$,$,(#367),#392);
#394=IFCPROPERTYSINGLEVALUE('Method',$,IFCLABEL('authored_ground_truth'),$);
#395=IFCPROPERTYSINGLEVALUE('ReviewStatus',$,IFCLABEL('confirmed'),$);
#396=IFCPROPERTYSINGLEVALUE('Confidence',$,IFCREAL(1.),$);
#397=IFCPROPERTYSINGLEVALUE('OverlayElementId',$,IFCLABEL('p1-D101'),$);
#398=IFCPROPERTYSINGLEVALUE('Tool',$,IFCLABEL('ori_takeoff 0.1.0'),$);
#399=IFCPROPERTYSINGLEVALUE('HeightSource',$,IFCLABEL('placeholder_not_from_plan'),$);
#400=IFCPROPERTYSINGLEVALUE('SourcePage',$,IFCINTEGER(1),$);
#401=IFCPROPERTYSET('1w$dIiIur6UBrYNeDpFUnc',$,'Pset_ORI_DoorSwing',$,(#403));
#402=IFCRELDEFINESBYPROPERTIES('3xSI8Bi454seqMAdfTCRht',$,$,$,(#367),#401);
#403=IFCPROPERTYSINGLEVALUE('RadiusIn',$,IFCINTEGER(36),$);
#404=IFCOPENINGELEMENT('1x0J94xIrEhwupMwbMgPuM',$,'Opening p1-D102',$,$,#437,#422,$,$);
#410=IFCCARTESIANPOINT((5181.5999999999995,1016.));
#411=IFCCARTESIANPOINT((5295.8999999999996,1016.));
#412=IFCCARTESIANPOINT((5295.8999999999996,1828.8));
#413=IFCCARTESIANPOINT((5181.5999999999995,1828.8));
#414=IFCCARTESIANPOINT((5181.5999999999995,1016.));
#415=IFCPOLYLINE((#410,#411,#412,#413,#414));
#416=IFCARBITRARYCLOSEDPROFILEDEF(.AREA.,$,#415);
#417=IFCCARTESIANPOINT((0.,0.,0.));
#418=IFCAXIS2PLACEMENT3D(#417,$,$);
#419=IFCDIRECTION((0.,0.,1.));
#420=IFCEXTRUDEDAREASOLID(#416,#418,#419,2032.);
#421=IFCSHAPEREPRESENTATION(#11,'Body','SweptSolid',(#420));
#422=IFCPRODUCTDEFINITIONSHAPE($,$,(#421));
#423=IFCPROPERTYSET('01aU0gz7r6$BJOm8Grakxv',$,'Pset_ORI_Takeoff',$,(#425,#426,#427,#428,#429,#430,#431));
#424=IFCRELDEFINESBYPROPERTIES('1GpZs1y6rEfhGTVW1KrBi7',$,$,$,(#404),#423);
#425=IFCPROPERTYSINGLEVALUE('Method',$,IFCLABEL('authored_ground_truth'),$);
#426=IFCPROPERTYSINGLEVALUE('ReviewStatus',$,IFCLABEL('confirmed'),$);
#427=IFCPROPERTYSINGLEVALUE('Confidence',$,IFCREAL(1.),$);
#428=IFCPROPERTYSINGLEVALUE('OverlayElementId',$,IFCLABEL('p1-D102'),$);
#429=IFCPROPERTYSINGLEVALUE('Tool',$,IFCLABEL('ori_takeoff 0.1.0'),$);
#430=IFCPROPERTYSINGLEVALUE('HeightSource',$,IFCLABEL('placeholder_not_from_plan'),$);
#431=IFCPROPERTYSINGLEVALUE('SourcePage',$,IFCINTEGER(1),$);
#432=IFCRELVOIDSELEMENT('3kik6qV6X3gBMHqvHjbMqJ',$,$,$,#185,#404);
#433=IFCCARTESIANPOINT((0.,0.,0.));
#434=IFCDIRECTION((0.,0.,1.));
#435=IFCDIRECTION((1.,0.,0.));
#436=IFCAXIS2PLACEMENT3D(#433,#434,#435);
#437=IFCLOCALPLACEMENT(#212,#436);
#438=IFCDOOR('3oK8yD0fD9Lfy4gSHiJTlo',$,'D102',$,$,#461,#456,$,$,812.79999999999995,$,$,$);
#444=IFCCARTESIANPOINT((5181.5999999999995,1016.));
#445=IFCCARTESIANPOINT((5295.8999999999996,1016.));
#446=IFCCARTESIANPOINT((5295.8999999999996,1828.8));
#447=IFCCARTESIANPOINT((5181.5999999999995,1828.8));
#448=IFCCARTESIANPOINT((5181.5999999999995,1016.));
#449=IFCPOLYLINE((#444,#445,#446,#447,#448));
#450=IFCARBITRARYCLOSEDPROFILEDEF(.AREA.,$,#449);
#451=IFCCARTESIANPOINT((0.,0.,0.));
#452=IFCAXIS2PLACEMENT3D(#451,$,$);
#453=IFCDIRECTION((0.,0.,1.));
#454=IFCEXTRUDEDAREASOLID(#450,#452,#453,2032.);
#455=IFCSHAPEREPRESENTATION(#11,'Body','SweptSolid',(#454));
#456=IFCPRODUCTDEFINITIONSHAPE($,$,(#455));
#457=IFCCARTESIANPOINT((0.,0.,0.));
#458=IFCDIRECTION((0.,0.,1.));
#459=IFCDIRECTION((1.,0.,0.));
#460=IFCAXIS2PLACEMENT3D(#457,#458,#459);
#461=IFCLOCALPLACEMENT(#28,#460);
#462=IFCRELFILLSELEMENT('2CsGySqMb8IB9bAOmOq8v$',$,$,$,#404,#438);
#463=IFCPROPERTYSET('1GdMDAvHj06fclz2Zt8NFC',$,'Pset_ORI_Takeoff',$,(#465,#466,#467,#468,#469,#470,#471));
#464=IFCRELDEFINESBYPROPERTIES('0pbNd_mvT40uR_Nlya8gVN',$,$,$,(#438),#463);
#465=IFCPROPERTYSINGLEVALUE('Method',$,IFCLABEL('authored_ground_truth'),$);
#466=IFCPROPERTYSINGLEVALUE('ReviewStatus',$,IFCLABEL('confirmed'),$);
#467=IFCPROPERTYSINGLEVALUE('Confidence',$,IFCREAL(1.),$);
#468=IFCPROPERTYSINGLEVALUE('OverlayElementId',$,IFCLABEL('p1-D102'),$);
#469=IFCPROPERTYSINGLEVALUE('Tool',$,IFCLABEL('ori_takeoff 0.1.0'),$);
#470=IFCPROPERTYSINGLEVALUE('HeightSource',$,IFCLABEL('placeholder_not_from_plan'),$);
#471=IFCPROPERTYSINGLEVALUE('SourcePage',$,IFCINTEGER(1),$);
#472=IFCPROPERTYSET('35ARiJYkbFrxcmgj6yIF2t',$,'Pset_ORI_DoorSwing',$,(#474));
#473=IFCRELDEFINESBYPROPERTIES('1sBwxU_lHFE8fbkvMdHsPG',$,$,$,(#438),#472);
#474=IFCPROPERTYSINGLEVALUE('RadiusIn',$,IFCINTEGER(32),$);
#475=IFCOPENINGELEMENT('20WacRmLr08gTkg8EcVRSs',$,'Opening p1-D103',$,$,#508,#493,$,$);
#481=IFCCARTESIANPOINT((4064.,5181.5999999999995));
#482=IFCCARTESIANPOINT((4876.7999999999993,5181.5999999999995));
#483=IFCCARTESIANPOINT((4876.7999999999993,5295.8999999999996));
#484=IFCCARTESIANPOINT((4064.,5295.8999999999996));
#485=IFCCARTESIANPOINT((4064.,5181.5999999999995));
#486=IFCPOLYLINE((#481,#482,#483,#484,#485));
#487=IFCARBITRARYCLOSEDPROFILEDEF(.AREA.,$,#486);
#488=IFCCARTESIANPOINT((0.,0.,0.));
#489=IFCAXIS2PLACEMENT3D(#488,$,$);
#490=IFCDIRECTION((0.,0.,1.));
#491=IFCEXTRUDEDAREASOLID(#487,#489,#490,2032.);
#492=IFCSHAPEREPRESENTATION(#11,'Body','SweptSolid',(#491));
#493=IFCPRODUCTDEFINITIONSHAPE($,$,(#492));
#494=IFCPROPERTYSET('2BlUGSk$j0zB9Jz0gIWqx7',$,'Pset_ORI_Takeoff',$,(#496,#497,#498,#499,#500,#501,#502));
#495=IFCRELDEFINESBYPROPERTIES('25CiPVmRz1bQjK68BGBtGT',$,$,$,(#475),#494);
#496=IFCPROPERTYSINGLEVALUE('Method',$,IFCLABEL('authored_ground_truth'),$);
#497=IFCPROPERTYSINGLEVALUE('ReviewStatus',$,IFCLABEL('confirmed'),$);
#498=IFCPROPERTYSINGLEVALUE('Confidence',$,IFCREAL(1.),$);
#499=IFCPROPERTYSINGLEVALUE('OverlayElementId',$,IFCLABEL('p1-D103'),$);
#500=IFCPROPERTYSINGLEVALUE('Tool',$,IFCLABEL('ori_takeoff 0.1.0'),$);
#501=IFCPROPERTYSINGLEVALUE('HeightSource',$,IFCLABEL('placeholder_not_from_plan'),$);
#502=IFCPROPERTYSINGLEVALUE('SourcePage',$,IFCINTEGER(1),$);
#503=IFCRELVOIDSELEMENT('2cNlNMmUDDowJkL6$DgqB7',$,$,$,#222,#475);
#504=IFCCARTESIANPOINT((0.,0.,0.));
#505=IFCDIRECTION((0.,0.,1.));
#506=IFCDIRECTION((1.,0.,0.));
#507=IFCAXIS2PLACEMENT3D(#504,#505,#506);
#508=IFCLOCALPLACEMENT(#249,#507);
#509=IFCDOOR('3yFCCeK7X8MewUhitXu3nn',$,'D103',$,$,#532,#527,$,$,812.79999999999995,$,$,$);
#515=IFCCARTESIANPOINT((4064.,5181.5999999999995));
#516=IFCCARTESIANPOINT((4876.7999999999993,5181.5999999999995));
#517=IFCCARTESIANPOINT((4876.7999999999993,5295.8999999999996));
#518=IFCCARTESIANPOINT((4064.,5295.8999999999996));
#519=IFCCARTESIANPOINT((4064.,5181.5999999999995));
#520=IFCPOLYLINE((#515,#516,#517,#518,#519));
#521=IFCARBITRARYCLOSEDPROFILEDEF(.AREA.,$,#520);
#522=IFCCARTESIANPOINT((0.,0.,0.));
#523=IFCAXIS2PLACEMENT3D(#522,$,$);
#524=IFCDIRECTION((0.,0.,1.));
#525=IFCEXTRUDEDAREASOLID(#521,#523,#524,2032.);
#526=IFCSHAPEREPRESENTATION(#11,'Body','SweptSolid',(#525));
#527=IFCPRODUCTDEFINITIONSHAPE($,$,(#526));
#528=IFCCARTESIANPOINT((0.,0.,0.));
#529=IFCDIRECTION((0.,0.,1.));
#530=IFCDIRECTION((1.,0.,0.));
#531=IFCAXIS2PLACEMENT3D(#528,#529,#530);
#532=IFCLOCALPLACEMENT(#28,#531);
#533=IFCRELFILLSELEMENT('2YFR0Qq4r9cQsAs8tZsfkt',$,$,$,#475,#509);
#534=IFCPROPERTYSET('1MOac4Qvf8ngsof1Mmnhwq',$,'Pset_ORI_Takeoff',$,(#536,#537,#538,#539,#540,#541,#542));
#535=IFCRELDEFINESBYPROPERTIES('0F$0VBu6v2uAu2UCe0h0BL',$,$,$,(#509),#534);
#536=IFCPROPERTYSINGLEVALUE('Method',$,IFCLABEL('authored_ground_truth'),$);
#537=IFCPROPERTYSINGLEVALUE('ReviewStatus',$,IFCLABEL('confirmed'),$);
#538=IFCPROPERTYSINGLEVALUE('Confidence',$,IFCREAL(1.),$);
#539=IFCPROPERTYSINGLEVALUE('OverlayElementId',$,IFCLABEL('p1-D103'),$);
#540=IFCPROPERTYSINGLEVALUE('Tool',$,IFCLABEL('ori_takeoff 0.1.0'),$);
#541=IFCPROPERTYSINGLEVALUE('HeightSource',$,IFCLABEL('placeholder_not_from_plan'),$);
#542=IFCPROPERTYSINGLEVALUE('SourcePage',$,IFCINTEGER(1),$);
#543=IFCPROPERTYSET('03cVWp_yn6avMR9NcWTu$9',$,'Pset_ORI_DoorSwing',$,(#545));
#544=IFCRELDEFINESBYPROPERTIES('3H8teiPEb7$O0kXgNINyOK',$,$,$,(#509),#543);
#545=IFCPROPERTYSINGLEVALUE('RadiusIn',$,IFCINTEGER(32),$);
#546=IFCOPENINGELEMENT('1qO3JK3LL8pBJT2QL7idgA',$,'Opening p1-D104',$,$,#579,#564,$,$);
#552=IFCCARTESIANPOINT((5181.5999999999995,6604.));
#553=IFCCARTESIANPOINT((5295.8999999999996,6604.));
#554=IFCCARTESIANPOINT((5295.8999999999996,7416.7999999999993));
#555=IFCCARTESIANPOINT((5181.5999999999995,7416.7999999999993));
#556=IFCCARTESIANPOINT((5181.5999999999995,6604.));
#557=IFCPOLYLINE((#552,#553,#554,#555,#556));
#558=IFCARBITRARYCLOSEDPROFILEDEF(.AREA.,$,#557);
#559=IFCCARTESIANPOINT((0.,0.,0.));
#560=IFCAXIS2PLACEMENT3D(#559,$,$);
#561=IFCDIRECTION((0.,0.,1.));
#562=IFCEXTRUDEDAREASOLID(#558,#560,#561,2032.);
#563=IFCSHAPEREPRESENTATION(#11,'Body','SweptSolid',(#562));
#564=IFCPRODUCTDEFINITIONSHAPE($,$,(#563));
#565=IFCPROPERTYSET('1lpZPl7pn3lBtIvhGrEkWS',$,'Pset_ORI_Takeoff',$,(#567,#568,#569,#570,#571,#572,#573));
#566=IFCRELDEFINESBYPROPERTIES('1H0zD3aQD6Uhnil4fOzWMm',$,$,$,(#546),#565);
#567=IFCPROPERTYSINGLEVALUE('Method',$,IFCLABEL('authored_ground_truth'),$);
#568=IFCPROPERTYSINGLEVALUE('ReviewStatus',$,IFCLABEL('confirmed'),$);
#569=IFCPROPERTYSINGLEVALUE('Confidence',$,IFCREAL(1.),$);
#570=IFCPROPERTYSINGLEVALUE('OverlayElementId',$,IFCLABEL('p1-D104'),$);
#571=IFCPROPERTYSINGLEVALUE('Tool',$,IFCLABEL('ori_takeoff 0.1.0'),$);
#572=IFCPROPERTYSINGLEVALUE('HeightSource',$,IFCLABEL('placeholder_not_from_plan'),$);
#573=IFCPROPERTYSINGLEVALUE('SourcePage',$,IFCINTEGER(1),$);
#574=IFCRELVOIDSELEMENT('13C56Ldf9E_RnAs$TowzIA',$,$,$,#185,#546);
#575=IFCCARTESIANPOINT((0.,0.,0.));
#576=IFCDIRECTION((0.,0.,1.));
#577=IFCDIRECTION((1.,0.,0.));
#578=IFCAXIS2PLACEMENT3D(#575,#576,#577);
#579=IFCLOCALPLACEMENT(#212,#578);
#580=IFCDOOR('1aTEaaQ2P5kwzZzroMXRyJ',$,'D104',$,$,#603,#598,$,$,812.79999999999995,$,$,$);
#586=IFCCARTESIANPOINT((5181.5999999999995,6604.));
#587=IFCCARTESIANPOINT((5295.8999999999996,6604.));
#588=IFCCARTESIANPOINT((5295.8999999999996,7416.7999999999993));
#589=IFCCARTESIANPOINT((5181.5999999999995,7416.7999999999993));
#590=IFCCARTESIANPOINT((5181.5999999999995,6604.));
#591=IFCPOLYLINE((#586,#587,#588,#589,#590));
#592=IFCARBITRARYCLOSEDPROFILEDEF(.AREA.,$,#591);
#593=IFCCARTESIANPOINT((0.,0.,0.));
#594=IFCAXIS2PLACEMENT3D(#593,$,$);
#595=IFCDIRECTION((0.,0.,1.));
#596=IFCEXTRUDEDAREASOLID(#592,#594,#595,2032.);
#597=IFCSHAPEREPRESENTATION(#11,'Body','SweptSolid',(#596));
#598=IFCPRODUCTDEFINITIONSHAPE($,$,(#597));
#599=IFCCARTESIANPOINT((0.,0.,0.));
#600=IFCDIRECTION((0.,0.,1.));
#601=IFCDIRECTION((1.,0.,0.));
#602=IFCAXIS2PLACEMENT3D(#599,#600,#601);
#603=IFCLOCALPLACEMENT(#28,#602);
#604=IFCRELFILLSELEMENT('3TbJTIUyfBNPb5DcO3wKSy',$,$,$,#546,#580);
#605=IFCPROPERTYSET('2aSYr5jLD0xAxJi4AtpZsh',$,'Pset_ORI_Takeoff',$,(#607,#608,#609,#610,#611,#612,#613));
#606=IFCRELDEFINESBYPROPERTIES('2SQPh2FyP7Bx4jQO42cLW7',$,$,$,(#580),#605);
#607=IFCPROPERTYSINGLEVALUE('Method',$,IFCLABEL('authored_ground_truth'),$);
#608=IFCPROPERTYSINGLEVALUE('ReviewStatus',$,IFCLABEL('confirmed'),$);
#609=IFCPROPERTYSINGLEVALUE('Confidence',$,IFCREAL(1.),$);
#610=IFCPROPERTYSINGLEVALUE('OverlayElementId',$,IFCLABEL('p1-D104'),$);
#611=IFCPROPERTYSINGLEVALUE('Tool',$,IFCLABEL('ori_takeoff 0.1.0'),$);
#612=IFCPROPERTYSINGLEVALUE('HeightSource',$,IFCLABEL('placeholder_not_from_plan'),$);
#613=IFCPROPERTYSINGLEVALUE('SourcePage',$,IFCINTEGER(1),$);
#614=IFCPROPERTYSET('2AUfwKuRf7Hf5u7ITwzHwT',$,'Pset_ORI_DoorSwing',$,(#616));
#615=IFCRELDEFINESBYPROPERTIES('1gP1PYoI5AEvXQj2CUHoWP',$,$,$,(#580),#614);
#616=IFCPROPERTYSINGLEVALUE('RadiusIn',$,IFCINTEGER(32),$);
#617=IFCOPENINGELEMENT('31C3WmX8rDsAoLoloLiCOp',$,'Opening p1-D105',$,$,#650,#635,$,$);
#623=IFCCARTESIANPOINT((5588.,3695.6999999999998));
#624=IFCCARTESIANPOINT((6400.7999999999993,3695.6999999999998));
#625=IFCCARTESIANPOINT((6400.7999999999993,3810.));
#626=IFCCARTESIANPOINT((5588.,3810.));
#627=IFCCARTESIANPOINT((5588.,3695.6999999999998));
#628=IFCPOLYLINE((#623,#624,#625,#626,#627));
#629=IFCARBITRARYCLOSEDPROFILEDEF(.AREA.,$,#628);
#630=IFCCARTESIANPOINT((0.,0.,0.));
#631=IFCAXIS2PLACEMENT3D(#630,$,$);
#632=IFCDIRECTION((0.,0.,1.));
#633=IFCEXTRUDEDAREASOLID(#629,#631,#632,2032.);
#634=IFCSHAPEREPRESENTATION(#11,'Body','SweptSolid',(#633));
#635=IFCPRODUCTDEFINITIONSHAPE($,$,(#634));
#636=IFCPROPERTYSET('0XeuZhfTv1Q9Xe8VOZah0E',$,'Pset_ORI_Takeoff',$,(#638,#639,#640,#641,#642,#643,#644));
#637=IFCRELDEFINESBYPROPERTIES('2_fMyCa0X5_8C9vG932BI_',$,$,$,(#617),#636);
#638=IFCPROPERTYSINGLEVALUE('Method',$,IFCLABEL('authored_ground_truth'),$);
#639=IFCPROPERTYSINGLEVALUE('ReviewStatus',$,IFCLABEL('confirmed'),$);
#640=IFCPROPERTYSINGLEVALUE('Confidence',$,IFCREAL(1.),$);
#641=IFCPROPERTYSINGLEVALUE('OverlayElementId',$,IFCLABEL('p1-D105'),$);
#642=IFCPROPERTYSINGLEVALUE('Tool',$,IFCLABEL('ori_takeoff 0.1.0'),$);
#643=IFCPROPERTYSINGLEVALUE('HeightSource',$,IFCLABEL('placeholder_not_from_plan'),$);
#644=IFCPROPERTYSINGLEVALUE('SourcePage',$,IFCINTEGER(1),$);
#645=IFCRELVOIDSELEMENT('3P4_8n8Gb5lwEQaRU3QrlK',$,$,$,#259,#617);
#646=IFCCARTESIANPOINT((0.,0.,0.));
#647=IFCDIRECTION((0.,0.,1.));
#648=IFCDIRECTION((1.,0.,0.));
#649=IFCAXIS2PLACEMENT3D(#646,#647,#648);
#650=IFCLOCALPLACEMENT(#286,#649);
#651=IFCDOOR('3KuLR1nvP5xxDqtbLKhnac',$,'D105',$,$,#674,#669,$,$,812.79999999999995,$,$,$);
#657=IFCCARTESIANPOINT((5588.,3695.6999999999998));
#658=IFCCARTESIANPOINT((6400.7999999999993,3695.6999999999998));
#659=IFCCARTESIANPOINT((6400.7999999999993,3810.));
#660=IFCCARTESIANPOINT((5588.,3810.));
#661=IFCCARTESIANPOINT((5588.,3695.6999999999998));
#662=IFCPOLYLINE((#657,#658,#659,#660,#661));
#663=IFCARBITRARYCLOSEDPROFILEDEF(.AREA.,$,#662);
#664=IFCCARTESIANPOINT((0.,0.,0.));
#665=IFCAXIS2PLACEMENT3D(#664,$,$);
#666=IFCDIRECTION((0.,0.,1.));
#667=IFCEXTRUDEDAREASOLID(#663,#665,#666,2032.);
#668=IFCSHAPEREPRESENTATION(#11,'Body','SweptSolid',(#667));
#669=IFCPRODUCTDEFINITIONSHAPE($,$,(#668));
#670=IFCCARTESIANPOINT((0.,0.,0.));
#671=IFCDIRECTION((0.,0.,1.));
#672=IFCDIRECTION((1.,0.,0.));
#673=IFCAXIS2PLACEMENT3D(#670,#671,#672);
#674=IFCLOCALPLACEMENT(#28,#673);
#675=IFCRELFILLSELEMENT('2t0ZWeA9z9X9vSfW3bAZc7',$,$,$,#617,#651);
#676=IFCPROPERTYSET('3tNqHlKP5BmAyKpF5E45Jf',$,'Pset_ORI_Takeoff',$,(#678,#679,#680,#681,#682,#683,#684));
#677=IFCRELDEFINESBYPROPERTIES('3ZFhWcCF198hqYH6qKxWrI',$,$,$,(#651),#676);
#678=IFCPROPERTYSINGLEVALUE('Method',$,IFCLABEL('authored_ground_truth'),$);
#679=IFCPROPERTYSINGLEVALUE('ReviewStatus',$,IFCLABEL('confirmed'),$);
#680=IFCPROPERTYSINGLEVALUE('Confidence',$,IFCREAL(1.),$);
#681=IFCPROPERTYSINGLEVALUE('OverlayElementId',$,IFCLABEL('p1-D105'),$);
#682=IFCPROPERTYSINGLEVALUE('Tool',$,IFCLABEL('ori_takeoff 0.1.0'),$);
#683=IFCPROPERTYSINGLEVALUE('HeightSource',$,IFCLABEL('placeholder_not_from_plan'),$);
#684=IFCPROPERTYSINGLEVALUE('SourcePage',$,IFCINTEGER(1),$);
#685=IFCPROPERTYSET('32U9oBFWz3ggdxznSo$mjm',$,'Pset_ORI_DoorSwing',$,(#687));
#686=IFCRELDEFINESBYPROPERTIES('0OeJjLGur8Df4YxpkiICrp',$,$,$,(#651),#685);
#687=IFCPROPERTYSINGLEVALUE('RadiusIn',$,IFCINTEGER(32),$);
#688=IFCOPENINGELEMENT('14lnRcgRf2Ufv_gjsmGlBS',$,'Opening p1-D106',$,$,#721,#706,$,$);
#694=IFCCARTESIANPOINT((8737.6000000000004,3695.6999999999998));
#695=IFCCARTESIANPOINT((9448.7999999999993,3695.6999999999998));
#696=IFCCARTESIANPOINT((9448.7999999999993,3810.));
#697=IFCCARTESIANPOINT((8737.6000000000004,3810.));
#698=IFCCARTESIANPOINT((8737.6000000000004,3695.6999999999998));
#699=IFCPOLYLINE((#694,#695,#696,#697,#698));
#700=IFCARBITRARYCLOSEDPROFILEDEF(.AREA.,$,#699);
#701=IFCCARTESIANPOINT((0.,0.,0.));
#702=IFCAXIS2PLACEMENT3D(#701,$,$);
#703=IFCDIRECTION((0.,0.,1.));
#704=IFCEXTRUDEDAREASOLID(#700,#702,#703,2032.);
#705=IFCSHAPEREPRESENTATION(#11,'Body','SweptSolid',(#704));
#706=IFCPRODUCTDEFINITIONSHAPE($,$,(#705));
#707=IFCPROPERTYSET('2gPUfsnbD1BOkCCpGh4L_M',$,'Pset_ORI_Takeoff',$,(#709,#710,#711,#712,#713,#714,#715));
#708=IFCRELDEFINESBYPROPERTIES('1b7vDELaTFdAdLmzG2zrBW',$,$,$,(#688),#707);
#709=IFCPROPERTYSINGLEVALUE('Method',$,IFCLABEL('authored_ground_truth'),$);
#710=IFCPROPERTYSINGLEVALUE('ReviewStatus',$,IFCLABEL('confirmed'),$);
#711=IFCPROPERTYSINGLEVALUE('Confidence',$,IFCREAL(1.),$);
#712=IFCPROPERTYSINGLEVALUE('OverlayElementId',$,IFCLABEL('p1-D106'),$);
#713=IFCPROPERTYSINGLEVALUE('Tool',$,IFCLABEL('ori_takeoff 0.1.0'),$);
#714=IFCPROPERTYSINGLEVALUE('HeightSource',$,IFCLABEL('placeholder_not_from_plan'),$);
#715=IFCPROPERTYSINGLEVALUE('SourcePage',$,IFCINTEGER(1),$);
#716=IFCRELVOIDSELEMENT('223iUJFkj0dP2CmYi2A881',$,$,$,#259,#688);
#717=IFCCARTESIANPOINT((0.,0.,0.));
#718=IFCDIRECTION((0.,0.,1.));
#719=IFCDIRECTION((1.,0.,0.));
#720=IFCAXIS2PLACEMENT3D(#717,#718,#719);
#721=IFCLOCALPLACEMENT(#286,#720);
#722=IFCDOOR('2e4U0gatPCUfiY42olZ0$3',$,'D106',$,$,#745,#740,$,$,711.19999999999993,$,$,$);
#728=IFCCARTESIANPOINT((8737.6000000000004,3695.6999999999998));
#729=IFCCARTESIANPOINT((9448.7999999999993,3695.6999999999998));
#730=IFCCARTESIANPOINT((9448.7999999999993,3810.));
#731=IFCCARTESIANPOINT((8737.6000000000004,3810.));
#732=IFCCARTESIANPOINT((8737.6000000000004,3695.6999999999998));
#733=IFCPOLYLINE((#728,#729,#730,#731,#732));
#734=IFCARBITRARYCLOSEDPROFILEDEF(.AREA.,$,#733);
#735=IFCCARTESIANPOINT((0.,0.,0.));
#736=IFCAXIS2PLACEMENT3D(#735,$,$);
#737=IFCDIRECTION((0.,0.,1.));
#738=IFCEXTRUDEDAREASOLID(#734,#736,#737,2032.);
#739=IFCSHAPEREPRESENTATION(#11,'Body','SweptSolid',(#738));
#740=IFCPRODUCTDEFINITIONSHAPE($,$,(#739));
#741=IFCCARTESIANPOINT((0.,0.,0.));
#742=IFCDIRECTION((0.,0.,1.));
#743=IFCDIRECTION((1.,0.,0.));
#744=IFCAXIS2PLACEMENT3D(#741,#742,#743);
#745=IFCLOCALPLACEMENT(#28,#744);
#746=IFCRELFILLSELEMENT('3ZLnrkssj5ZwELYQi35fcW',$,$,$,#688,#722);
#747=IFCPROPERTYSET('1AofrdLSP5LO2ehV_IPzKv',$,'Pset_ORI_Takeoff',$,(#749,#750,#751,#752,#753,#754,#755));
#748=IFCRELDEFINESBYPROPERTIES('2lWX7Rk819vx1J3T9E3X7m',$,$,$,(#722),#747);
#749=IFCPROPERTYSINGLEVALUE('Method',$,IFCLABEL('authored_ground_truth'),$);
#750=IFCPROPERTYSINGLEVALUE('ReviewStatus',$,IFCLABEL('confirmed'),$);
#751=IFCPROPERTYSINGLEVALUE('Confidence',$,IFCREAL(1.),$);
#752=IFCPROPERTYSINGLEVALUE('OverlayElementId',$,IFCLABEL('p1-D106'),$);
#753=IFCPROPERTYSINGLEVALUE('Tool',$,IFCLABEL('ori_takeoff 0.1.0'),$);
#754=IFCPROPERTYSINGLEVALUE('HeightSource',$,IFCLABEL('placeholder_not_from_plan'),$);
#755=IFCPROPERTYSINGLEVALUE('SourcePage',$,IFCINTEGER(1),$);
#756=IFCPROPERTYSET('3Vj5hwBwr8XxEi8FcTAIqM',$,'Pset_ORI_DoorSwing',$,(#758));
#757=IFCRELDEFINESBYPROPERTIES('03Ofkail52K8Vj5nY3UkCY',$,$,$,(#722),#756);
#758=IFCPROPERTYSINGLEVALUE('RadiusIn',$,IFCINTEGER(28),$);
#759=IFCOPENINGELEMENT('1KKZKNIinBBuJO2MayZd8Z',$,'Opening p1-D107',$,$,#792,#777,$,$);
#765=IFCCARTESIANPOINT((7620.,8382.));
#766=IFCCARTESIANPOINT((8534.3999999999996,8382.));
#767=IFCCARTESIANPOINT((8534.3999999999996,8534.3999999999996));
#768=IFCCARTESIANPOINT((7620.,8534.3999999999996));
#769=IFCCARTESIANPOINT((7620.,8382.));
#770=IFCPOLYLINE((#765,#766,#767,#768,#769));
#771=IFCARBITRARYCLOSEDPROFILEDEF(.AREA.,$,#770);
#772=IFCCARTESIANPOINT((0.,0.,0.));
#773=IFCAXIS2PLACEMENT3D(#772,$,$);
#774=IFCDIRECTION((0.,0.,1.));
#775=IFCEXTRUDEDAREASOLID(#771,#773,#774,2032.);
#776=IFCSHAPEREPRESENTATION(#11,'Body','SweptSolid',(#775));
#777=IFCPRODUCTDEFINITIONSHAPE($,$,(#776));
#778=IFCPROPERTYSET('3Z3WNKQnrFJ92VrsONIjAd',$,'Pset_ORI_Takeoff',$,(#780,#781,#782,#783,#784,#785,#786));
#779=IFCRELDEFINESBYPROPERTIES('0RW4MtyMXAmwkvaoeHQ1nQ',$,$,$,(#759),#778);
#780=IFCPROPERTYSINGLEVALUE('Method',$,IFCLABEL('authored_ground_truth'),$);
#781=IFCPROPERTYSINGLEVALUE('ReviewStatus',$,IFCLABEL('confirmed'),$);
#782=IFCPROPERTYSINGLEVALUE('Confidence',$,IFCREAL(1.),$);
#783=IFCPROPERTYSINGLEVALUE('OverlayElementId',$,IFCLABEL('p1-D107'),$);
#784=IFCPROPERTYSINGLEVALUE('Tool',$,IFCLABEL('ori_takeoff 0.1.0'),$);
#785=IFCPROPERTYSINGLEVALUE('HeightSource',$,IFCLABEL('placeholder_not_from_plan'),$);
#786=IFCPROPERTYSINGLEVALUE('SourcePage',$,IFCINTEGER(1),$);
#787=IFCRELVOIDSELEMENT('3MTrvYYZ94bfergSMPHY$a',$,$,$,#74,#759);
#788=IFCCARTESIANPOINT((0.,0.,0.));
#789=IFCDIRECTION((0.,0.,1.));
#790=IFCDIRECTION((1.,0.,0.));
#791=IFCAXIS2PLACEMENT3D(#788,#789,#790);
#792=IFCLOCALPLACEMENT(#101,#791);
#793=IFCDOOR('3RFz5C4wTF8xHW7KbiSRA6',$,'D107',$,$,#816,#811,$,$,914.39999999999998,$,$,$);
#799=IFCCARTESIANPOINT((7620.,8382.));
#800=IFCCARTESIANPOINT((8534.3999999999996,8382.));
#801=IFCCARTESIANPOINT((8534.3999999999996,8534.3999999999996));
#802=IFCCARTESIANPOINT((7620.,8534.3999999999996));
#803=IFCCARTESIANPOINT((7620.,8382.));
#804=IFCPOLYLINE((#799,#800,#801,#802,#803));
#805=IFCARBITRARYCLOSEDPROFILEDEF(.AREA.,$,#804);
#806=IFCCARTESIANPOINT((0.,0.,0.));
#807=IFCAXIS2PLACEMENT3D(#806,$,$);
#808=IFCDIRECTION((0.,0.,1.));
#809=IFCEXTRUDEDAREASOLID(#805,#807,#808,2032.);
#810=IFCSHAPEREPRESENTATION(#11,'Body','SweptSolid',(#809));
#811=IFCPRODUCTDEFINITIONSHAPE($,$,(#810));
#812=IFCCARTESIANPOINT((0.,0.,0.));
#813=IFCDIRECTION((0.,0.,1.));
#814=IFCDIRECTION((1.,0.,0.));
#815=IFCAXIS2PLACEMENT3D(#812,#813,#814);
#816=IFCLOCALPLACEMENT(#28,#815);
#817=IFCRELFILLSELEMENT('21SXLPhLTDoOlVRLH7KxTv',$,$,$,#759,#793);
#818=IFCPROPERTYSET('2I5CoT4fv1cxbjULRo2ymq',$,'Pset_ORI_Takeoff',$,(#820,#821,#822,#823,#824,#825,#826));
#819=IFCRELDEFINESBYPROPERTIES('0GvsQEQzH6G8gTwPv2keDi',$,$,$,(#793),#818);
#820=IFCPROPERTYSINGLEVALUE('Method',$,IFCLABEL('authored_ground_truth'),$);
#821=IFCPROPERTYSINGLEVALUE('ReviewStatus',$,IFCLABEL('confirmed'),$);
#822=IFCPROPERTYSINGLEVALUE('Confidence',$,IFCREAL(1.),$);
#823=IFCPROPERTYSINGLEVALUE('OverlayElementId',$,IFCLABEL('p1-D107'),$);
#824=IFCPROPERTYSINGLEVALUE('Tool',$,IFCLABEL('ori_takeoff 0.1.0'),$);
#825=IFCPROPERTYSINGLEVALUE('HeightSource',$,IFCLABEL('placeholder_not_from_plan'),$);
#826=IFCPROPERTYSINGLEVALUE('SourcePage',$,IFCINTEGER(1),$);
#827=IFCPROPERTYSET('1rz5cOR7X8bAFEPaoYvO6f',$,'Pset_ORI_DoorSwing',$,(#829));
#828=IFCRELDEFINESBYPROPERTIES('1101450Yr3LwDZHOyNuEr8',$,$,$,(#793),#827);
#829=IFCPROPERTYSINGLEVALUE('RadiusIn',$,IFCINTEGER(36),$);
#830=IFCOPENINGELEMENT('3ANslNIO1009A5$SbcknDy',$,'Opening p1-W101',$,$,#863,#848,$,$);
#836=IFCCARTESIANPOINT((1524.,0.));
#837=IFCCARTESIANPOINT((3048.,0.));
#838=IFCCARTESIANPOINT((3048.,152.39999999999998));
#839=IFCCARTESIANPOINT((1524.,152.39999999999998));
#840=IFCCARTESIANPOINT((1524.,0.));
#841=IFCPOLYLINE((#836,#837,#838,#839,#840));
#842=IFCARBITRARYCLOSEDPROFILEDEF(.AREA.,$,#841);
#843=IFCCARTESIANPOINT((0.,0.,914.39999999999998));
#844=IFCAXIS2PLACEMENT3D(#843,$,$);
#845=IFCDIRECTION((0.,0.,1.));
#846=IFCEXTRUDEDAREASOLID(#842,#844,#845,1219.1999999999998);
#847=IFCSHAPEREPRESENTATION(#11,'Body','SweptSolid',(#846));
#848=IFCPRODUCTDEFINITIONSHAPE($,$,(#847));
#849=IFCPROPERTYSET('2fh1Dx$mfEs8hHI$vwrhfK',$,'Pset_ORI_Takeoff',$,(#851,#852,#853,#854,#855,#856,#857));
#850=IFCRELDEFINESBYPROPERTIES('15tZumPuz6l9f8h97i7eWp',$,$,$,(#830),#849);
#851=IFCPROPERTYSINGLEVALUE('Method',$,IFCLABEL('authored_ground_truth'),$);
#852=IFCPROPERTYSINGLEVALUE('ReviewStatus',$,IFCLABEL('confirmed'),$);
#853=IFCPROPERTYSINGLEVALUE('Confidence',$,IFCREAL(1.),$);
#854=IFCPROPERTYSINGLEVALUE('OverlayElementId',$,IFCLABEL('p1-W101'),$);
#855=IFCPROPERTYSINGLEVALUE('Tool',$,IFCLABEL('ori_takeoff 0.1.0'),$);
#856=IFCPROPERTYSINGLEVALUE('HeightSource',$,IFCLABEL('placeholder_not_from_plan'),$);
#857=IFCPROPERTYSINGLEVALUE('SourcePage',$,IFCINTEGER(1),$);
#858=IFCRELVOIDSELEMENT('2e_S7T_CT3CA_SeZo32kBD',$,$,$,#36,#830);
#859=IFCCARTESIANPOINT((0.,0.,0.));
#860=IFCDIRECTION((0.,0.,1.));
#861=IFCDIRECTION((1.,0.,0.));
#862=IFCAXIS2PLACEMENT3D(#859,#860,#861);
#863=IFCLOCALPLACEMENT(#64,#862);
#864=IFCWINDOW('0JKuqvkKH7L9rTN15oTDkX',$,'W101',$,$,#887,#882,$,$,1524.,$,$,$);
#870=IFCCARTESIANPOINT((1524.,0.));
#871=IFCCARTESIANPOINT((3048.,0.));
#872=IFCCARTESIANPOINT((3048.,152.39999999999998));
#873=IFCCARTESIANPOINT((1524.,152.39999999999998));
#874=IFCCARTESIANPOINT((1524.,0.));
#875=IFCPOLYLINE((#870,#871,#872,#873,#874));
#876=IFCARBITRARYCLOSEDPROFILEDEF(.AREA.,$,#875);
#877=IFCCARTESIANPOINT((0.,0.,914.39999999999998));
#878=IFCAXIS2PLACEMENT3D(#877,$,$);
#879=IFCDIRECTION((0.,0.,1.));
#880=IFCEXTRUDEDAREASOLID(#876,#878,#879,1219.1999999999998);
#881=IFCSHAPEREPRESENTATION(#11,'Body','SweptSolid',(#880));
#882=IFCPRODUCTDEFINITIONSHAPE($,$,(#881));
#883=IFCCARTESIANPOINT((0.,0.,0.));
#884=IFCDIRECTION((0.,0.,1.));
#885=IFCDIRECTION((1.,0.,0.));
#886=IFCAXIS2PLACEMENT3D(#883,#884,#885);
#887=IFCLOCALPLACEMENT(#28,#886);
#888=IFCRELFILLSELEMENT('2_aPq00Gf4qwsMZIJRw_Lo',$,$,$,#830,#864);
#889=IFCPROPERTYSET('2FJB8CI_52N8g$ZeJrns2_',$,'Pset_ORI_Takeoff',$,(#891,#892,#893,#894,#895,#896,#897));
#890=IFCRELDEFINESBYPROPERTIES('1MCyjdDPD4WeSfIrPuN46p',$,$,$,(#864),#889);
#891=IFCPROPERTYSINGLEVALUE('Method',$,IFCLABEL('authored_ground_truth'),$);
#892=IFCPROPERTYSINGLEVALUE('ReviewStatus',$,IFCLABEL('confirmed'),$);
#893=IFCPROPERTYSINGLEVALUE('Confidence',$,IFCREAL(1.),$);
#894=IFCPROPERTYSINGLEVALUE('OverlayElementId',$,IFCLABEL('p1-W101'),$);
#895=IFCPROPERTYSINGLEVALUE('Tool',$,IFCLABEL('ori_takeoff 0.1.0'),$);
#896=IFCPROPERTYSINGLEVALUE('HeightSource',$,IFCLABEL('placeholder_not_from_plan'),$);
#897=IFCPROPERTYSINGLEVALUE('SourcePage',$,IFCINTEGER(1),$);
#898=IFCOPENINGELEMENT('2wk22B0bb0qebNEu88XXRv',$,'Opening p1-W102',$,$,#931,#916,$,$);
#904=IFCCARTESIANPOINT((0.,2032.));
#905=IFCCARTESIANPOINT((152.39999999999998,2032.));
#906=IFCCARTESIANPOINT((152.39999999999998,3251.1999999999998));
#907=IFCCARTESIANPOINT((0.,3251.1999999999998));
#908=IFCCARTESIANPOINT((0.,2032.));
#909=IFCPOLYLINE((#904,#905,#906,#907,#908));
#910=IFCARBITRARYCLOSEDPROFILEDEF(.AREA.,$,#909);
#911=IFCCARTESIANPOINT((0.,0.,914.39999999999998));
#912=IFCAXIS2PLACEMENT3D(#911,$,$);
#913=IFCDIRECTION((0.,0.,1.));
#914=IFCEXTRUDEDAREASOLID(#910,#912,#913,1219.1999999999998);
#915=IFCSHAPEREPRESENTATION(#11,'Body','SweptSolid',(#914));
#916=IFCPRODUCTDEFINITIONSHAPE($,$,(#915));
#917=IFCPROPERTYSET('0DAY9M$A5BTAQ9SBYqQ8AQ',$,'Pset_ORI_Takeoff',$,(#919,#920,#921,#922,#923,#924,#925));
#918=IFCRELDEFINESBYPROPERTIES('2bj47Q5BH6IReRcYrsP1pz',$,$,$,(#898),#917);
#919=IFCPROPERTYSINGLEVALUE('Method',$,IFCLABEL('authored_ground_truth'),$);
#920=IFCPROPERTYSINGLEVALUE('ReviewStatus',$,IFCLABEL('confirmed'),$);
#921=IFCPROPERTYSINGLEVALUE('Confidence',$,IFCREAL(1.),$);
#922=IFCPROPERTYSINGLEVALUE('OverlayElementId',$,IFCLABEL('p1-W102'),$);
#923=IFCPROPERTYSINGLEVALUE('Tool',$,IFCLABEL('ori_takeoff 0.1.0'),$);
#924=IFCPROPERTYSINGLEVALUE('HeightSource',$,IFCLABEL('placeholder_not_from_plan'),$);
#925=IFCPROPERTYSINGLEVALUE('SourcePage',$,IFCINTEGER(1),$);
#926=IFCRELVOIDSELEMENT('1gWyF9ahbAU8vGEh7tWd81',$,$,$,#111,#898);
#927=IFCCARTESIANPOINT((0.,0.,0.));
#928=IFCDIRECTION((0.,0.,1.));
#929=IFCDIRECTION((1.,0.,0.));
#930=IFCAXIS2PLACEMENT3D(#927,#928,#929);
#931=IFCLOCALPLACEMENT(#138,#930);
#932=IFCWINDOW('0Hs0ntOrb3FugEU60nZ5g7',$,'W102',$,$,#955,#950,$,$,1219.1999999999998,$,$,$);
#938=IFCCARTESIANPOINT((0.,2032.));
#939=IFCCARTESIANPOINT((152.39999999999998,2032.));
#940=IFCCARTESIANPOINT((152.39999999999998,3251.1999999999998));
#941=IFCCARTESIANPOINT((0.,3251.1999999999998));
#942=IFCCARTESIANPOINT((0.,2032.));
#943=IFCPOLYLINE((#938,#939,#940,#941,#942));
#944=IFCARBITRARYCLOSEDPROFILEDEF(.AREA.,$,#943);
#945=IFCCARTESIANPOINT((0.,0.,914.39999999999998));
#946=IFCAXIS2PLACEMENT3D(#945,$,$);
#947=IFCDIRECTION((0.,0.,1.));
#948=IFCEXTRUDEDAREASOLID(#944,#946,#947,1219.1999999999998);
#949=IFCSHAPEREPRESENTATION(#11,'Body','SweptSolid',(#948));
#950=IFCPRODUCTDEFINITIONSHAPE($,$,(#949));
#951=IFCCARTESIANPOINT((0.,0.,0.));
#952=IFCDIRECTION((0.,0.,1.));
#953=IFCDIRECTION((1.,0.,0.));
#954=IFCAXIS2PLACEMENT3D(#951,#952,#953);
#955=IFCLOCALPLACEMENT(#28,#954);
#956=IFCRELFILLSELEMENT('37VESaPLH76euaflSspW0A',$,$,$,#898,#932);
#957=IFCPROPERTYSET('3u$iyfPcjCvuGr5JzlinbP',$,'Pset_ORI_Takeoff',$,(#959,#960,#961,#962,#963,#964,#965));
#958=IFCRELDEFINESBYPROPERTIES('2jePAy6VT9wugGgISrssaH',$,$,$,(#932),#957);
#959=IFCPROPERTYSINGLEVALUE('Method',$,IFCLABEL('authored_ground_truth'),$);
#960=IFCPROPERTYSINGLEVALUE('ReviewStatus',$,IFCLABEL('confirmed'),$);
#961=IFCPROPERTYSINGLEVALUE('Confidence',$,IFCREAL(1.),$);
#962=IFCPROPERTYSINGLEVALUE('OverlayElementId',$,IFCLABEL('p1-W102'),$);
#963=IFCPROPERTYSINGLEVALUE('Tool',$,IFCLABEL('ori_takeoff 0.1.0'),$);
#964=IFCPROPERTYSINGLEVALUE('HeightSource',$,IFCLABEL('placeholder_not_from_plan'),$);
#965=IFCPROPERTYSINGLEVALUE('SourcePage',$,IFCINTEGER(1),$);
#966=IFCOPENINGELEMENT('14ND4hewf2bhcVRIOF9Put',$,'Opening p1-W103',$,$,#999,#984,$,$);
#972=IFCCARTESIANPOINT((0.,6096.));
#973=IFCCARTESIANPOINT((152.39999999999998,6096.));
#974=IFCCARTESIANPOINT((152.39999999999998,7315.1999999999998));
#975=IFCCARTESIANPOINT((0.,7315.1999999999998));
#976=IFCCARTESIANPOINT((0.,6096.));
#977=IFCPOLYLINE((#972,#973,#974,#975,#976));
#978=IFCARBITRARYCLOSEDPROFILEDEF(.AREA.,$,#977);
#979=IFCCARTESIANPOINT((0.,0.,914.39999999999998));
#980=IFCAXIS2PLACEMENT3D(#979,$,$);
#981=IFCDIRECTION((0.,0.,1.));
#982=IFCEXTRUDEDAREASOLID(#978,#980,#981,1219.1999999999998);
#983=IFCSHAPEREPRESENTATION(#11,'Body','SweptSolid',(#982));
#984=IFCPRODUCTDEFINITIONSHAPE($,$,(#983));
#985=IFCPROPERTYSET('1q8lRShRb1geSK27$Gy8pN',$,'Pset_ORI_Takeoff',$,(#987,#988,#989,#990,#991,#992,#993));
#986=IFCRELDEFINESBYPROPERTIES('3gO2qy9YzFQQAmFJRRop$J',$,$,$,(#966),#985);
#987=IFCPROPERTYSINGLEVALUE('Method',$,IFCLABEL('authored_ground_truth'),$);
#988=IFCPROPERTYSINGLEVALUE('ReviewStatus',$,IFCLABEL('confirmed'),$);
#989=IFCPROPERTYSINGLEVALUE('Confidence',$,IFCREAL(1.),$);
#990=IFCPROPERTYSINGLEVALUE('OverlayElementId',$,IFCLABEL('p1-W103'),$);
#991=IFCPROPERTYSINGLEVALUE('Tool',$,IFCLABEL('ori_takeoff 0.1.0'),$);
#992=IFCPROPERTYSINGLEVALUE('HeightSource',$,IFCLABEL('placeholder_not_from_plan'),$);
#993=IFCPROPERTYSINGLEVALUE('SourcePage',$,IFCINTEGER(1),$);
#994=IFCRELVOIDSELEMENT('31H8gXGQr0ogk79ZjBGAWn',$,$,$,#111,#966);
#995=IFCCARTESIANPOINT((0.,0.,0.));
#996=IFCDIRECTION((0.,0.,1.));
#997=IFCDIRECTION((1.,0.,0.));
#998=IFCAXIS2PLACEMENT3D(#995,#996,#997);
#999=IFCLOCALPLACEMENT(#138,#998);
#1000=IFCWINDOW('3aJb$deLv8V8JCIhvolyLA',$,'W103',$,$,#1023,#1018,$,$,1219.1999999999998,$,$,$);
#1006=IFCCARTESIANPOINT((0.,6096.));
#1007=IFCCARTESIANPOINT((152.39999999999998,6096.));
#1008=IFCCARTESIANPOINT((152.39999999999998,7315.1999999999998));
#1009=IFCCARTESIANPOINT((0.,7315.1999999999998));
#1010=IFCCARTESIANPOINT((0.,6096.));
#1011=IFCPOLYLINE((#1006,#1007,#1008,#1009,#1010));
#1012=IFCARBITRARYCLOSEDPROFILEDEF(.AREA.,$,#1011);
#1013=IFCCARTESIANPOINT((0.,0.,914.39999999999998));
#1014=IFCAXIS2PLACEMENT3D(#1013,$,$);
#1015=IFCDIRECTION((0.,0.,1.));
#1016=IFCEXTRUDEDAREASOLID(#1012,#1014,#1015,1219.1999999999998);
#1017=IFCSHAPEREPRESENTATION(#11,'Body','SweptSolid',(#1016));
#1018=IFCPRODUCTDEFINITIONSHAPE($,$,(#1017));
#1019=IFCCARTESIANPOINT((0.,0.,0.));
#1020=IFCDIRECTION((0.,0.,1.));
#1021=IFCDIRECTION((1.,0.,0.));
#1022=IFCAXIS2PLACEMENT3D(#1019,#1020,#1021);
#1023=IFCLOCALPLACEMENT(#28,#1022);
#1024=IFCRELFILLSELEMENT('0jynSkIJj9uOH$Wja$RsVK',$,$,$,#966,#1000);
#1025=IFCPROPERTYSET('2hODt9NeP9qgzq19j9Hg0g',$,'Pset_ORI_Takeoff',$,(#1027,#1028,#1029,#1030,#1031,#1032,#1033));
#1026=IFCRELDEFINESBYPROPERTIES('2ehgYezsXE1A$Q$CMURLQe',$,$,$,(#1000),#1025);
#1027=IFCPROPERTYSINGLEVALUE('Method',$,IFCLABEL('authored_ground_truth'),$);
#1028=IFCPROPERTYSINGLEVALUE('ReviewStatus',$,IFCLABEL('confirmed'),$);
#1029=IFCPROPERTYSINGLEVALUE('Confidence',$,IFCREAL(1.),$);
#1030=IFCPROPERTYSINGLEVALUE('OverlayElementId',$,IFCLABEL('p1-W103'),$);
#1031=IFCPROPERTYSINGLEVALUE('Tool',$,IFCLABEL('ori_takeoff 0.1.0'),$);
#1032=IFCPROPERTYSINGLEVALUE('HeightSource',$,IFCLABEL('placeholder_not_from_plan'),$);
#1033=IFCPROPERTYSINGLEVALUE('SourcePage',$,IFCINTEGER(1),$);
#1034=IFCOPENINGELEMENT('3PRGEp6zXFMA9DnRN6ClKi',$,'Opening p1-W104',$,$,#1067,#1052,$,$);
#1040=IFCCARTESIANPOINT((1778.,8382.));
#1041=IFCCARTESIANPOINT((3302.,8382.));
#1042=IFCCARTESIANPOINT((3302.,8534.3999999999996));
#1043=IFCCARTESIANPOINT((1778.,8534.3999999999996));
#1044=IFCCARTESIANPOINT((1778.,8382.));
#1045=IFCPOLYLINE((#1040,#1041,#1042,#1043,#1044));
#1046=IFCARBITRARYCLOSEDPROFILEDEF(.AREA.,$,#1045);
#1047=IFCCARTESIANPOINT((0.,0.,914.39999999999998));
#1048=IFCAXIS2PLACEMENT3D(#1047,$,$);
#1049=IFCDIRECTION((0.,0.,1.));
#1050=IFCEXTRUDEDAREASOLID(#1046,#1048,#1049,1219.1999999999998);
#1051=IFCSHAPEREPRESENTATION(#11,'Body','SweptSolid',(#1050));
#1052=IFCPRODUCTDEFINITIONSHAPE($,$,(#1051));
#1053=IFCPROPERTYSET('0vgPrOm5n6pRxXuEBNqnBP',$,'Pset_ORI_Takeoff',$,(#1055,#1056,#1057,#1058,#1059,#1060,#1061));
#1054=IFCRELDEFINESBYPROPERTIES('0NnATNDzf3gRTrQF6HHJ4b',$,$,$,(#1034),#1053);
#1055=IFCPROPERTYSINGLEVALUE('Method',$,IFCLABEL('authored_ground_truth'),$);
#1056=IFCPROPERTYSINGLEVALUE('ReviewStatus',$,IFCLABEL('confirmed'),$);
#1057=IFCPROPERTYSINGLEVALUE('Confidence',$,IFCREAL(1.),$);
#1058=IFCPROPERTYSINGLEVALUE('OverlayElementId',$,IFCLABEL('p1-W104'),$);
#1059=IFCPROPERTYSINGLEVALUE('Tool',$,IFCLABEL('ori_takeoff 0.1.0'),$);
#1060=IFCPROPERTYSINGLEVALUE('HeightSource',$,IFCLABEL('placeholder_not_from_plan'),$);
#1061=IFCPROPERTYSINGLEVALUE('SourcePage',$,IFCINTEGER(1),$);
#1062=IFCRELVOIDSELEMENT('2vD9YcY3591Bk8nzML$lDD',$,$,$,#74,#1034);
#1063=IFCCARTESIANPOINT((0.,0.,0.));
#1064=IFCDIRECTION((0.,0.,1.));
#1065=IFCDIRECTION((1.,0.,0.));
#1066=IFCAXIS2PLACEMENT3D(#1063,#1064,#1065);
#1067=IFCLOCALPLACEMENT(#101,#1066);
#1068=IFCWINDOW('2HSn05m813vAeL$uxQ$MiO',$,'W104',$,$,#1091,#1086,$,$,1524.,$,$,$);
#1074=IFCCARTESIANPOINT((1778.,8382.));
#1075=IFCCARTESIANPOINT((3302.,8382.));
#1076=IFCCARTESIANPOINT((3302.,8534.3999999999996));
#1077=IFCCARTESIANPOINT((1778.,8534.3999999999996));
#1078=IFCCARTESIANPOINT((1778.,8382.));
#1079=IFCPOLYLINE((#1074,#1075,#1076,#1077,#1078));
#1080=IFCARBITRARYCLOSEDPROFILEDEF(.AREA.,$,#1079);
#1081=IFCCARTESIANPOINT((0.,0.,914.39999999999998));
#1082=IFCAXIS2PLACEMENT3D(#1081,$,$);
#1083=IFCDIRECTION((0.,0.,1.));
#1084=IFCEXTRUDEDAREASOLID(#1080,#1082,#1083,1219.1999999999998);
#1085=IFCSHAPEREPRESENTATION(#11,'Body','SweptSolid',(#1084));
#1086=IFCPRODUCTDEFINITIONSHAPE($,$,(#1085));
#1087=IFCCARTESIANPOINT((0.,0.,0.));
#1088=IFCDIRECTION((0.,0.,1.));
#1089=IFCDIRECTION((1.,0.,0.));
#1090=IFCAXIS2PLACEMENT3D(#1087,#1088,#1089);
#1091=IFCLOCALPLACEMENT(#28,#1090);
#1092=IFCRELFILLSELEMENT('06e3nZIRP5_eHKXNIEH6_f',$,$,$,#1034,#1068);
#1093=IFCPROPERTYSET('2klvRvHen2U8Hfva7AWsSu',$,'Pset_ORI_Takeoff',$,(#1095,#1096,#1097,#1098,#1099,#1100,#1101));
#1094=IFCRELDEFINESBYPROPERTIES('1fYDx$RSv1QxewGuqrAcSW',$,$,$,(#1068),#1093);
#1095=IFCPROPERTYSINGLEVALUE('Method',$,IFCLABEL('authored_ground_truth'),$);
#1096=IFCPROPERTYSINGLEVALUE('ReviewStatus',$,IFCLABEL('confirmed'),$);
#1097=IFCPROPERTYSINGLEVALUE('Confidence',$,IFCREAL(1.),$);
#1098=IFCPROPERTYSINGLEVALUE('OverlayElementId',$,IFCLABEL('p1-W104'),$);
#1099=IFCPROPERTYSINGLEVALUE('Tool',$,IFCLABEL('ori_takeoff 0.1.0'),$);
#1100=IFCPROPERTYSINGLEVALUE('HeightSource',$,IFCLABEL('placeholder_not_from_plan'),$);
#1101=IFCPROPERTYSINGLEVALUE('SourcePage',$,IFCINTEGER(1),$);
#1102=IFCOPENINGELEMENT('2ruVESTEH7JxpYZysTrJDB',$,'Opening p1-W105',$,$,#1135,#1120,$,$);
#1108=IFCCARTESIANPOINT((5588.,8382.));
#1109=IFCCARTESIANPOINT((6807.1999999999998,8382.));
#1110=IFCCARTESIANPOINT((6807.1999999999998,8534.3999999999996));
#1111=IFCCARTESIANPOINT((5588.,8534.3999999999996));
#1112=IFCCARTESIANPOINT((5588.,8382.));
#1113=IFCPOLYLINE((#1108,#1109,#1110,#1111,#1112));
#1114=IFCARBITRARYCLOSEDPROFILEDEF(.AREA.,$,#1113);
#1115=IFCCARTESIANPOINT((0.,0.,914.39999999999998));
#1116=IFCAXIS2PLACEMENT3D(#1115,$,$);
#1117=IFCDIRECTION((0.,0.,1.));
#1118=IFCEXTRUDEDAREASOLID(#1114,#1116,#1117,1219.1999999999998);
#1119=IFCSHAPEREPRESENTATION(#11,'Body','SweptSolid',(#1118));
#1120=IFCPRODUCTDEFINITIONSHAPE($,$,(#1119));
#1121=IFCPROPERTYSET('36X41kISL2mBEaGcljJzL9',$,'Pset_ORI_Takeoff',$,(#1123,#1124,#1125,#1126,#1127,#1128,#1129));
#1122=IFCRELDEFINESBYPROPERTIES('0Jed$qACD9Fe8WuQYDvQAX',$,$,$,(#1102),#1121);
#1123=IFCPROPERTYSINGLEVALUE('Method',$,IFCLABEL('authored_ground_truth'),$);
#1124=IFCPROPERTYSINGLEVALUE('ReviewStatus',$,IFCLABEL('confirmed'),$);
#1125=IFCPROPERTYSINGLEVALUE('Confidence',$,IFCREAL(1.),$);
#1126=IFCPROPERTYSINGLEVALUE('OverlayElementId',$,IFCLABEL('p1-W105'),$);
#1127=IFCPROPERTYSINGLEVALUE('Tool',$,IFCLABEL('ori_takeoff 0.1.0'),$);
#1128=IFCPROPERTYSINGLEVALUE('HeightSource',$,IFCLABEL('placeholder_not_from_plan'),$);
#1129=IFCPROPERTYSINGLEVALUE('SourcePage',$,IFCINTEGER(1),$);
#1130=IFCRELVOIDSELEMENT('2bwPwqlN9CXfE2C9TMQzw8',$,$,$,#74,#1102);
#1131=IFCCARTESIANPOINT((0.,0.,0.));
#1132=IFCDIRECTION((0.,0.,1.));
#1133=IFCDIRECTION((1.,0.,0.));
#1134=IFCAXIS2PLACEMENT3D(#1131,#1132,#1133);
#1135=IFCLOCALPLACEMENT(#101,#1134);
#1136=IFCWINDOW('17BYHzGPnFYQQs_Irmhht_',$,'W105',$,$,#1159,#1154,$,$,1219.1999999999998,$,$,$);
#1142=IFCCARTESIANPOINT((5588.,8382.));
#1143=IFCCARTESIANPOINT((6807.1999999999998,8382.));
#1144=IFCCARTESIANPOINT((6807.1999999999998,8534.3999999999996));
#1145=IFCCARTESIANPOINT((5588.,8534.3999999999996));
#1146=IFCCARTESIANPOINT((5588.,8382.));
#1147=IFCPOLYLINE((#1142,#1143,#1144,#1145,#1146));
#1148=IFCARBITRARYCLOSEDPROFILEDEF(.AREA.,$,#1147);
#1149=IFCCARTESIANPOINT((0.,0.,914.39999999999998));
#1150=IFCAXIS2PLACEMENT3D(#1149,$,$);
#1151=IFCDIRECTION((0.,0.,1.));
#1152=IFCEXTRUDEDAREASOLID(#1148,#1150,#1151,1219.1999999999998);
#1153=IFCSHAPEREPRESENTATION(#11,'Body','SweptSolid',(#1152));
#1154=IFCPRODUCTDEFINITIONSHAPE($,$,(#1153));
#1155=IFCCARTESIANPOINT((0.,0.,0.));
#1156=IFCDIRECTION((0.,0.,1.));
#1157=IFCDIRECTION((1.,0.,0.));
#1158=IFCAXIS2PLACEMENT3D(#1155,#1156,#1157);
#1159=IFCLOCALPLACEMENT(#28,#1158);
#1160=IFCRELFILLSELEMENT('0eCOzkrR519RJp_9j_rC7r',$,$,$,#1102,#1136);
#1161=IFCPROPERTYSET('1ZiFn1x6vBjuC77OvVMfFX',$,'Pset_ORI_Takeoff',$,(#1163,#1164,#1165,#1166,#1167,#1168,#1169));
#1162=IFCRELDEFINESBYPROPERTIES('3q80Vt$wjEuguib4PLC8gS',$,$,$,(#1136),#1161);
#1163=IFCPROPERTYSINGLEVALUE('Method',$,IFCLABEL('authored_ground_truth'),$);
#1164=IFCPROPERTYSINGLEVALUE('ReviewStatus',$,IFCLABEL('confirmed'),$);
#1165=IFCPROPERTYSINGLEVALUE('Confidence',$,IFCREAL(1.),$);
#1166=IFCPROPERTYSINGLEVALUE('OverlayElementId',$,IFCLABEL('p1-W105'),$);
#1167=IFCPROPERTYSINGLEVALUE('Tool',$,IFCLABEL('ori_takeoff 0.1.0'),$);
#1168=IFCPROPERTYSINGLEVALUE('HeightSource',$,IFCLABEL('placeholder_not_from_plan'),$);
#1169=IFCPROPERTYSINGLEVALUE('SourcePage',$,IFCINTEGER(1),$);
#1170=IFCOPENINGELEMENT('0AR6apRfr0Yvq4u1Ytc1NM',$,'Opening p1-W106',$,$,#1203,#1188,$,$);
#1176=IFCCARTESIANPOINT((9601.1999999999989,5588.));
#1177=IFCCARTESIANPOINT((9753.5999999999985,5588.));
#1178=IFCCARTESIANPOINT((9753.5999999999985,7112.));
#1179=IFCCARTESIANPOINT((9601.1999999999989,7112.));
#1180=IFCCARTESIANPOINT((9601.1999999999989,5588.));
#1181=IFCPOLYLINE((#1176,#1177,#1178,#1179,#1180));
#1182=IFCARBITRARYCLOSEDPROFILEDEF(.AREA.,$,#1181);
#1183=IFCCARTESIANPOINT((0.,0.,914.39999999999998));
#1184=IFCAXIS2PLACEMENT3D(#1183,$,$);
#1185=IFCDIRECTION((0.,0.,1.));
#1186=IFCEXTRUDEDAREASOLID(#1182,#1184,#1185,1219.1999999999998);
#1187=IFCSHAPEREPRESENTATION(#11,'Body','SweptSolid',(#1186));
#1188=IFCPRODUCTDEFINITIONSHAPE($,$,(#1187));
#1189=IFCPROPERTYSET('2rZdyPn491yf819FukZjp5',$,'Pset_ORI_Takeoff',$,(#1191,#1192,#1193,#1194,#1195,#1196,#1197));
#1190=IFCRELDEFINESBYPROPERTIES('3A6lRrqPXDqBwTD3LfBhoJ',$,$,$,(#1170),#1189);
#1191=IFCPROPERTYSINGLEVALUE('Method',$,IFCLABEL('authored_ground_truth'),$);
#1192=IFCPROPERTYSINGLEVALUE('ReviewStatus',$,IFCLABEL('confirmed'),$);
#1193=IFCPROPERTYSINGLEVALUE('Confidence',$,IFCREAL(1.),$);
#1194=IFCPROPERTYSINGLEVALUE('OverlayElementId',$,IFCLABEL('p1-W106'),$);
#1195=IFCPROPERTYSINGLEVALUE('Tool',$,IFCLABEL('ori_takeoff 0.1.0'),$);
#1196=IFCPROPERTYSINGLEVALUE('HeightSource',$,IFCLABEL('placeholder_not_from_plan'),$);
#1197=IFCPROPERTYSINGLEVALUE('SourcePage',$,IFCINTEGER(1),$);
#1198=IFCRELVOIDSELEMENT('10nm5L3Vn1VAk13CGdI8sU',$,$,$,#148,#1170);
#1199=IFCCARTESIANPOINT((0.,0.,0.));
#1200=IFCDIRECTION((0.,0.,1.));
#1201=IFCDIRECTION((1.,0.,0.));
#1202=IFCAXIS2PLACEMENT3D(#1199,#1200,#1201);
#1203=IFCLOCALPLACEMENT(#175,#1202);
#1204=IFCWINDOW('3eBd5lZTr9lAIUi3dnPioQ',$,'W106',$,$,#1227,#1222,$,$,1524.,$,$,$);
#1210=IFCCARTESIANPOINT((9601.1999999999989,5588.));
#1211=IFCCARTESIANPOINT((9753.5999999999985,5588.));
#1212=IFCCARTESIANPOINT((9753.5999999999985,7112.));
#1213=IFCCARTESIANPOINT((9601.1999999999989,7112.));
#1214=IFCCARTESIANPOINT((9601.1999999999989,5588.));
#1215=IFCPOLYLINE((#1210,#1211,#1212,#1213,#1214));
#1216=IFCARBITRARYCLOSEDPROFILEDEF(.AREA.,$,#1215);
#1217=IFCCARTESIANPOINT((0.,0.,914.39999999999998));
#1218=IFCAXIS2PLACEMENT3D(#1217,$,$);
#1219=IFCDIRECTION((0.,0.,1.));
#1220=IFCEXTRUDEDAREASOLID(#1216,#1218,#1219,1219.1999999999998);
#1221=IFCSHAPEREPRESENTATION(#11,'Body','SweptSolid',(#1220));
#1222=IFCPRODUCTDEFINITIONSHAPE($,$,(#1221));
#1223=IFCCARTESIANPOINT((0.,0.,0.));
#1224=IFCDIRECTION((0.,0.,1.));
#1225=IFCDIRECTION((1.,0.,0.));
#1226=IFCAXIS2PLACEMENT3D(#1223,#1224,#1225);
#1227=IFCLOCALPLACEMENT(#28,#1226);
#1228=IFCRELFILLSELEMENT('1Y151pSDPB_fZ9oFimj6uq',$,$,$,#1170,#1204);
#1229=IFCPROPERTYSET('0to7R23kD6S99mGfHud$Bv',$,'Pset_ORI_Takeoff',$,(#1231,#1232,#1233,#1234,#1235,#1236,#1237));
#1230=IFCRELDEFINESBYPROPERTIES('1KCrBofF91PACxoeJzybMk',$,$,$,(#1204),#1229);
#1231=IFCPROPERTYSINGLEVALUE('Method',$,IFCLABEL('authored_ground_truth'),$);
#1232=IFCPROPERTYSINGLEVALUE('ReviewStatus',$,IFCLABEL('confirmed'),$);
#1233=IFCPROPERTYSINGLEVALUE('Confidence',$,IFCREAL(1.),$);
#1234=IFCPROPERTYSINGLEVALUE('OverlayElementId',$,IFCLABEL('p1-W106'),$);
#1235=IFCPROPERTYSINGLEVALUE('Tool',$,IFCLABEL('ori_takeoff 0.1.0'),$);
#1236=IFCPROPERTYSINGLEVALUE('HeightSource',$,IFCLABEL('placeholder_not_from_plan'),$);
#1237=IFCPROPERTYSINGLEVALUE('SourcePage',$,IFCINTEGER(1),$);
#1238=IFCOPENINGELEMENT('3C4zxbhlz71eF683QdWAqe',$,'Opening p1-W107',$,$,#1271,#1256,$,$);
#1244=IFCCARTESIANPOINT((9601.1999999999989,2286.));
#1245=IFCCARTESIANPOINT((9753.5999999999985,2286.));
#1246=IFCCARTESIANPOINT((9753.5999999999985,2895.5999999999999));
#1247=IFCCARTESIANPOINT((9601.1999999999989,2895.5999999999999));
#1248=IFCCARTESIANPOINT((9601.1999999999989,2286.));
#1249=IFCPOLYLINE((#1244,#1245,#1246,#1247,#1248));
#1250=IFCARBITRARYCLOSEDPROFILEDEF(.AREA.,$,#1249);
#1251=IFCCARTESIANPOINT((0.,0.,914.39999999999998));
#1252=IFCAXIS2PLACEMENT3D(#1251,$,$);
#1253=IFCDIRECTION((0.,0.,1.));
#1254=IFCEXTRUDEDAREASOLID(#1250,#1252,#1253,1219.1999999999998);
#1255=IFCSHAPEREPRESENTATION(#11,'Body','SweptSolid',(#1254));
#1256=IFCPRODUCTDEFINITIONSHAPE($,$,(#1255));
#1257=IFCPROPERTYSET('2U7_mc9nH9CPIg2qgDAa4c',$,'Pset_ORI_Takeoff',$,(#1259,#1260,#1261,#1262,#1263,#1264,#1265));
#1258=IFCRELDEFINESBYPROPERTIES('2FOXMNvbv5UxKmw5tCxsan',$,$,$,(#1238),#1257);
#1259=IFCPROPERTYSINGLEVALUE('Method',$,IFCLABEL('authored_ground_truth'),$);
#1260=IFCPROPERTYSINGLEVALUE('ReviewStatus',$,IFCLABEL('confirmed'),$);
#1261=IFCPROPERTYSINGLEVALUE('Confidence',$,IFCREAL(1.),$);
#1262=IFCPROPERTYSINGLEVALUE('OverlayElementId',$,IFCLABEL('p1-W107'),$);
#1263=IFCPROPERTYSINGLEVALUE('Tool',$,IFCLABEL('ori_takeoff 0.1.0'),$);
#1264=IFCPROPERTYSINGLEVALUE('HeightSource',$,IFCLABEL('placeholder_not_from_plan'),$);
#1265=IFCPROPERTYSINGLEVALUE('SourcePage',$,IFCINTEGER(1),$);
#1266=IFCRELVOIDSELEMENT('3yv0MrCwb3shdsj8uQYnRW',$,$,$,#148,#1238);
#1267=IFCCARTESIANPOINT((0.,0.,0.));
#1268=IFCDIRECTION((0.,0.,1.));
#1269=IFCDIRECTION((1.,0.,0.));
#1270=IFCAXIS2PLACEMENT3D(#1267,#1268,#1269);
#1271=IFCLOCALPLACEMENT(#175,#1270);
#1272=IFCWINDOW('2j3AWe7fHBC8Olyjy1UdFX',$,'W107',$,$,#1295,#1290,$,$,609.59999999999991,$,$,$);
#1278=IFCCARTESIANPOINT((9601.1999999999989,2286.));
#1279=IFCCARTESIANPOINT((9753.5999999999985,2286.));
#1280=IFCCARTESIANPOINT((9753.5999999999985,2895.5999999999999));
#1281=IFCCARTESIANPOINT((9601.1999999999989,2895.5999999999999));
#1282=IFCCARTESIANPOINT((9601.1999999999989,2286.));
#1283=IFCPOLYLINE((#1278,#1279,#1280,#1281,#1282));
#1284=IFCARBITRARYCLOSEDPROFILEDEF(.AREA.,$,#1283);
#1285=IFCCARTESIANPOINT((0.,0.,914.39999999999998));
#1286=IFCAXIS2PLACEMENT3D(#1285,$,$);
#1287=IFCDIRECTION((0.,0.,1.));
#1288=IFCEXTRUDEDAREASOLID(#1284,#1286,#1287,1219.1999999999998);
#1289=IFCSHAPEREPRESENTATION(#11,'Body','SweptSolid',(#1288));
#1290=IFCPRODUCTDEFINITIONSHAPE($,$,(#1289));
#1291=IFCCARTESIANPOINT((0.,0.,0.));
#1292=IFCDIRECTION((0.,0.,1.));
#1293=IFCDIRECTION((1.,0.,0.));
#1294=IFCAXIS2PLACEMENT3D(#1291,#1292,#1293);
#1295=IFCLOCALPLACEMENT(#28,#1294);
#1296=IFCRELFILLSELEMENT('0pIVyKOyn6sRYSGDaV7qka',$,$,$,#1238,#1272);
#1297=IFCPROPERTYSET('1Yvdq4N4r8uvtX3tFwn$sR',$,'Pset_ORI_Takeoff',$,(#1299,#1300,#1301,#1302,#1303,#1304,#1305));
#1298=IFCRELDEFINESBYPROPERTIES('32_Y3POWX7SQI2VS3Z$DkW',$,$,$,(#1272),#1297);
#1299=IFCPROPERTYSINGLEVALUE('Method',$,IFCLABEL('authored_ground_truth'),$);
#1300=IFCPROPERTYSINGLEVALUE('ReviewStatus',$,IFCLABEL('confirmed'),$);
#1301=IFCPROPERTYSINGLEVALUE('Confidence',$,IFCREAL(1.),$);
#1302=IFCPROPERTYSINGLEVALUE('OverlayElementId',$,IFCLABEL('p1-W107'),$);
#1303=IFCPROPERTYSINGLEVALUE('Tool',$,IFCLABEL('ori_takeoff 0.1.0'),$);
#1304=IFCPROPERTYSINGLEVALUE('HeightSource',$,IFCLABEL('placeholder_not_from_plan'),$);
#1305=IFCPROPERTYSINGLEVALUE('SourcePage',$,IFCINTEGER(1),$);
#1306=IFCSPACE('2_S5_jm4T4IhIvigDVPa78',$,'LIVING',$,$,#1330,#1324,$,$,.SPACE.,$);
#1312=IFCCARTESIANPOINT((152.39999999999998,152.39999999999998));
#1313=IFCCARTESIANPOINT((5181.5999999999995,152.39999999999998));
#1314=IFCCARTESIANPOINT((5181.5999999999995,5181.5999999999995));
#1315=IFCCARTESIANPOINT((152.39999999999998,5181.5999999999995));
#1316=IFCCARTESIANPOINT((152.39999999999998,152.39999999999998));
#1317=IFCPOLYLINE((#1312,#1313,#1314,#1315,#1316));
#1318=IFCARBITRARYCLOSEDPROFILEDEF(.AREA.,$,#1317);
#1319=IFCCARTESIANPOINT((0.,0.,0.));
#1320=IFCAXIS2PLACEMENT3D(#1319,$,$);
#1321=IFCDIRECTION((0.,0.,1.));
#1322=IFCEXTRUDEDAREASOLID(#1318,#1320,#1321,2438.3999999999996);
#1323=IFCSHAPEREPRESENTATION(#11,'Body','SweptSolid',(#1322));
#1324=IFCPRODUCTDEFINITIONSHAPE($,$,(#1323));
#1325=IFCRELAGGREGATES('1V2uBZeQ50tQQvv1U8nlWY',$,$,$,#17,(#1418,#1381,#1306,#1455,#1344));
#1326=IFCCARTESIANPOINT((0.,0.,0.));
#1327=IFCDIRECTION((0.,0.,1.));
#1328=IFCDIRECTION((1.,0.,0.));
#1329=IFCAXIS2PLACEMENT3D(#1326,#1327,#1328);
#1330=IFCLOCALPLACEMENT(#28,#1329);
#1331=IFCPROPERTYSET('2VrMbPEIH8d86dyiDQAD77',$,'Pset_ORI_SpaceUse',$,(#1333,#1334));
#1332=IFCRELDEFINESBYPROPERTIES('1ej$yA1Pf9n9j7QoxRLZn6',$,$,$,(#1306),#1331);
#1333=IFCPROPERTYSINGLEVALUE('UseCategory',$,IFCLABEL('habitable'),$);
#1334=IFCPROPERTYSINGLEVALUE('UseSource',$,IFCLABEL('overlay'),$);
#1335=IFCPROPERTYSET('3sqH6VcxL9GQtS2MYCiSw8',$,'Pset_ORI_Takeoff',$,(#1337,#1338,#1339,#1340,#1341,#1342,#1343));
#1336=IFCRELDEFINESBYPROPERTIES('1AB6cxMzD8huuJnIFUOlVo',$,$,$,(#1306),#1335);
#1337=IFCPROPERTYSINGLEVALUE('Method',$,IFCLABEL('authored_ground_truth'),$);
#1338=IFCPROPERTYSINGLEVALUE('ReviewStatus',$,IFCLABEL('confirmed'),$);
#1339=IFCPROPERTYSINGLEVALUE('Confidence',$,IFCREAL(1.),$);
#1340=IFCPROPERTYSINGLEVALUE('OverlayElementId',$,IFCLABEL('p1-S101'),$);
#1341=IFCPROPERTYSINGLEVALUE('Tool',$,IFCLABEL('ori_takeoff 0.1.0'),$);
#1342=IFCPROPERTYSINGLEVALUE('HeightSource',$,IFCLABEL('overlay'),$);
#1343=IFCPROPERTYSINGLEVALUE('SourcePage',$,IFCINTEGER(1),$);
#1344=IFCSPACE('03LCBvpB92ieharDot4ehZ',$,'DEN',$,$,#1367,#1362,$,$,.SPACE.,$);
#1350=IFCCARTESIANPOINT((152.39999999999998,5295.8999999999996));
#1351=IFCCARTESIANPOINT((5181.5999999999995,5295.8999999999996));
#1352=IFCCARTESIANPOINT((5181.5999999999995,8382.));
#1353=IFCCARTESIANPOINT((152.39999999999998,8382.));
#1354=IFCCARTESIANPOINT((152.39999999999998,5295.8999999999996));
#1355=IFCPOLYLINE((#1350,#1351,#1352,#1353,#1354));
#1356=IFCARBITRARYCLOSEDPROFILEDEF(.AREA.,$,#1355);
#1357=IFCCARTESIANPOINT((0.,0.,0.));
#1358=IFCAXIS2PLACEMENT3D(#1357,$,$);
#1359=IFCDIRECTION((0.,0.,1.));
#1360=IFCEXTRUDEDAREASOLID(#1356,#1358,#1359,2438.3999999999996);
#1361=IFCSHAPEREPRESENTATION(#11,'Body','SweptSolid',(#1360));
#1362=IFCPRODUCTDEFINITIONSHAPE($,$,(#1361));
#1363=IFCCARTESIANPOINT((0.,0.,0.));
#1364=IFCDIRECTION((0.,0.,1.));
#1365=IFCDIRECTION((1.,0.,0.));
#1366=IFCAXIS2PLACEMENT3D(#1363,#1364,#1365);
#1367=IFCLOCALPLACEMENT(#28,#1366);
#1368=IFCPROPERTYSET('05h_PcYWDBxPlpqPuHGDeW',$,'Pset_ORI_SpaceUse',$,(#1370,#1371));
#1369=IFCRELDEFINESBYPROPERTIES('30bnp4NijD6RdSb$cVz$F7',$,$,$,(#1344),#1368);
#1370=IFCPROPERTYSINGLEVALUE('UseCategory',$,IFCLABEL('habitable'),$);
#1371=IFCPROPERTYSINGLEVALUE('UseSource',$,IFCLABEL('overlay'),$);
#1372=IFCPROPERTYSET('1y17jlDNr7meoySWTTOxJD',$,'Pset_ORI_Takeoff',$,(#1374,#1375,#1376,#1377,#1378,#1379,#1380));
#1373=IFCRELDEFINESBYPROPERTIES('0jb$351_rCBewVRT13YlBU',$,$,$,(#1344),#1372);
#1374=IFCPROPERTYSINGLEVALUE('Method',$,IFCLABEL('authored_ground_truth'),$);
#1375=IFCPROPERTYSINGLEVALUE('ReviewStatus',$,IFCLABEL('confirmed'),$);
#1376=IFCPROPERTYSINGLEVALUE('Confidence',$,IFCREAL(1.),$);
#1377=IFCPROPERTYSINGLEVALUE('OverlayElementId',$,IFCLABEL('p1-S102'),$);
#1378=IFCPROPERTYSINGLEVALUE('Tool',$,IFCLABEL('ori_takeoff 0.1.0'),$);
#1379=IFCPROPERTYSINGLEVALUE('HeightSource',$,IFCLABEL('overlay'),$);
#1380=IFCPROPERTYSINGLEVALUE('SourcePage',$,IFCINTEGER(1),$);
#1381=IFCSPACE('0KgtltABr6ke3voSKFmyuS',$,'FOYER',$,$,#1404,#1399,$,$,.SPACE.,$);
#1387=IFCCARTESIANPOINT((5295.8999999999996,152.39999999999998));
#1388=IFCCARTESIANPOINT((8483.6000000000004,152.39999999999998));
#1389=IFCCARTESIANPOINT((8483.6000000000004,3695.6999999999998));
#1390=IFCCARTESIANPOINT((5295.8999999999996,3695.6999999999998));
#1391=IFCCARTESIANPOINT((5295.8999999999996,152.39999999999998));
#1392=IFCPOLYLINE((#1387,#1388,#1389,#1390,#1391));
#1393=IFCARBITRARYCLOSEDPROFILEDEF(.AREA.,$,#1392);
#1394=IFCCARTESIANPOINT((0.,0.,0.));
#1395=IFCAXIS2PLACEMENT3D(#1394,$,$);
#1396=IFCDIRECTION((0.,0.,1.));
#1397=IFCEXTRUDEDAREASOLID(#1393,#1395,#1396,2438.3999999999996);
#1398=IFCSHAPEREPRESENTATION(#11,'Body','SweptSolid',(#1397));
#1399=IFCPRODUCTDEFINITIONSHAPE($,$,(#1398));
#1400=IFCCARTESIANPOINT((0.,0.,0.));
#1401=IFCDIRECTION((0.,0.,1.));
#1402=IFCDIRECTION((1.,0.,0.));
#1403=IFCAXIS2PLACEMENT3D(#1400,#1401,#1402);
#1404=IFCLOCALPLACEMENT(#28,#1403);
#1405=IFCPROPERTYSET('2fWvejO9bAng3wvP$XVOl$',$,'Pset_ORI_SpaceUse',$,(#1407,#1408));
#1406=IFCRELDEFINESBYPROPERTIES('0qfP4wyOH0lBI5ltjl3oDK',$,$,$,(#1381),#1405);
#1407=IFCPROPERTYSINGLEVALUE('UseCategory',$,IFCLABEL('hallway'),$);
#1408=IFCPROPERTYSINGLEVALUE('UseSource',$,IFCLABEL('overlay'),$);
#1409=IFCPROPERTYSET('3yxWl78_fFdAy2aTbhTFGB',$,'Pset_ORI_Takeoff',$,(#1411,#1412,#1413,#1414,#1415,#1416,#1417));
#1410=IFCRELDEFINESBYPROPERTIES('1dw_rFtjL3MgpRnytoO4Rz',$,$,$,(#1381),#1409);
#1411=IFCPROPERTYSINGLEVALUE('Method',$,IFCLABEL('authored_ground_truth'),$);
#1412=IFCPROPERTYSINGLEVALUE('ReviewStatus',$,IFCLABEL('confirmed'),$);
#1413=IFCPROPERTYSINGLEVALUE('Confidence',$,IFCREAL(1.),$);
#1414=IFCPROPERTYSINGLEVALUE('OverlayElementId',$,IFCLABEL('p1-S103'),$);
#1415=IFCPROPERTYSINGLEVALUE('Tool',$,IFCLABEL('ori_takeoff 0.1.0'),$);
#1416=IFCPROPERTYSINGLEVALUE('HeightSource',$,IFCLABEL('overlay'),$);
#1417=IFCPROPERTYSINGLEVALUE('SourcePage',$,IFCINTEGER(1),$);
#1418=IFCSPACE('1G9cdMr519vePUXfe2sCf5',$,'POWDER / LAUNDRY',$,$,#1441,#1436,$,$,.SPACE.,$);
#1424=IFCCARTESIANPOINT((8597.8999999999996,152.39999999999998));
#1425=IFCCARTESIANPOINT((9601.1999999999989,152.39999999999998));
#1426=IFCCARTESIANPOINT((9601.1999999999989,3695.6999999999998));
#1427=IFCCARTESIANPOINT((8597.8999999999996,3695.6999999999998));
#1428=IFCCARTESIANPOINT((8597.8999999999996,152.39999999999998));
#1429=IFCPOLYLINE((#1424,#1425,#1426,#1427,#1428));
#1430=IFCARBITRARYCLOSEDPROFILEDEF(.AREA.,$,#1429);
#1431=IFCCARTESIANPOINT((0.,0.,0.));
#1432=IFCAXIS2PLACEMENT3D(#1431,$,$);
#1433=IFCDIRECTION((0.,0.,1.));
#1434=IFCEXTRUDEDAREASOLID(#1430,#1432,#1433,2438.3999999999996);
#1435=IFCSHAPEREPRESENTATION(#11,'Body','SweptSolid',(#1434));
#1436=IFCPRODUCTDEFINITIONSHAPE($,$,(#1435));
#1437=IFCCARTESIANPOINT((0.,0.,0.));
#1438=IFCDIRECTION((0.,0.,1.));
#1439=IFCDIRECTION((1.,0.,0.));
#1440=IFCAXIS2PLACEMENT3D(#1437,#1438,#1439);
#1441=IFCLOCALPLACEMENT(#28,#1440);
#1442=IFCPROPERTYSET('1owJwWb_9DOBPlpbk_uFTP',$,'Pset_ORI_SpaceUse',$,(#1444,#1445));
#1443=IFCRELDEFINESBYPROPERTIES('3TlTtovD901fzj9Fxe8HcR',$,$,$,(#1418),#1442);
#1444=IFCPROPERTYSINGLEVALUE('UseCategory',$,IFCLABEL('bathroom'),$);
#1445=IFCPROPERTYSINGLEVALUE('UseSource',$,IFCLABEL('overlay'),$);
#1446=IFCPROPERTYSET('1_ywaekPvFHOUrZCj3ApPs',$,'Pset_ORI_Takeoff',$,(#1448,#1449,#1450,#1451,#1452,#1453,#1454));
#1447=IFCRELDEFINESBYPROPERTIES('1uzFNMjXfDcffcIGJ6eXfe',$,$,$,(#1418),#1446);
#1448=IFCPROPERTYSINGLEVALUE('Method',$,IFCLABEL('authored_ground_truth'),$);
#1449=IFCPROPERTYSINGLEVALUE('ReviewStatus',$,IFCLABEL('confirmed'),$);
#1450=IFCPROPERTYSINGLEVALUE('Confidence',$,IFCREAL(1.),$);
#1451=IFCPROPERTYSINGLEVALUE('OverlayElementId',$,IFCLABEL('p1-S104'),$);
#1452=IFCPROPERTYSINGLEVALUE('Tool',$,IFCLABEL('ori_takeoff 0.1.0'),$);
#1453=IFCPROPERTYSINGLEVALUE('HeightSource',$,IFCLABEL('overlay'),$);
#1454=IFCPROPERTYSINGLEVALUE('SourcePage',$,IFCINTEGER(1),$);
#1455=IFCSPACE('0UHp5L54bE3xIdX9cE9qcU',$,'KITCHEN / DINING',$,$,#1478,#1473,$,$,.SPACE.,$);
#1461=IFCCARTESIANPOINT((5295.8999999999996,3810.));
#1462=IFCCARTESIANPOINT((9601.1999999999989,3810.));
#1463=IFCCARTESIANPOINT((9601.1999999999989,8382.));
#1464=IFCCARTESIANPOINT((5295.8999999999996,8382.));
#1465=IFCCARTESIANPOINT((5295.8999999999996,3810.));
#1466=IFCPOLYLINE((#1461,#1462,#1463,#1464,#1465));
#1467=IFCARBITRARYCLOSEDPROFILEDEF(.AREA.,$,#1466);
#1468=IFCCARTESIANPOINT((0.,0.,0.));
#1469=IFCAXIS2PLACEMENT3D(#1468,$,$);
#1470=IFCDIRECTION((0.,0.,1.));
#1471=IFCEXTRUDEDAREASOLID(#1467,#1469,#1470,2438.3999999999996);
#1472=IFCSHAPEREPRESENTATION(#11,'Body','SweptSolid',(#1471));
#1473=IFCPRODUCTDEFINITIONSHAPE($,$,(#1472));
#1474=IFCCARTESIANPOINT((0.,0.,0.));
#1475=IFCDIRECTION((0.,0.,1.));
#1476=IFCDIRECTION((1.,0.,0.));
#1477=IFCAXIS2PLACEMENT3D(#1474,#1475,#1476);
#1478=IFCLOCALPLACEMENT(#28,#1477);
#1479=IFCPROPERTYSET('2XfQ_aZAP65REgEsTMIMIP',$,'Pset_ORI_SpaceUse',$,(#1481,#1482));
#1480=IFCRELDEFINESBYPROPERTIES('2Fd$VRnZT85hm3$qBDGUTc',$,$,$,(#1455),#1479);
#1481=IFCPROPERTYSINGLEVALUE('UseCategory',$,IFCLABEL('kitchen'),$);
#1482=IFCPROPERTYSINGLEVALUE('UseSource',$,IFCLABEL('overlay'),$);
#1483=IFCPROPERTYSET('0UlJ_zgPHDavAPeb3vhQyk',$,'Pset_ORI_Takeoff',$,(#1485,#1486,#1487,#1488,#1489,#1490,#1491));
#1484=IFCRELDEFINESBYPROPERTIES('3j$d9e7_TDrfDkYXpoH5Ew',$,$,$,(#1455),#1483);
#1485=IFCPROPERTYSINGLEVALUE('Method',$,IFCLABEL('authored_ground_truth'),$);
#1486=IFCPROPERTYSINGLEVALUE('ReviewStatus',$,IFCLABEL('confirmed'),$);
#1487=IFCPROPERTYSINGLEVALUE('Confidence',$,IFCREAL(1.),$);
#1488=IFCPROPERTYSINGLEVALUE('OverlayElementId',$,IFCLABEL('p1-S105'),$);
#1489=IFCPROPERTYSINGLEVALUE('Tool',$,IFCLABEL('ori_takeoff 0.1.0'),$);
#1490=IFCPROPERTYSINGLEVALUE('HeightSource',$,IFCLABEL('overlay'),$);
#1491=IFCPROPERTYSINGLEVALUE('SourcePage',$,IFCINTEGER(1),$);
#1492=IFCSTAIR('2m2hlTirz9ogUyHAXMhc28',$,'ST1',$,$,#1502,$,$,.STRAIGHT_RUN_STAIR.);
#1498=IFCCARTESIANPOINT((0.,0.,0.));
#1499=IFCDIRECTION((0.,0.,1.));
#1500=IFCDIRECTION((1.,0.,0.));
#1501=IFCAXIS2PLACEMENT3D(#1498,#1499,#1500);
#1502=IFCLOCALPLACEMENT(#28,#1501);
#1503=IFCPROPERTYSET('3SKCHh$0z9WOMAx1fBMVOj',$,'Pset_ORI_StairFromPlan',$,(#1505,#1506,#1507,#1508));
#1504=IFCRELDEFINESBYPROPERTIES('26NWsJ_ar0$PHx6FSauXbq',$,$,$,(#1492),#1503);
#1505=IFCPROPERTYSINGLEVALUE('RiserCount',$,IFCINTEGER(14),$);
#1506=IFCPROPERTYSINGLEVALUE('TreadCount',$,IFCINTEGER(13),$);
#1507=IFCPROPERTYSINGLEVALUE('TreadDepthIn',$,IFCREAL(10.),$);
#1508=IFCPROPERTYSINGLEVALUE('RiserHeightKnown',$,IFCBOOLEAN(.F.),$);
#1509=IFCPROPERTYSET('3vOnEUAKL18wg8oRf1DcFN',$,'Pset_ORI_Takeoff',$,(#1511,#1512,#1513,#1514,#1515,#1516));
#1510=IFCRELDEFINESBYPROPERTIES('2aA97hCyPF2f01o4U2gqGB',$,$,$,(#1492),#1509);
#1511=IFCPROPERTYSINGLEVALUE('Method',$,IFCLABEL('authored_ground_truth'),$);
#1512=IFCPROPERTYSINGLEVALUE('ReviewStatus',$,IFCLABEL('confirmed'),$);
#1513=IFCPROPERTYSINGLEVALUE('Confidence',$,IFCREAL(1.),$);
#1514=IFCPROPERTYSINGLEVALUE('OverlayElementId',$,IFCLABEL('p1-ST1'),$);
#1515=IFCPROPERTYSINGLEVALUE('Tool',$,IFCLABEL('ori_takeoff 0.1.0'),$);
#1516=IFCPROPERTYSINGLEVALUE('SourcePage',$,IFCINTEGER(1),$);
#1517=IFCBUILDINGSTOREY('18y92EFPTApOzpDROmBZEx',$,'Level 2',$,$,#1527,$,$,$,2667.);
#1523=IFCCARTESIANPOINT((0.,0.,2667.));
#1524=IFCDIRECTION((0.,0.,1.));
#1525=IFCDIRECTION((1.,0.,0.));
#1526=IFCAXIS2PLACEMENT3D(#1523,#1524,#1525);
#1527=IFCLOCALPLACEMENT($,#1526);
#1528=IFCPROPERTYSET('2pwC1yFwT2lf2nUvizIFEY',$,'Pset_ORI_Takeoff',$,(#1530,#1531,#1532,#1533,#1534));
#1529=IFCRELDEFINESBYPROPERTIES('006rBrKQ577AkeDkqSy7Kb',$,$,$,(#1517),#1528);
#1530=IFCPROPERTYSINGLEVALUE('ElevationKnown',$,IFCBOOLEAN(.T.),$);
#1531=IFCPROPERTYSINGLEVALUE('SourcePage',$,IFCINTEGER(2),$);
#1532=IFCPROPERTYSINGLEVALUE('SourceSheet',$,IFCLABEL('A-102'),$);
#1533=IFCPROPERTYSINGLEVALUE('Tool',$,IFCLABEL('ori_takeoff 0.1.0'),$);
#1534=IFCPROPERTYSINGLEVALUE('ScaleStatus',$,IFCLABEL('stated_confirmed'),$);
#1535=IFCWALL('1KvgclbZb5HfApVIZBrz8Q',$,'WS',$,$,#1563,#1557,$,.SOLIDWALL.);
#1541=IFCCARTESIANPOINT((0.,0.));
#1542=IFCCARTESIANPOINT((9753.5999999999985,0.));
#1543=IFCCARTESIANPOINT((9753.5999999999985,152.39999999999998));
#1544=IFCCARTESIANPOINT((0.,152.39999999999998));
#1545=IFCCARTESIANPOINT((0.,0.));
#1546=IFCPOLYLINE((#1541,#1542,#1543,#1544,#1545));
#1547=IFCARBITRARYCLOSEDPROFILEDEF(.AREA.,$,#1546);
#1548=IFCCARTESIANPOINT((0.,0.,0.));
#1549=IFCAXIS2PLACEMENT3D(#1548,$,$);
#1550=IFCDIRECTION((0.,0.,1.));
#1551=IFCEXTRUDEDAREASOLID(#1547,#1549,#1550,2667.);
#1552=IFCSHAPEREPRESENTATION(#11,'Body','SweptSolid',(#1551));
#1553=IFCCARTESIANPOINT((76.199999999999989,76.199999999999989));
#1554=IFCCARTESIANPOINT((9677.3999999999996,76.199999999999989));
#1555=IFCPOLYLINE((#1553,#1554));
#1556=IFCSHAPEREPRESENTATION(#12,'Axis','Curve2D',(#1555));
#1557=IFCPRODUCTDEFINITIONSHAPE($,$,(#1552,#1556));
#1558=IFCRELCONTAINEDINSPATIALSTRUCTURE('0rviH_qvj1iBU5VrnzOPgB',$,$,$,(#1795,#2490,#1535,#1647,#1721,#2422,#2846,#2008,#2150,#2218,#2558,#1866,#1758,#2354,#2286,#1684,#1573,#2626,#1937,#2079,#1610),#1517);
#1559=IFCCARTESIANPOINT((0.,0.,0.));
#1560=IFCDIRECTION((0.,0.,1.));
#1561=IFCDIRECTION((1.,0.,0.));
#1562=IFCAXIS2PLACEMENT3D(#1559,#1560,#1561);
#1563=IFCLOCALPLACEMENT(#1527,#1562);
#1564=IFCPROPERTYSET('3IWQTEsqn9V9CCKRThK3FG',$,'Pset_ORI_Takeoff',$,(#1566,#1567,#1568,#1569,#1570,#1571,#1572));
#1565=IFCRELDEFINESBYPROPERTIES('3IkQmDpij7wBm3j1bQDztw',$,$,$,(#1535),#1564);
#1566=IFCPROPERTYSINGLEVALUE('Method',$,IFCLABEL('authored_ground_truth'),$);
#1567=IFCPROPERTYSINGLEVALUE('ReviewStatus',$,IFCLABEL('confirmed'),$);
#1568=IFCPROPERTYSINGLEVALUE('Confidence',$,IFCREAL(1.),$);
#1569=IFCPROPERTYSINGLEVALUE('OverlayElementId',$,IFCLABEL('p2-WS'),$);
#1570=IFCPROPERTYSINGLEVALUE('Tool',$,IFCLABEL('ori_takeoff 0.1.0'),$);
#1571=IFCPROPERTYSINGLEVALUE('HeightSource',$,IFCLABEL('overlay'),$);
#1572=IFCPROPERTYSINGLEVALUE('SourcePage',$,IFCINTEGER(2),$);
#1573=IFCWALL('0yULXyPdzAoRMcPelO9DPE',$,'WN',$,$,#1600,#1595,$,.SOLIDWALL.);
#1579=IFCCARTESIANPOINT((0.,8382.));
#1580=IFCCARTESIANPOINT((9753.5999999999985,8382.));
#1581=IFCCARTESIANPOINT((9753.5999999999985,8534.3999999999996));
#1582=IFCCARTESIANPOINT((0.,8534.3999999999996));
#1583=IFCCARTESIANPOINT((0.,8382.));
#1584=IFCPOLYLINE((#1579,#1580,#1581,#1582,#1583));
#1585=IFCARBITRARYCLOSEDPROFILEDEF(.AREA.,$,#1584);
#1586=IFCCARTESIANPOINT((0.,0.,0.));
#1587=IFCAXIS2PLACEMENT3D(#1586,$,$);
#1588=IFCDIRECTION((0.,0.,1.));
#1589=IFCEXTRUDEDAREASOLID(#1585,#1587,#1588,2667.);
#1590=IFCSHAPEREPRESENTATION(#11,'Body','SweptSolid',(#1589));
#1591=IFCCARTESIANPOINT((76.199999999999989,8458.1999999999989));
#1592=IFCCARTESIANPOINT((9677.3999999999996,8458.1999999999989));
#1593=IFCPOLYLINE((#1591,#1592));
#1594=IFCSHAPEREPRESENTATION(#12,'Axis','Curve2D',(#1593));
#1595=IFCPRODUCTDEFINITIONSHAPE($,$,(#1590,#1594));
#1596=IFCCARTESIANPOINT((0.,0.,0.));
#1597=IFCDIRECTION((0.,0.,1.));
#1598=IFCDIRECTION((1.,0.,0.));
#1599=IFCAXIS2PLACEMENT3D(#1596,#1597,#1598);
#1600=IFCLOCALPLACEMENT(#1527,#1599);
#1601=IFCPROPERTYSET('24tHMngjf1AOzdjvnbQ7hz',$,'Pset_ORI_Takeoff',$,(#1603,#1604,#1605,#1606,#1607,#1608,#1609));
#1602=IFCRELDEFINESBYPROPERTIES('1TGC9AH6z6jvT7OpxJyPrh',$,$,$,(#1573),#1601);
#1603=IFCPROPERTYSINGLEVALUE('Method',$,IFCLABEL('authored_ground_truth'),$);
#1604=IFCPROPERTYSINGLEVALUE('ReviewStatus',$,IFCLABEL('confirmed'),$);
#1605=IFCPROPERTYSINGLEVALUE('Confidence',$,IFCREAL(1.),$);
#1606=IFCPROPERTYSINGLEVALUE('OverlayElementId',$,IFCLABEL('p2-WN'),$);
#1607=IFCPROPERTYSINGLEVALUE('Tool',$,IFCLABEL('ori_takeoff 0.1.0'),$);
#1608=IFCPROPERTYSINGLEVALUE('HeightSource',$,IFCLABEL('overlay'),$);
#1609=IFCPROPERTYSINGLEVALUE('SourcePage',$,IFCINTEGER(2),$);
#1610=IFCWALL('2na0ewQfn1jw_KB$mbcwcq',$,'WW',$,$,#1637,#1632,$,.SOLIDWALL.);
#1616=IFCCARTESIANPOINT((0.,0.));
#1617=IFCCARTESIANPOINT((152.39999999999998,0.));
#1618=IFCCARTESIANPOINT((152.39999999999998,8534.3999999999996));
#1619=IFCCARTESIANPOINT((0.,8534.3999999999996));
#1620=IFCCARTESIANPOINT((0.,0.));
#1621=IFCPOLYLINE((#1616,#1617,#1618,#1619,#1620));
#1622=IFCARBITRARYCLOSEDPROFILEDEF(.AREA.,$,#1621);
#1623=IFCCARTESIANPOINT((0.,0.,0.));
#1624=IFCAXIS2PLACEMENT3D(#1623,$,$);
#1625=IFCDIRECTION((0.,0.,1.));
#1626=IFCEXTRUDEDAREASOLID(#1622,#1624,#1625,2667.);
#1627=IFCSHAPEREPRESENTATION(#11,'Body','SweptSolid',(#1626));
#1628=IFCCARTESIANPOINT((76.199999999999989,76.199999999999989));
#1629=IFCCARTESIANPOINT((76.199999999999989,8458.1999999999989));
#1630=IFCPOLYLINE((#1628,#1629));
#1631=IFCSHAPEREPRESENTATION(#12,'Axis','Curve2D',(#1630));
#1632=IFCPRODUCTDEFINITIONSHAPE($,$,(#1627,#1631));
#1633=IFCCARTESIANPOINT((0.,0.,0.));
#1634=IFCDIRECTION((0.,0.,1.));
#1635=IFCDIRECTION((1.,0.,0.));
#1636=IFCAXIS2PLACEMENT3D(#1633,#1634,#1635);
#1637=IFCLOCALPLACEMENT(#1527,#1636);
#1638=IFCPROPERTYSET('2$Scywla1EKehgm71qTioy',$,'Pset_ORI_Takeoff',$,(#1640,#1641,#1642,#1643,#1644,#1645,#1646));
#1639=IFCRELDEFINESBYPROPERTIES('0n4xpn_LT5RgNcMnYHv7Qz',$,$,$,(#1610),#1638);
#1640=IFCPROPERTYSINGLEVALUE('Method',$,IFCLABEL('authored_ground_truth'),$);
#1641=IFCPROPERTYSINGLEVALUE('ReviewStatus',$,IFCLABEL('confirmed'),$);
#1642=IFCPROPERTYSINGLEVALUE('Confidence',$,IFCREAL(1.),$);
#1643=IFCPROPERTYSINGLEVALUE('OverlayElementId',$,IFCLABEL('p2-WW'),$);
#1644=IFCPROPERTYSINGLEVALUE('Tool',$,IFCLABEL('ori_takeoff 0.1.0'),$);
#1645=IFCPROPERTYSINGLEVALUE('HeightSource',$,IFCLABEL('overlay'),$);
#1646=IFCPROPERTYSINGLEVALUE('SourcePage',$,IFCINTEGER(2),$);
#1647=IFCWALL('1to7TgJ714sfrs05JRK6V9',$,'WE',$,$,#1674,#1669,$,.SOLIDWALL.);
#1653=IFCCARTESIANPOINT((9601.1999999999989,0.));
#1654=IFCCARTESIANPOINT((9753.5999999999985,0.));
#1655=IFCCARTESIANPOINT((9753.5999999999985,8534.3999999999996));
#1656=IFCCARTESIANPOINT((9601.1999999999989,8534.3999999999996));
#1657=IFCCARTESIANPOINT((9601.1999999999989,0.));
#1658=IFCPOLYLINE((#1653,#1654,#1655,#1656,#1657));
#1659=IFCARBITRARYCLOSEDPROFILEDEF(.AREA.,$,#1658);
#1660=IFCCARTESIANPOINT((0.,0.,0.));
#1661=IFCAXIS2PLACEMENT3D(#1660,$,$);
#1662=IFCDIRECTION((0.,0.,1.));
#1663=IFCEXTRUDEDAREASOLID(#1659,#1661,#1662,2667.);
#1664=IFCSHAPEREPRESENTATION(#11,'Body','SweptSolid',(#1663));
#1665=IFCCARTESIANPOINT((9677.3999999999996,76.199999999999989));
#1666=IFCCARTESIANPOINT((9677.3999999999996,8458.1999999999989));
#1667=IFCPOLYLINE((#1665,#1666));
#1668=IFCSHAPEREPRESENTATION(#12,'Axis','Curve2D',(#1667));
#1669=IFCPRODUCTDEFINITIONSHAPE($,$,(#1664,#1668));
#1670=IFCCARTESIANPOINT((0.,0.,0.));
#1671=IFCDIRECTION((0.,0.,1.));
#1672=IFCDIRECTION((1.,0.,0.));
#1673=IFCAXIS2PLACEMENT3D(#1670,#1671,#1672);
#1674=IFCLOCALPLACEMENT(#1527,#1673);
#1675=IFCPROPERTYSET('2U0t2uqkf4QAuEDSuCFIci',$,'Pset_ORI_Takeoff',$,(#1677,#1678,#1679,#1680,#1681,#1682,#1683));
#1676=IFCRELDEFINESBYPROPERTIES('0fd0BtTzL6uAo$7DMAURLm',$,$,$,(#1647),#1675);
#1677=IFCPROPERTYSINGLEVALUE('Method',$,IFCLABEL('authored_ground_truth'),$);
#1678=IFCPROPERTYSINGLEVALUE('ReviewStatus',$,IFCLABEL('confirmed'),$);
#1679=IFCPROPERTYSINGLEVALUE('Confidence',$,IFCREAL(1.),$);
#1680=IFCPROPERTYSINGLEVALUE('OverlayElementId',$,IFCLABEL('p2-WE'),$);
#1681=IFCPROPERTYSINGLEVALUE('Tool',$,IFCLABEL('ori_takeoff 0.1.0'),$);
#1682=IFCPROPERTYSINGLEVALUE('HeightSource',$,IFCLABEL('overlay'),$);
#1683=IFCPROPERTYSINGLEVALUE('SourcePage',$,IFCINTEGER(2),$);
#1684=IFCWALL('34hNp0zgnCbwv9sjTohrR2',$,'V1',$,$,#1711,#1706,$,.SOLIDWALL.);
#1690=IFCCARTESIANPOINT((5181.5999999999995,152.39999999999998));
#1691=IFCCARTESIANPOINT((5295.8999999999996,152.39999999999998));
#1692=IFCCARTESIANPOINT((5295.8999999999996,8382.));
#1693=IFCCARTESIANPOINT((5181.5999999999995,8382.));
#1694=IFCCARTESIANPOINT((5181.5999999999995,152.39999999999998));
#1695=IFCPOLYLINE((#1690,#1691,#1692,#1693,#1694));
#1696=IFCARBITRARYCLOSEDPROFILEDEF(.AREA.,$,#1695);
#1697=IFCCARTESIANPOINT((0.,0.,0.));
#1698=IFCAXIS2PLACEMENT3D(#1697,$,$);
#1699=IFCDIRECTION((0.,0.,1.));
#1700=IFCEXTRUDEDAREASOLID(#1696,#1698,#1699,2667.);
#1701=IFCSHAPEREPRESENTATION(#11,'Body','SweptSolid',(#1700));
#1702=IFCCARTESIANPOINT((5238.75,152.39999999999998));
#1703=IFCCARTESIANPOINT((5238.75,8382.));
#1704=IFCPOLYLINE((#1702,#1703));
#1705=IFCSHAPEREPRESENTATION(#12,'Axis','Curve2D',(#1704));
#1706=IFCPRODUCTDEFINITIONSHAPE($,$,(#1701,#1705));
#1707=IFCCARTESIANPOINT((0.,0.,0.));
#1708=IFCDIRECTION((0.,0.,1.));
#1709=IFCDIRECTION((1.,0.,0.));
#1710=IFCAXIS2PLACEMENT3D(#1707,#1708,#1709);
#1711=IFCLOCALPLACEMENT(#1527,#1710);
#1712=IFCPROPERTYSET('1JxoX$EIT3$eRp6nUvWJ0t',$,'Pset_ORI_Takeoff',$,(#1714,#1715,#1716,#1717,#1718,#1719,#1720));
#1713=IFCRELDEFINESBYPROPERTIES('3KsBkMvAnAKeC2kibQF4Nx',$,$,$,(#1684),#1712);
#1714=IFCPROPERTYSINGLEVALUE('Method',$,IFCLABEL('authored_ground_truth'),$);
#1715=IFCPROPERTYSINGLEVALUE('ReviewStatus',$,IFCLABEL('confirmed'),$);
#1716=IFCPROPERTYSINGLEVALUE('Confidence',$,IFCREAL(1.),$);
#1717=IFCPROPERTYSINGLEVALUE('OverlayElementId',$,IFCLABEL('p2-V1'),$);
#1718=IFCPROPERTYSINGLEVALUE('Tool',$,IFCLABEL('ori_takeoff 0.1.0'),$);
#1719=IFCPROPERTYSINGLEVALUE('HeightSource',$,IFCLABEL('overlay'),$);
#1720=IFCPROPERTYSINGLEVALUE('SourcePage',$,IFCINTEGER(2),$);
#1721=IFCWALL('22m5Fng4rCaeRrKpyrJBi5',$,'HL',$,$,#1748,#1743,$,.SOLIDWALL.);
#1727=IFCCARTESIANPOINT((152.39999999999998,3048.));
#1728=IFCCARTESIANPOINT((5181.5999999999995,3048.));
#1729=IFCCARTESIANPOINT((5181.5999999999995,3162.2999999999997));
#1730=IFCCARTESIANPOINT((152.39999999999998,3162.2999999999997));
#1731=IFCCARTESIANPOINT((152.39999999999998,3048.));
#1732=IFCPOLYLINE((#1727,#1728,#1729,#1730,#1731));
#1733=IFCARBITRARYCLOSEDPROFILEDEF(.AREA.,$,#1732);
#1734=IFCCARTESIANPOINT((0.,0.,0.));
#1735=IFCAXIS2PLACEMENT3D(#1734,$,$);
#1736=IFCDIRECTION((0.,0.,1.));
#1737=IFCEXTRUDEDAREASOLID(#1733,#1735,#1736,2667.);
#1738=IFCSHAPEREPRESENTATION(#11,'Body','SweptSolid',(#1737));
#1739=IFCCARTESIANPOINT((152.39999999999998,3105.1499999999996));
#1740=IFCCARTESIANPOINT((5181.5999999999995,3105.1499999999996));
#1741=IFCPOLYLINE((#1739,#1740));
#1742=IFCSHAPEREPRESENTATION(#12,'Axis','Curve2D',(#1741));
#1743=IFCPRODUCTDEFINITIONSHAPE($,$,(#1738,#1742));
#1744=IFCCARTESIANPOINT((0.,0.,0.));
#1745=IFCDIRECTION((0.,0.,1.));
#1746=IFCDIRECTION((1.,0.,0.));
#1747=IFCAXIS2PLACEMENT3D(#1744,#1745,#1746);
#1748=IFCLOCALPLACEMENT(#1527,#1747);
#1749=IFCPROPERTYSET('2D1zj4FZf8vOWRgW24T$zP',$,'Pset_ORI_Takeoff',$,(#1751,#1752,#1753,#1754,#1755,#1756,#1757));
#1750=IFCRELDEFINESBYPROPERTIES('1q9E9JYpj1q9zTBg3Y2B4$',$,$,$,(#1721),#1749);
#1751=IFCPROPERTYSINGLEVALUE('Method',$,IFCLABEL('authored_ground_truth'),$);
#1752=IFCPROPERTYSINGLEVALUE('ReviewStatus',$,IFCLABEL('confirmed'),$);
#1753=IFCPROPERTYSINGLEVALUE('Confidence',$,IFCREAL(1.),$);
#1754=IFCPROPERTYSINGLEVALUE('OverlayElementId',$,IFCLABEL('p2-HL'),$);
#1755=IFCPROPERTYSINGLEVALUE('Tool',$,IFCLABEL('ori_takeoff 0.1.0'),$);
#1756=IFCPROPERTYSINGLEVALUE('HeightSource',$,IFCLABEL('overlay'),$);
#1757=IFCPROPERTYSINGLEVALUE('SourcePage',$,IFCINTEGER(2),$);
#1758=IFCWALL('1jjq56T9z8bf$5bG6A4ABR',$,'H1',$,$,#1785,#1780,$,.SOLIDWALL.);
#1764=IFCCARTESIANPOINT((5295.8999999999996,4724.3999999999996));
#1765=IFCCARTESIANPOINT((9601.1999999999989,4724.3999999999996));
#1766=IFCCARTESIANPOINT((9601.1999999999989,4838.6999999999998));
#1767=IFCCARTESIANPOINT((5295.8999999999996,4838.6999999999998));
#1768=IFCCARTESIANPOINT((5295.8999999999996,4724.3999999999996));
#1769=IFCPOLYLINE((#1764,#1765,#1766,#1767,#1768));
#1770=IFCARBITRARYCLOSEDPROFILEDEF(.AREA.,$,#1769);
#1771=IFCCARTESIANPOINT((0.,0.,0.));
#1772=IFCAXIS2PLACEMENT3D(#1771,$,$);
#1773=IFCDIRECTION((0.,0.,1.));
#1774=IFCEXTRUDEDAREASOLID(#1770,#1772,#1773,2667.);
#1775=IFCSHAPEREPRESENTATION(#11,'Body','SweptSolid',(#1774));
#1776=IFCCARTESIANPOINT((5295.8999999999996,4781.5500000000002));
#1777=IFCCARTESIANPOINT((9601.1999999999989,4781.5500000000002));
#1778=IFCPOLYLINE((#1776,#1777));
#1779=IFCSHAPEREPRESENTATION(#12,'Axis','Curve2D',(#1778));
#1780=IFCPRODUCTDEFINITIONSHAPE($,$,(#1775,#1779));
#1781=IFCCARTESIANPOINT((0.,0.,0.));
#1782=IFCDIRECTION((0.,0.,1.));
#1783=IFCDIRECTION((1.,0.,0.));
#1784=IFCAXIS2PLACEMENT3D(#1781,#1782,#1783);
#1785=IFCLOCALPLACEMENT(#1527,#1784);
#1786=IFCPROPERTYSET('1$l_qlWVb5$91i5hPDhZ7s',$,'Pset_ORI_Takeoff',$,(#1788,#1789,#1790,#1791,#1792,#1793,#1794));
#1787=IFCRELDEFINESBYPROPERTIES('3Gn8agrKf6G80HvfiAFHRQ',$,$,$,(#1758),#1786);
#1788=IFCPROPERTYSINGLEVALUE('Method',$,IFCLABEL('authored_ground_truth'),$);
#1789=IFCPROPERTYSINGLEVALUE('ReviewStatus',$,IFCLABEL('confirmed'),$);
#1790=IFCPROPERTYSINGLEVALUE('Confidence',$,IFCREAL(1.),$);
#1791=IFCPROPERTYSINGLEVALUE('OverlayElementId',$,IFCLABEL('p2-H1'),$);
#1792=IFCPROPERTYSINGLEVALUE('Tool',$,IFCLABEL('ori_takeoff 0.1.0'),$);
#1793=IFCPROPERTYSINGLEVALUE('HeightSource',$,IFCLABEL('overlay'),$);
#1794=IFCPROPERTYSINGLEVALUE('SourcePage',$,IFCINTEGER(2),$);
#1795=IFCWALL('3TGC0yhHf8ChZtqAalLXZQ',$,'V2',$,$,#1822,#1817,$,.SOLIDWALL.);
#1801=IFCCARTESIANPOINT((8483.6000000000004,152.39999999999998));
#1802=IFCCARTESIANPOINT((8597.8999999999996,152.39999999999998));
#1803=IFCCARTESIANPOINT((8597.8999999999996,4724.3999999999996));
#1804=IFCCARTESIANPOINT((8483.6000000000004,4724.3999999999996));
#1805=IFCCARTESIANPOINT((8483.6000000000004,152.39999999999998));
#1806=IFCPOLYLINE((#1801,#1802,#1803,#1804,#1805));
#1807=IFCARBITRARYCLOSEDPROFILEDEF(.AREA.,$,#1806);
#1808=IFCCARTESIANPOINT((0.,0.,0.));
#1809=IFCAXIS2PLACEMENT3D(#1808,$,$);
#1810=IFCDIRECTION((0.,0.,1.));
#1811=IFCEXTRUDEDAREASOLID(#1807,#1809,#1810,2667.);
#1812=IFCSHAPEREPRESENTATION(#11,'Body','SweptSolid',(#1811));
#1813=IFCCARTESIANPOINT((8540.75,152.39999999999998));
#1814=IFCCARTESIANPOINT((8540.75,4724.3999999999996));
#1815=IFCPOLYLINE((#1813,#1814));
#1816=IFCSHAPEREPRESENTATION(#12,'Axis','Curve2D',(#1815));
#1817=IFCPRODUCTDEFINITIONSHAPE($,$,(#1812,#1816));
#1818=IFCCARTESIANPOINT((0.,0.,0.));
#1819=IFCDIRECTION((0.,0.,1.));
#1820=IFCDIRECTION((1.,0.,0.));
#1821=IFCAXIS2PLACEMENT3D(#1818,#1819,#1820);
#1822=IFCLOCALPLACEMENT(#1527,#1821);
#1823=IFCPROPERTYSET('0Alob9yMr4W8lbY7oJ3Ejo',$,'Pset_ORI_Takeoff',$,(#1825,#1826,#1827,#1828,#1829,#1830,#1831));
#1824=IFCRELDEFINESBYPROPERTIES('2tR$63b_vA3gVR5ZahKwQj',$,$,$,(#1795),#1823);
#1825=IFCPROPERTYSINGLEVALUE('Method',$,IFCLABEL('authored_ground_truth'),$);
#1826=IFCPROPERTYSINGLEVALUE('ReviewStatus',$,IFCLABEL('confirmed'),$);
#1827=IFCPROPERTYSINGLEVALUE('Confidence',$,IFCREAL(1.),$);
#1828=IFCPROPERTYSINGLEVALUE('OverlayElementId',$,IFCLABEL('p2-V2'),$);
#1829=IFCPROPERTYSINGLEVALUE('Tool',$,IFCLABEL('ori_takeoff 0.1.0'),$);
#1830=IFCPROPERTYSINGLEVALUE('HeightSource',$,IFCLABEL('overlay'),$);
#1831=IFCPROPERTYSINGLEVALUE('SourcePage',$,IFCINTEGER(2),$);
#1832=IFCOPENINGELEMENT('38Z8dadPLBsQ39oevyUhO4',$,'Opening p2-D201',$,$,#1865,#1850,$,$);
#1838=IFCCARTESIANPOINT((5181.5999999999995,1524.));
#1839=IFCCARTESIANPOINT((5295.8999999999996,1524.));
#1840=IFCCARTESIANPOINT((5295.8999999999996,2336.7999999999997));
#1841=IFCCARTESIANPOINT((5181.5999999999995,2336.7999999999997));
#1842=IFCCARTESIANPOINT((5181.5999999999995,1524.));
#1843=IFCPOLYLINE((#1838,#1839,#1840,#1841,#1842));
#1844=IFCARBITRARYCLOSEDPROFILEDEF(.AREA.,$,#1843);
#1845=IFCCARTESIANPOINT((0.,0.,0.));
#1846=IFCAXIS2PLACEMENT3D(#1845,$,$);
#1847=IFCDIRECTION((0.,0.,1.));
#1848=IFCEXTRUDEDAREASOLID(#1844,#1846,#1847,2032.);
#1849=IFCSHAPEREPRESENTATION(#11,'Body','SweptSolid',(#1848));
#1850=IFCPRODUCTDEFINITIONSHAPE($,$,(#1849));
#1851=IFCPROPERTYSET('3_P9Tnjvf05Qrw5U4_UvOG',$,'Pset_ORI_Takeoff',$,(#1853,#1854,#1855,#1856,#1857,#1858,#1859));
#1852=IFCRELDEFINESBYPROPERTIES('1Ss2MJJVH7COT5a4go0Nfx',$,$,$,(#1832),#1851);
#1853=IFCPROPERTYSINGLEVALUE('Method',$,IFCLABEL('authored_ground_truth'),$);
#1854=IFCPROPERTYSINGLEVALUE('ReviewStatus',$,IFCLABEL('confirmed'),$);
#1855=IFCPROPERTYSINGLEVALUE('Confidence',$,IFCREAL(1.),$);
#1856=IFCPROPERTYSINGLEVALUE('OverlayElementId',$,IFCLABEL('p2-D201'),$);
#1857=IFCPROPERTYSINGLEVALUE('Tool',$,IFCLABEL('ori_takeoff 0.1.0'),$);
#1858=IFCPROPERTYSINGLEVALUE('HeightSource',$,IFCLABEL('placeholder_not_from_plan'),$);
#1859=IFCPROPERTYSINGLEVALUE('SourcePage',$,IFCINTEGER(2),$);
#1860=IFCRELVOIDSELEMENT('2q171p_5P52AreK7J0i5B5',$,$,$,#1684,#1832);
#1861=IFCCARTESIANPOINT((0.,0.,0.));
#1862=IFCDIRECTION((0.,0.,1.));
#1863=IFCDIRECTION((1.,0.,0.));
#1864=IFCAXIS2PLACEMENT3D(#1861,#1862,#1863);
#1865=IFCLOCALPLACEMENT(#1711,#1864);
#1866=IFCDOOR('0P0b4Ji3r5Oxfk8MuWyGHK',$,'D201',$,$,#1889,#1884,$,$,812.79999999999995,$,$,$);
#1872=IFCCARTESIANPOINT((5181.5999999999995,1524.));
#1873=IFCCARTESIANPOINT((5295.8999999999996,1524.));
#1874=IFCCARTESIANPOINT((5295.8999999999996,2336.7999999999997));
#1875=IFCCARTESIANPOINT((5181.5999999999995,2336.7999999999997));
#1876=IFCCARTESIANPOINT((5181.5999999999995,1524.));
#1877=IFCPOLYLINE((#1872,#1873,#1874,#1875,#1876));
#1878=IFCARBITRARYCLOSEDPROFILEDEF(.AREA.,$,#1877);
#1879=IFCCARTESIANPOINT((0.,0.,0.));
#1880=IFCAXIS2PLACEMENT3D(#1879,$,$);
#1881=IFCDIRECTION((0.,0.,1.));
#1882=IFCEXTRUDEDAREASOLID(#1878,#1880,#1881,2032.);
#1883=IFCSHAPEREPRESENTATION(#11,'Body','SweptSolid',(#1882));
#1884=IFCPRODUCTDEFINITIONSHAPE($,$,(#1883));
#1885=IFCCARTESIANPOINT((0.,0.,0.));
#1886=IFCDIRECTION((0.,0.,1.));
#1887=IFCDIRECTION((1.,0.,0.));
#1888=IFCAXIS2PLACEMENT3D(#1885,#1886,#1887);
#1889=IFCLOCALPLACEMENT(#1527,#1888);
#1890=IFCRELFILLSELEMENT('39M_LKk6vAsvB0J0iqfIZp',$,$,$,#1832,#1866);
#1891=IFCPROPERTYSET('0XKbxV6d95MRzqI1tUaz9r',$,'Pset_ORI_Takeoff',$,(#1893,#1894,#1895,#1896,#1897,#1898,#1899));
#1892=IFCRELDEFINESBYPROPERTIES('1uHjsDr45EQBnPeZpfEg2G',$,$,$,(#1866),#1891);
#1893=IFCPROPERTYSINGLEVALUE('Method',$,IFCLABEL('authored_ground_truth'),$);
#1894=IFCPROPERTYSINGLEVALUE('ReviewStatus',$,IFCLABEL('confirmed'),$);
#1895=IFCPROPERTYSINGLEVALUE('Confidence',$,IFCREAL(1.),$);
#1896=IFCPROPERTYSINGLEVALUE('OverlayElementId',$,IFCLABEL('p2-D201'),$);
#1897=IFCPROPERTYSINGLEVALUE('Tool',$,IFCLABEL('ori_takeoff 0.1.0'),$);
#1898=IFCPROPERTYSINGLEVALUE('HeightSource',$,IFCLABEL('placeholder_not_from_plan'),$);
#1899=IFCPROPERTYSINGLEVALUE('SourcePage',$,IFCINTEGER(2),$);
#1900=IFCPROPERTYSET('1sbhgXL4v05P3Voe1t7L9U',$,'Pset_ORI_DoorSwing',$,(#1902));
#1901=IFCRELDEFINESBYPROPERTIES('2K1hEAbaXDDOIeBkX590ns',$,$,$,(#1866),#1900);
#1902=IFCPROPERTYSINGLEVALUE('RadiusIn',$,IFCINTEGER(32),$);
#1903=IFCOPENINGELEMENT('0NI27wtBvAfxP4DaidUKX1',$,'Opening p2-D202',$,$,#1936,#1921,$,$);
#1909=IFCCARTESIANPOINT((5181.5999999999995,3810.));
#1910=IFCCARTESIANPOINT((5295.8999999999996,3810.));
#1911=IFCCARTESIANPOINT((5295.8999999999996,4622.8000000000002));
#1912=IFCCARTESIANPOINT((5181.5999999999995,4622.8000000000002));
#1913=IFCCARTESIANPOINT((5181.5999999999995,3810.));
#1914=IFCPOLYLINE((#1909,#1910,#1911,#1912,#1913));
#1915=IFCARBITRARYCLOSEDPROFILEDEF(.AREA.,$,#1914);
#1916=IFCCARTESIANPOINT((0.,0.,0.));
#1917=IFCAXIS2PLACEMENT3D(#1916,$,$);
#1918=IFCDIRECTION((0.,0.,1.));
#1919=IFCEXTRUDEDAREASOLID(#1915,#1917,#1918,2032.);
#1920=IFCSHAPEREPRESENTATION(#11,'Body','SweptSolid',(#1919));
#1921=IFCPRODUCTDEFINITIONSHAPE($,$,(#1920));
#1922=IFCPROPERTYSET('34iuWmjwLClh3pAkU4iMPk',$,'Pset_ORI_Takeoff',$,(#1924,#1925,#1926,#1927,#1928,#1929,#1930));
#1923=IFCRELDEFINESBYPROPERTIES('3C9x1o6cj7MeaydZiPxrbk',$,$,$,(#1903),#1922);
#1924=IFCPROPERTYSINGLEVALUE('Method',$,IFCLABEL('authored_ground_truth'),$);
#1925=IFCPROPERTYSINGLEVALUE('ReviewStatus',$,IFCLABEL('confirmed'),$);
#1926=IFCPROPERTYSINGLEVALUE('Confidence',$,IFCREAL(1.),$);
#1927=IFCPROPERTYSINGLEVALUE('OverlayElementId',$,IFCLABEL('p2-D202'),$);
#1928=IFCPROPERTYSINGLEVALUE('Tool',$,IFCLABEL('ori_takeoff 0.1.0'),$);
#1929=IFCPROPERTYSINGLEVALUE('HeightSource',$,IFCLABEL('placeholder_not_from_plan'),$);
#1930=IFCPROPERTYSINGLEVALUE('SourcePage',$,IFCINTEGER(2),$);
#1931=IFCRELVOIDSELEMENT('0a9$SEJVb9beM0eNVv_uuo',$,$,$,#1684,#1903);
#1932=IFCCARTESIANPOINT((0.,0.,0.));
#1933=IFCDIRECTION((0.,0.,1.));
#1934=IFCDIRECTION((1.,0.,0.));
#1935=IFCAXIS2PLACEMENT3D(#1932,#1933,#1934);
#1936=IFCLOCALPLACEMENT(#1711,#1935);
#1937=IFCDOOR('1nABpgodr3Nh45uaA$hIox',$,'D202',$,$,#1960,#1955,$,$,812.79999999999995,$,$,$);
#1943=IFCCARTESIANPOINT((5181.5999999999995,3810.));
#1944=IFCCARTESIANPOINT((5295.8999999999996,3810.));
#1945=IFCCARTESIANPOINT((5295.8999999999996,4622.8000000000002));
#1946=IFCCARTESIANPOINT((5181.5999999999995,4622.8000000000002));
#1947=IFCCARTESIANPOINT((5181.5999999999995,3810.));
#1948=IFCPOLYLINE((#1943,#1944,#1945,#1946,#1947));
#1949=IFCARBITRARYCLOSEDPROFILEDEF(.AREA.,$,#1948);
#1950=IFCCARTESIANPOINT((0.,0.,0.));
#1951=IFCAXIS2PLACEMENT3D(#1950,$,$);
#1952=IFCDIRECTION((0.,0.,1.));
#1953=IFCEXTRUDEDAREASOLID(#1949,#1951,#1952,2032.);
#1954=IFCSHAPEREPRESENTATION(#11,'Body','SweptSolid',(#1953));
#1955=IFCPRODUCTDEFINITIONSHAPE($,$,(#1954));
#1956=IFCCARTESIANPOINT((0.,0.,0.));
#1957=IFCDIRECTION((0.,0.,1.));
#1958=IFCDIRECTION((1.,0.,0.));
#1959=IFCAXIS2PLACEMENT3D(#1956,#1957,#1958);
#1960=IFCLOCALPLACEMENT(#1527,#1959);
#1961=IFCRELFILLSELEMENT('3jllmnxLT6pvRu2SvCg4mG',$,$,$,#1903,#1937);
#1962=IFCPROPERTYSET('3N9rEGUmD65RzKb1WgrWEJ',$,'Pset_ORI_Takeoff',$,(#1964,#1965,#1966,#1967,#1968,#1969,#1970));
#1963=IFCRELDEFINESBYPROPERTIES('3F12KY_8b93wb$pbG69uuk',$,$,$,(#1937),#1962);
#1964=IFCPROPERTYSINGLEVALUE('Method',$,IFCLABEL('authored_ground_truth'),$);
#1965=IFCPROPERTYSINGLEVALUE('ReviewStatus',$,IFCLABEL('confirmed'),$);
#1966=IFCPROPERTYSINGLEVALUE('Confidence',$,IFCREAL(1.),$);
#1967=IFCPROPERTYSINGLEVALUE('OverlayElementId',$,IFCLABEL('p2-D202'),$);
#1968=IFCPROPERTYSINGLEVALUE('Tool',$,IFCLABEL('ori_takeoff 0.1.0'),$);
#1969=IFCPROPERTYSINGLEVALUE('HeightSource',$,IFCLABEL('placeholder_not_from_plan'),$);
#1970=IFCPROPERTYSINGLEVALUE('SourcePage',$,IFCINTEGER(2),$);
#1971=IFCPROPERTYSET('1YhQ7FE6jFZg$Vy8KWnaow',$,'Pset_ORI_DoorSwing',$,(#1973));
#1972=IFCRELDEFINESBYPROPERTIES('0iJZ$xPFzAfx2N8WvYeI3h',$,$,$,(#1937),#1971);
#1973=IFCPROPERTYSINGLEVALUE('RadiusIn',$,IFCINTEGER(32),$);
#1974=IFCOPENINGELEMENT('2AGUdAFH1CNuvQbS_enepf',$,'Opening p2-D203',$,$,#2007,#1992,$,$);
#1980=IFCCARTESIANPOINT((5588.,4724.3999999999996));
#1981=IFCCARTESIANPOINT((6400.7999999999993,4724.3999999999996));
#1982=IFCCARTESIANPOINT((6400.7999999999993,4838.6999999999998));
#1983=IFCCARTESIANPOINT((5588.,4838.6999999999998));
#1984=IFCCARTESIANPOINT((5588.,4724.3999999999996));
#1985=IFCPOLYLINE((#1980,#1981,#1982,#1983,#1984));
#1986=IFCARBITRARYCLOSEDPROFILEDEF(.AREA.,$,#1985);
#1987=IFCCARTESIANPOINT((0.,0.,0.));
#1988=IFCAXIS2PLACEMENT3D(#1987,$,$);
#1989=IFCDIRECTION((0.,0.,1.));
#1990=IFCEXTRUDEDAREASOLID(#1986,#1988,#1989,2032.);
#1991=IFCSHAPEREPRESENTATION(#11,'Body','SweptSolid',(#1990));
#1992=IFCPRODUCTDEFINITIONSHAPE($,$,(#1991));
#1993=IFCPROPERTYSET('1RQJOVM9f9xu7hdqTk_EkM',$,'Pset_ORI_Takeoff',$,(#1995,#1996,#1997,#1998,#1999,#2000,#2001));
#1994=IFCRELDEFINESBYPROPERTIES('0aGW_c7z5A9OF_YVLo4iQL',$,$,$,(#1974),#1993);
#1995=IFCPROPERTYSINGLEVALUE('Method',$,IFCLABEL('authored_ground_truth'),$);
#1996=IFCPROPERTYSINGLEVALUE('ReviewStatus',$,IFCLABEL('confirmed'),$);
#1997=IFCPROPERTYSINGLEVALUE('Confidence',$,IFCREAL(1.),$);
#1998=IFCPROPERTYSINGLEVALUE('OverlayElementId',$,IFCLABEL('p2-D203'),$);
#1999=IFCPROPERTYSINGLEVALUE('Tool',$,IFCLABEL('ori_takeoff 0.1.0'),$);
#2000=IFCPROPERTYSINGLEVALUE('HeightSource',$,IFCLABEL('placeholder_not_from_plan'),$);
#2001=IFCPROPERTYSINGLEVALUE('SourcePage',$,IFCINTEGER(2),$);
#2002=IFCRELVOIDSELEMENT('3i6Kc0le1BuPrul9Ss9ZuD',$,$,$,#1758,#1974);
#2003=IFCCARTESIANPOINT((0.,0.,0.));
#2004=IFCDIRECTION((0.,0.,1.));
#2005=IFCDIRECTION((1.,0.,0.));
#2006=IFCAXIS2PLACEMENT3D(#2003,#2004,#2005);
#2007=IFCLOCALPLACEMENT(#1785,#2006);
#2008=IFCDOOR('3VQpNqZuz4Ru$k2ddrqdOh',$,'D203',$,$,#2031,#2026,$,$,812.79999999999995,$,$,$);
#2014=IFCCARTESIANPOINT((5588.,4724.3999999999996));
#2015=IFCCARTESIANPOINT((6400.7999999999993,4724.3999999999996));
#2016=IFCCARTESIANPOINT((6400.7999999999993,4838.6999999999998));
#2017=IFCCARTESIANPOINT((5588.,4838.6999999999998));
#2018=IFCCARTESIANPOINT((5588.,4724.3999999999996));
#2019=IFCPOLYLINE((#2014,#2015,#2016,#2017,#2018));
#2020=IFCARBITRARYCLOSEDPROFILEDEF(.AREA.,$,#2019);
#2021=IFCCARTESIANPOINT((0.,0.,0.));
#2022=IFCAXIS2PLACEMENT3D(#2021,$,$);
#2023=IFCDIRECTION((0.,0.,1.));
#2024=IFCEXTRUDEDAREASOLID(#2020,#2022,#2023,2032.);
#2025=IFCSHAPEREPRESENTATION(#11,'Body','SweptSolid',(#2024));
#2026=IFCPRODUCTDEFINITIONSHAPE($,$,(#2025));
#2027=IFCCARTESIANPOINT((0.,0.,0.));
#2028=IFCDIRECTION((0.,0.,1.));
#2029=IFCDIRECTION((1.,0.,0.));
#2030=IFCAXIS2PLACEMENT3D(#2027,#2028,#2029);
#2031=IFCLOCALPLACEMENT(#1527,#2030);
#2032=IFCRELFILLSELEMENT('1JYIhpks55_8nv7CyYiHcF',$,$,$,#1974,#2008);
#2033=IFCPROPERTYSET('2ymGfouYb19Awe$QEhe$qF',$,'Pset_ORI_Takeoff',$,(#2035,#2036,#2037,#2038,#2039,#2040,#2041));
#2034=IFCRELDEFINESBYPROPERTIES('0DKWDBMKTDfRsnu0KKW4s5',$,$,$,(#2008),#2033);
#2035=IFCPROPERTYSINGLEVALUE('Method',$,IFCLABEL('authored_ground_truth'),$);
#2036=IFCPROPERTYSINGLEVALUE('ReviewStatus',$,IFCLABEL('confirmed'),$);
#2037=IFCPROPERTYSINGLEVALUE('Confidence',$,IFCREAL(1.),$);
#2038=IFCPROPERTYSINGLEVALUE('OverlayElementId',$,IFCLABEL('p2-D203'),$);
#2039=IFCPROPERTYSINGLEVALUE('Tool',$,IFCLABEL('ori_takeoff 0.1.0'),$);
#2040=IFCPROPERTYSINGLEVALUE('HeightSource',$,IFCLABEL('placeholder_not_from_plan'),$);
#2041=IFCPROPERTYSINGLEVALUE('SourcePage',$,IFCINTEGER(2),$);
#2042=IFCPROPERTYSET('3b4sY8R2TDsBmj00OqvpyB',$,'Pset_ORI_DoorSwing',$,(#2044));
#2043=IFCRELDEFINESBYPROPERTIES('2CRUrHE3v3n98M$Xz4Dyph',$,$,$,(#2008),#2042);
#2044=IFCPROPERTYSINGLEVALUE('RadiusIn',$,IFCINTEGER(32),$);
#2045=IFCOPENINGELEMENT('2Bw$t9vwLCFuSBMtO8JKbq',$,'Opening p2-D204',$,$,#2078,#2063,$,$);
#2051=IFCCARTESIANPOINT((8483.6000000000004,3810.));
#2052=IFCCARTESIANPOINT((8597.8999999999996,3810.));
#2053=IFCCARTESIANPOINT((8597.8999999999996,4521.1999999999998));
#2054=IFCCARTESIANPOINT((8483.6000000000004,4521.1999999999998));
#2055=IFCCARTESIANPOINT((8483.6000000000004,3810.));
#2056=IFCPOLYLINE((#2051,#2052,#2053,#2054,#2055));
#2057=IFCARBITRARYCLOSEDPROFILEDEF(.AREA.,$,#2056);
#2058=IFCCARTESIANPOINT((0.,0.,0.));
#2059=IFCAXIS2PLACEMENT3D(#2058,$,$);
#2060=IFCDIRECTION((0.,0.,1.));
#2061=IFCEXTRUDEDAREASOLID(#2057,#2059,#2060,2032.);
#2062=IFCSHAPEREPRESENTATION(#11,'Body','SweptSolid',(#2061));
#2063=IFCPRODUCTDEFINITIONSHAPE($,$,(#2062));
#2064=IFCPROPERTYSET('1zqUOkkXHEvB$ykla_B2My',$,'Pset_ORI_Takeoff',$,(#2066,#2067,#2068,#2069,#2070,#2071,#2072));
#2065=IFCRELDEFINESBYPROPERTIES('1LAahFnijE4vAGVxBvnhrR',$,$,$,(#2045),#2064);
#2066=IFCPROPERTYSINGLEVALUE('Method',$,IFCLABEL('authored_ground_truth'),$);
#2067=IFCPROPERTYSINGLEVALUE('ReviewStatus',$,IFCLABEL('confirmed'),$);
#2068=IFCPROPERTYSINGLEVALUE('Confidence',$,IFCREAL(1.),$);
#2069=IFCPROPERTYSINGLEVALUE('OverlayElementId',$,IFCLABEL('p2-D204'),$);
#2070=IFCPROPERTYSINGLEVALUE('Tool',$,IFCLABEL('ori_takeoff 0.1.0'),$);
#2071=IFCPROPERTYSINGLEVALUE('HeightSource',$,IFCLABEL('placeholder_not_from_plan'),$);
#2072=IFCPROPERTYSINGLEVALUE('SourcePage',$,IFCINTEGER(2),$);
#2073=IFCRELVOIDSELEMENT('19gXpD3O93seyS4Yq7qChk',$,$,$,#1795,#2045);
#2074=IFCCARTESIANPOINT((0.,0.,0.));
#2075=IFCDIRECTION((0.,0.,1.));
#2076=IFCDIRECTION((1.,0.,0.));
#2077=IFCAXIS2PLACEMENT3D(#2074,#2075,#2076);
#2078=IFCLOCALPLACEMENT(#1822,#2077);
#2079=IFCDOOR('12zacwjz921Rh17SCtesDu',$,'D204',$,$,#2102,#2097,$,$,711.19999999999993,$,$,$);
#2085=IFCCARTESIANPOINT((8483.6000000000004,3810.));
#2086=IFCCARTESIANPOINT((8597.8999999999996,3810.));
#2087=IFCCARTESIANPOINT((8597.8999999999996,4521.1999999999998));
#2088=IFCCARTESIANPOINT((8483.6000000000004,4521.1999999999998));
#2089=IFCCARTESIANPOINT((8483.6000000000004,3810.));
#2090=IFCPOLYLINE((#2085,#2086,#2087,#2088,#2089));
#2091=IFCARBITRARYCLOSEDPROFILEDEF(.AREA.,$,#2090);
#2092=IFCCARTESIANPOINT((0.,0.,0.));
#2093=IFCAXIS2PLACEMENT3D(#2092,$,$);
#2094=IFCDIRECTION((0.,0.,1.));
#2095=IFCEXTRUDEDAREASOLID(#2091,#2093,#2094,2032.);
#2096=IFCSHAPEREPRESENTATION(#11,'Body','SweptSolid',(#2095));
#2097=IFCPRODUCTDEFINITIONSHAPE($,$,(#2096));
#2098=IFCCARTESIANPOINT((0.,0.,0.));
#2099=IFCDIRECTION((0.,0.,1.));
#2100=IFCDIRECTION((1.,0.,0.));
#2101=IFCAXIS2PLACEMENT3D(#2098,#2099,#2100);
#2102=IFCLOCALPLACEMENT(#1527,#2101);
#2103=IFCRELFILLSELEMENT('243wFxqzf16eCvJM10YZ77',$,$,$,#2045,#2079);
#2104=IFCPROPERTYSET('2UecO8cpTEivFC3PqxCXTh',$,'Pset_ORI_Takeoff',$,(#2106,#2107,#2108,#2109,#2110,#2111,#2112));
#2105=IFCRELDEFINESBYPROPERTIES('2__CA35NHFFOz7KBYDVpl9',$,$,$,(#2079),#2104);
#2106=IFCPROPERTYSINGLEVALUE('Method',$,IFCLABEL('authored_ground_truth'),$);
#2107=IFCPROPERTYSINGLEVALUE('ReviewStatus',$,IFCLABEL('confirmed'),$);
#2108=IFCPROPERTYSINGLEVALUE('Confidence',$,IFCREAL(1.),$);
#2109=IFCPROPERTYSINGLEVALUE('OverlayElementId',$,IFCLABEL('p2-D204'),$);
#2110=IFCPROPERTYSINGLEVALUE('Tool',$,IFCLABEL('ori_takeoff 0.1.0'),$);
#2111=IFCPROPERTYSINGLEVALUE('HeightSource',$,IFCLABEL('placeholder_not_from_plan'),$);
#2112=IFCPROPERTYSINGLEVALUE('SourcePage',$,IFCINTEGER(2),$);
#2113=IFCPROPERTYSET('0gCGUTVc5ALQvJH9w97roF',$,'Pset_ORI_DoorSwing',$,(#2115));
#2114=IFCRELDEFINESBYPROPERTIES('1JiW3M6091KgR5tITagvAd',$,$,$,(#2079),#2113);
#2115=IFCPROPERTYSINGLEVALUE('RadiusIn',$,IFCINTEGER(28),$);
#2116=IFCOPENINGELEMENT('13mTRN7in9hfe$QtnSPQBo',$,'Opening p2-W201',$,$,#2149,#2134,$,$);
#2122=IFCCARTESIANPOINT((1778.,0.));
#2123=IFCCARTESIANPOINT((3302.,0.));
#2124=IFCCARTESIANPOINT((3302.,152.39999999999998));
#2125=IFCCARTESIANPOINT((1778.,152.39999999999998));
#2126=IFCCARTESIANPOINT((1778.,0.));
#2127=IFCPOLYLINE((#2122,#2123,#2124,#2125,#2126));
#2128=IFCARBITRARYCLOSEDPROFILEDEF(.AREA.,$,#2127);
#2129=IFCCARTESIANPOINT((0.,0.,914.39999999999998));
#2130=IFCAXIS2PLACEMENT3D(#2129,$,$);
#2131=IFCDIRECTION((0.,0.,1.));
#2132=IFCEXTRUDEDAREASOLID(#2128,#2130,#2131,1219.1999999999998);
#2133=IFCSHAPEREPRESENTATION(#11,'Body','SweptSolid',(#2132));
#2134=IFCPRODUCTDEFINITIONSHAPE($,$,(#2133));
#2135=IFCPROPERTYSET('2LQZaoap17UxP3Drrleufx',$,'Pset_ORI_Takeoff',$,(#2137,#2138,#2139,#2140,#2141,#2142,#2143));
#2136=IFCRELDEFINESBYPROPERTIES('2SuruSrJDC0OoumPjd2yVJ',$,$,$,(#2116),#2135);
#2137=IFCPROPERTYSINGLEVALUE('Method',$,IFCLABEL('authored_ground_truth'),$);
#2138=IFCPROPERTYSINGLEVALUE('ReviewStatus',$,IFCLABEL('confirmed'),$);
#2139=IFCPROPERTYSINGLEVALUE('Confidence',$,IFCREAL(1.),$);
#2140=IFCPROPERTYSINGLEVALUE('OverlayElementId',$,IFCLABEL('p2-W201'),$);
#2141=IFCPROPERTYSINGLEVALUE('Tool',$,IFCLABEL('ori_takeoff 0.1.0'),$);
#2142=IFCPROPERTYSINGLEVALUE('HeightSource',$,IFCLABEL('placeholder_not_from_plan'),$);
#2143=IFCPROPERTYSINGLEVALUE('SourcePage',$,IFCINTEGER(2),$);
#2144=IFCRELVOIDSELEMENT('3NpUHXq1TE5Bj4eWtd00hH',$,$,$,#1535,#2116);
#2145=IFCCARTESIANPOINT((0.,0.,0.));
#2146=IFCDIRECTION((0.,0.,1.));
#2147=IFCDIRECTION((1.,0.,0.));
#2148=IFCAXIS2PLACEMENT3D(#2145,#2146,#2147);
#2149=IFCLOCALPLACEMENT(#1563,#2148);
#2150=IFCWINDOW('2okvBz5NL3Rv5_yBnRIFHf',$,'W201',$,$,#2173,#2168,$,$,1524.,$,$,$);
#2156=IFCCARTESIANPOINT((1778.,0.));
#2157=IFCCARTESIANPOINT((3302.,0.));
#2158=IFCCARTESIANPOINT((3302.,152.39999999999998));
#2159=IFCCARTESIANPOINT((1778.,152.39999999999998));
#2160=IFCCARTESIANPOINT((1778.,0.));
#2161=IFCPOLYLINE((#2156,#2157,#2158,#2159,#2160));
#2162=IFCARBITRARYCLOSEDPROFILEDEF(.AREA.,$,#2161);
#2163=IFCCARTESIANPOINT((0.,0.,914.39999999999998));
#2164=IFCAXIS2PLACEMENT3D(#2163,$,$);
#2165=IFCDIRECTION((0.,0.,1.));
#2166=IFCEXTRUDEDAREASOLID(#2162,#2164,#2165,1219.1999999999998);
#2167=IFCSHAPEREPRESENTATION(#11,'Body','SweptSolid',(#2166));
#2168=IFCPRODUCTDEFINITIONSHAPE($,$,(#2167));
#2169=IFCCARTESIANPOINT((0.,0.,0.));
#2170=IFCDIRECTION((0.,0.,1.));
#2171=IFCDIRECTION((1.,0.,0.));
#2172=IFCAXIS2PLACEMENT3D(#2169,#2170,#2171);
#2173=IFCLOCALPLACEMENT(#1527,#2172);
#2174=IFCRELFILLSELEMENT('1oXojpcRX1eBe2$TDmVPFY',$,$,$,#2116,#2150);
#2175=IFCPROPERTYSET('03iOCLwIv4zei9rI3J_PoR',$,'Pset_ORI_Takeoff',$,(#2177,#2178,#2179,#2180,#2181,#2182,#2183));
#2176=IFCRELDEFINESBYPROPERTIES('1$4PqAiRT2rvl_doWaiLay',$,$,$,(#2150),#2175);
#2177=IFCPROPERTYSINGLEVALUE('Method',$,IFCLABEL('authored_ground_truth'),$);
#2178=IFCPROPERTYSINGLEVALUE('ReviewStatus',$,IFCLABEL('confirmed'),$);
#2179=IFCPROPERTYSINGLEVALUE('Confidence',$,IFCREAL(1.),$);
#2180=IFCPROPERTYSINGLEVALUE('OverlayElementId',$,IFCLABEL('p2-W201'),$);
#2181=IFCPROPERTYSINGLEVALUE('Tool',$,IFCLABEL('ori_takeoff 0.1.0'),$);
#2182=IFCPROPERTYSINGLEVALUE('HeightSource',$,IFCLABEL('placeholder_not_from_plan'),$);
#2183=IFCPROPERTYSINGLEVALUE('SourcePage',$,IFCINTEGER(2),$);
#2184=IFCOPENINGELEMENT('2lKB1FV8LF6exkklLpwDJu',$,'Opening p2-W202',$,$,#2217,#2202,$,$);
#2190=IFCCARTESIANPOINT((0.,1016.));
#2191=IFCCARTESIANPOINT((152.39999999999998,1016.));
#2192=IFCCARTESIANPOINT((152.39999999999998,2032.));
#2193=IFCCARTESIANPOINT((0.,2032.));
#2194=IFCCARTESIANPOINT((0.,1016.));
#2195=IFCPOLYLINE((#2190,#2191,#2192,#2193,#2194));
#2196=IFCARBITRARYCLOSEDPROFILEDEF(.AREA.,$,#2195);
#2197=IFCCARTESIANPOINT((0.,0.,914.39999999999998));
#2198=IFCAXIS2PLACEMENT3D(#2197,$,$);
#2199=IFCDIRECTION((0.,0.,1.));
#2200=IFCEXTRUDEDAREASOLID(#2196,#2198,#2199,1219.1999999999998);
#2201=IFCSHAPEREPRESENTATION(#11,'Body','SweptSolid',(#2200));
#2202=IFCPRODUCTDEFINITIONSHAPE($,$,(#2201));
#2203=IFCPROPERTYSET('0ZT_HAEBn3W86n3HZ2zXqj',$,'Pset_ORI_Takeoff',$,(#2205,#2206,#2207,#2208,#2209,#2210,#2211));
#2204=IFCRELDEFINESBYPROPERTIES('2gYIAb8Wj1kQS7eoJ0HuYN',$,$,$,(#2184),#2203);
#2205=IFCPROPERTYSINGLEVALUE('Method',$,IFCLABEL('authored_ground_truth'),$);
#2206=IFCPROPERTYSINGLEVALUE('ReviewStatus',$,IFCLABEL('confirmed'),$);
#2207=IFCPROPERTYSINGLEVALUE('Confidence',$,IFCREAL(1.),$);
#2208=IFCPROPERTYSINGLEVALUE('OverlayElementId',$,IFCLABEL('p2-W202'),$);
#2209=IFCPROPERTYSINGLEVALUE('Tool',$,IFCLABEL('ori_takeoff 0.1.0'),$);
#2210=IFCPROPERTYSINGLEVALUE('HeightSource',$,IFCLABEL('placeholder_not_from_plan'),$);
#2211=IFCPROPERTYSINGLEVALUE('SourcePage',$,IFCINTEGER(2),$);
#2212=IFCRELVOIDSELEMENT('37p_tYlG57OAL0Sje6Wdfx',$,$,$,#1610,#2184);
#2213=IFCCARTESIANPOINT((0.,0.,0.));
#2214=IFCDIRECTION((0.,0.,1.));
#2215=IFCDIRECTION((1.,0.,0.));
#2216=IFCAXIS2PLACEMENT3D(#2213,#2214,#2215);
#2217=IFCLOCALPLACEMENT(#1637,#2216);
#2218=IFCWINDOW('2Ro6mEpDf4of_oYyDXVyup',$,'W202',$,$,#2241,#2236,$,$,1016.,$,$,$);
#2224=IFCCARTESIANPOINT((0.,1016.));
#2225=IFCCARTESIANPOINT((152.39999999999998,1016.));
#2226=IFCCARTESIANPOINT((152.39999999999998,2032.));
#2227=IFCCARTESIANPOINT((0.,2032.));
#2228=IFCCARTESIANPOINT((0.,1016.));
#2229=IFCPOLYLINE((#2224,#2225,#2226,#2227,#2228));
#2230=IFCARBITRARYCLOSEDPROFILEDEF(.AREA.,$,#2229);
#2231=IFCCARTESIANPOINT((0.,0.,914.39999999999998));
#2232=IFCAXIS2PLACEMENT3D(#2231,$,$);
#2233=IFCDIRECTION((0.,0.,1.));
#2234=IFCEXTRUDEDAREASOLID(#2230,#2232,#2233,1219.1999999999998);
#2235=IFCSHAPEREPRESENTATION(#11,'Body','SweptSolid',(#2234));
#2236=IFCPRODUCTDEFINITIONSHAPE($,$,(#2235));
#2237=IFCCARTESIANPOINT((0.,0.,0.));
#2238=IFCDIRECTION((0.,0.,1.));
#2239=IFCDIRECTION((1.,0.,0.));
#2240=IFCAXIS2PLACEMENT3D(#2237,#2238,#2239);
#2241=IFCLOCALPLACEMENT(#1527,#2240);
#2242=IFCRELFILLSELEMENT('34qc9ywGP46xeqe6Q_goEn',$,$,$,#2184,#2218);
#2243=IFCPROPERTYSET('3Alyz5zOz12u$Q3nyx4iA5',$,'Pset_ORI_Takeoff',$,(#2245,#2246,#2247,#2248,#2249,#2250,#2251));
#2244=IFCRELDEFINESBYPROPERTIES('2wrtHVkpT8Pud5vr8HwP$a',$,$,$,(#2218),#2243);
#2245=IFCPROPERTYSINGLEVALUE('Method',$,IFCLABEL('authored_ground_truth'),$);
#2246=IFCPROPERTYSINGLEVALUE('ReviewStatus',$,IFCLABEL('confirmed'),$);
#2247=IFCPROPERTYSINGLEVALUE('Confidence',$,IFCREAL(1.),$);
#2248=IFCPROPERTYSINGLEVALUE('OverlayElementId',$,IFCLABEL('p2-W202'),$);
#2249=IFCPROPERTYSINGLEVALUE('Tool',$,IFCLABEL('ori_takeoff 0.1.0'),$);
#2250=IFCPROPERTYSINGLEVALUE('HeightSource',$,IFCLABEL('placeholder_not_from_plan'),$);
#2251=IFCPROPERTYSINGLEVALUE('SourcePage',$,IFCINTEGER(2),$);
#2252=IFCOPENINGELEMENT('3Qql_DnXv0IBeTjrpiZZXi',$,'Opening p2-W203',$,$,#2285,#2270,$,$);
#2258=IFCCARTESIANPOINT((0.,5080.));
#2259=IFCCARTESIANPOINT((152.39999999999998,5080.));
#2260=IFCCARTESIANPOINT((152.39999999999998,6299.1999999999998));
#2261=IFCCARTESIANPOINT((0.,6299.1999999999998));
#2262=IFCCARTESIANPOINT((0.,5080.));
#2263=IFCPOLYLINE((#2258,#2259,#2260,#2261,#2262));
#2264=IFCARBITRARYCLOSEDPROFILEDEF(.AREA.,$,#2263);
#2265=IFCCARTESIANPOINT((0.,0.,914.39999999999998));
#2266=IFCAXIS2PLACEMENT3D(#2265,$,$);
#2267=IFCDIRECTION((0.,0.,1.));
#2268=IFCEXTRUDEDAREASOLID(#2264,#2266,#2267,1219.1999999999998);
#2269=IFCSHAPEREPRESENTATION(#11,'Body','SweptSolid',(#2268));
#2270=IFCPRODUCTDEFINITIONSHAPE($,$,(#2269));
#2271=IFCPROPERTYSET('3tUlApuEL2VxAgCk2NNv1n',$,'Pset_ORI_Takeoff',$,(#2273,#2274,#2275,#2276,#2277,#2278,#2279));
#2272=IFCRELDEFINESBYPROPERTIES('2WAya8xszDtOBdTgQUyt_r',$,$,$,(#2252),#2271);
#2273=IFCPROPERTYSINGLEVALUE('Method',$,IFCLABEL('authored_ground_truth'),$);
#2274=IFCPROPERTYSINGLEVALUE('ReviewStatus',$,IFCLABEL('confirmed'),$);
#2275=IFCPROPERTYSINGLEVALUE('Confidence',$,IFCREAL(1.),$);
#2276=IFCPROPERTYSINGLEVALUE('OverlayElementId',$,IFCLABEL('p2-W203'),$);
#2277=IFCPROPERTYSINGLEVALUE('Tool',$,IFCLABEL('ori_takeoff 0.1.0'),$);
#2278=IFCPROPERTYSINGLEVALUE('HeightSource',$,IFCLABEL('placeholder_not_from_plan'),$);
#2279=IFCPROPERTYSINGLEVALUE('SourcePage',$,IFCINTEGER(2),$);
#2280=IFCRELVOIDSELEMENT('23u0z4Eo9AaPtSkTMdbTpx',$,$,$,#1610,#2252);
#2281=IFCCARTESIANPOINT((0.,0.,0.));
#2282=IFCDIRECTION((0.,0.,1.));
#2283=IFCDIRECTION((1.,0.,0.));
#2284=IFCAXIS2PLACEMENT3D(#2281,#2282,#2283);
#2285=IFCLOCALPLACEMENT(#1637,#2284);
#2286=IFCWINDOW('1$7fI9B0r6IeJ_8notDbx2',$,'W203',$,$,#2309,#2304,$,$,1219.1999999999998,$,$,$);
#2292=IFCCARTESIANPOINT((0.,5080.));
#2293=IFCCARTESIANPOINT((152.39999999999998,5080.));
#2294=IFCCARTESIANPOINT((152.39999999999998,6299.1999999999998));
#2295=IFCCARTESIANPOINT((0.,6299.1999999999998));
#2296=IFCCARTESIANPOINT((0.,5080.));
#2297=IFCPOLYLINE((#2292,#2293,#2294,#2295,#2296));
#2298=IFCARBITRARYCLOSEDPROFILEDEF(.AREA.,$,#2297);
#2299=IFCCARTESIANPOINT((0.,0.,914.39999999999998));
#2300=IFCAXIS2PLACEMENT3D(#2299,$,$);
#2301=IFCDIRECTION((0.,0.,1.));
#2302=IFCEXTRUDEDAREASOLID(#2298,#2300,#2301,1219.1999999999998);
#2303=IFCSHAPEREPRESENTATION(#11,'Body','SweptSolid',(#2302));
#2304=IFCPRODUCTDEFINITIONSHAPE($,$,(#2303));
#2305=IFCCARTESIANPOINT((0.,0.,0.));
#2306=IFCDIRECTION((0.,0.,1.));
#2307=IFCDIRECTION((1.,0.,0.));
#2308=IFCAXIS2PLACEMENT3D(#2305,#2306,#2307);
#2309=IFCLOCALPLACEMENT(#1527,#2308);
#2310=IFCRELFILLSELEMENT('1OB4c_MgX79h1K6xdBQoZb',$,$,$,#2252,#2286);
#2311=IFCPROPERTYSET('0TLTT0JHL0o8p7gDTL1_h2',$,'Pset_ORI_Takeoff',$,(#2313,#2314,#2315,#2316,#2317,#2318,#2319));
#2312=IFCRELDEFINESBYPROPERTIES('0gZGJy4bX7n8a0qsZ5hNWg',$,$,$,(#2286),#2311);
#2313=IFCPROPERTYSINGLEVALUE('Method',$,IFCLABEL('authored_ground_truth'),$);
#2314=IFCPROPERTYSINGLEVALUE('ReviewStatus',$,IFCLABEL('confirmed'),$);
#2315=IFCPROPERTYSINGLEVALUE('Confidence',$,IFCREAL(1.),$);
#2316=IFCPROPERTYSINGLEVALUE('OverlayElementId',$,IFCLABEL('p2-W203'),$);
#2317=IFCPROPERTYSINGLEVALUE('Tool',$,IFCLABEL('ori_takeoff 0.1.0'),$);
#2318=IFCPROPERTYSINGLEVALUE('HeightSource',$,IFCLABEL('placeholder_not_from_plan'),$);
#2319=IFCPROPERTYSINGLEVALUE('SourcePage',$,IFCINTEGER(2),$);
#2320=IFCOPENINGELEMENT('3auegbER13BODl1Vwfh4aa',$,'Opening p2-W204',$,$,#2353,#2338,$,$);
#2326=IFCCARTESIANPOINT((1524.,8382.));
#2327=IFCCARTESIANPOINT((3048.,8382.));
#2328=IFCCARTESIANPOINT((3048.,8534.3999999999996));
#2329=IFCCARTESIANPOINT((1524.,8534.3999999999996));
#2330=IFCCARTESIANPOINT((1524.,8382.));
#2331=IFCPOLYLINE((#2326,#2327,#2328,#2329,#2330));
#2332=IFCARBITRARYCLOSEDPROFILEDEF(.AREA.,$,#2331);
#2333=IFCCARTESIANPOINT((0.,0.,914.39999999999998));
#2334=IFCAXIS2PLACEMENT3D(#2333,$,$);
#2335=IFCDIRECTION((0.,0.,1.));
#2336=IFCEXTRUDEDAREASOLID(#2332,#2334,#2335,1219.1999999999998);
#2337=IFCSHAPEREPRESENTATION(#11,'Body','SweptSolid',(#2336));
#2338=IFCPRODUCTDEFINITIONSHAPE($,$,(#2337));
#2339=IFCPROPERTYSET('3SVlIJ061DdfgBCpqryvWL',$,'Pset_ORI_Takeoff',$,(#2341,#2342,#2343,#2344,#2345,#2346,#2347));
#2340=IFCRELDEFINESBYPROPERTIES('2KO7O07ov98A0g1NXbTAT8',$,$,$,(#2320),#2339);
#2341=IFCPROPERTYSINGLEVALUE('Method',$,IFCLABEL('authored_ground_truth'),$);
#2342=IFCPROPERTYSINGLEVALUE('ReviewStatus',$,IFCLABEL('confirmed'),$);
#2343=IFCPROPERTYSINGLEVALUE('Confidence',$,IFCREAL(1.),$);
#2344=IFCPROPERTYSINGLEVALUE('OverlayElementId',$,IFCLABEL('p2-W204'),$);
#2345=IFCPROPERTYSINGLEVALUE('Tool',$,IFCLABEL('ori_takeoff 0.1.0'),$);
#2346=IFCPROPERTYSINGLEVALUE('HeightSource',$,IFCLABEL('placeholder_not_from_plan'),$);
#2347=IFCPROPERTYSINGLEVALUE('SourcePage',$,IFCINTEGER(2),$);
#2348=IFCRELVOIDSELEMENT('3QNDq$Wcj24fLvdfHmwyyU',$,$,$,#1573,#2320);
#2349=IFCCARTESIANPOINT((0.,0.,0.));
#2350=IFCDIRECTION((0.,0.,1.));
#2351=IFCDIRECTION((1.,0.,0.));
#2352=IFCAXIS2PLACEMENT3D(#2349,#2350,#2351);
#2353=IFCLOCALPLACEMENT(#1600,#2352);
#2354=IFCWINDOW('2uPpZdXhb6pB7Cijcd09p_',$,'W204',$,$,#2377,#2372,$,$,1524.,$,$,$);
#2360=IFCCARTESIANPOINT((1524.,8382.));
#2361=IFCCARTESIANPOINT((3048.,8382.));
#2362=IFCCARTESIANPOINT((3048.,8534.3999999999996));
#2363=IFCCARTESIANPOINT((1524.,8534.3999999999996));
#2364=IFCCARTESIANPOINT((1524.,8382.));
#2365=IFCPOLYLINE((#2360,#2361,#2362,#2363,#2364));
#2366=IFCARBITRARYCLOSEDPROFILEDEF(.AREA.,$,#2365);
#2367=IFCCARTESIANPOINT((0.,0.,914.39999999999998));
#2368=IFCAXIS2PLACEMENT3D(#2367,$,$);
#2369=IFCDIRECTION((0.,0.,1.));
#2370=IFCEXTRUDEDAREASOLID(#2366,#2368,#2369,1219.1999999999998);
#2371=IFCSHAPEREPRESENTATION(#11,'Body','SweptSolid',(#2370));
#2372=IFCPRODUCTDEFINITIONSHAPE($,$,(#2371));
#2373=IFCCARTESIANPOINT((0.,0.,0.));
#2374=IFCDIRECTION((0.,0.,1.));
#2375=IFCDIRECTION((1.,0.,0.));
#2376=IFCAXIS2PLACEMENT3D(#2373,#2374,#2375);
#2377=IFCLOCALPLACEMENT(#1527,#2376);
#2378=IFCRELFILLSELEMENT('3lJon7kpf3dBEcMXXx3yeC',$,$,$,#2320,#2354);
#2379=IFCPROPERTYSET('3UwKnYapb1cu$6GTPGmE$e',$,'Pset_ORI_Takeoff',$,(#2381,#2382,#2383,#2384,#2385,#2386,#2387));
#2380=IFCRELDEFINESBYPROPERTIES('1aFnTiprvF2Adj9cYTgSpo',$,$,$,(#2354),#2379);
#2381=IFCPROPERTYSINGLEVALUE('Method',$,IFCLABEL('authored_ground_truth'),$);
#2382=IFCPROPERTYSINGLEVALUE('ReviewStatus',$,IFCLABEL('confirmed'),$);
#2383=IFCPROPERTYSINGLEVALUE('Confidence',$,IFCREAL(1.),$);
#2384=IFCPROPERTYSINGLEVALUE('OverlayElementId',$,IFCLABEL('p2-W204'),$);
#2385=IFCPROPERTYSINGLEVALUE('Tool',$,IFCLABEL('ori_takeoff 0.1.0'),$);
#2386=IFCPROPERTYSINGLEVALUE('HeightSource',$,IFCLABEL('placeholder_not_from_plan'),$);
#2387=IFCPROPERTYSINGLEVALUE('SourcePage',$,IFCINTEGER(2),$);
#2388=IFCOPENINGELEMENT('3Id7oQNX96UgFddoDtFigT',$,'Opening p2-W205',$,$,#2421,#2406,$,$);
#2394=IFCCARTESIANPOINT((6604.,8382.));
#2395=IFCCARTESIANPOINT((8128.,8382.));
#2396=IFCCARTESIANPOINT((8128.,8534.3999999999996));
#2397=IFCCARTESIANPOINT((6604.,8534.3999999999996));
#2398=IFCCARTESIANPOINT((6604.,8382.));
#2399=IFCPOLYLINE((#2394,#2395,#2396,#2397,#2398));
#2400=IFCARBITRARYCLOSEDPROFILEDEF(.AREA.,$,#2399);
#2401=IFCCARTESIANPOINT((0.,0.,914.39999999999998));
#2402=IFCAXIS2PLACEMENT3D(#2401,$,$);
#2403=IFCDIRECTION((0.,0.,1.));
#2404=IFCEXTRUDEDAREASOLID(#2400,#2402,#2403,1219.1999999999998);
#2405=IFCSHAPEREPRESENTATION(#11,'Body','SweptSolid',(#2404));
#2406=IFCPRODUCTDEFINITIONSHAPE($,$,(#2405));
#2407=IFCPROPERTYSET('1Lqd6J4zX2IxBL2QhORNAf',$,'Pset_ORI_Takeoff',$,(#2409,#2410,#2411,#2412,#2413,#2414,#2415));
#2408=IFCRELDEFINESBYPROPERTIES('0oac9iVGHE$9v3Bg45jbDj',$,$,$,(#2388),#2407);
#2409=IFCPROPERTYSINGLEVALUE('Method',$,IFCLABEL('authored_ground_truth'),$);
#2410=IFCPROPERTYSINGLEVALUE('ReviewStatus',$,IFCLABEL('confirmed'),$);
#2411=IFCPROPERTYSINGLEVALUE('Confidence',$,IFCREAL(1.),$);
#2412=IFCPROPERTYSINGLEVALUE('OverlayElementId',$,IFCLABEL('p2-W205'),$);
#2413=IFCPROPERTYSINGLEVALUE('Tool',$,IFCLABEL('ori_takeoff 0.1.0'),$);
#2414=IFCPROPERTYSINGLEVALUE('HeightSource',$,IFCLABEL('placeholder_not_from_plan'),$);
#2415=IFCPROPERTYSINGLEVALUE('SourcePage',$,IFCINTEGER(2),$);
#2416=IFCRELVOIDSELEMENT('0SB6_afvb1tBWbH$dvfSPr',$,$,$,#1573,#2388);
#2417=IFCCARTESIANPOINT((0.,0.,0.));
#2418=IFCDIRECTION((0.,0.,1.));
#2419=IFCDIRECTION((1.,0.,0.));
#2420=IFCAXIS2PLACEMENT3D(#2417,#2418,#2419);
#2421=IFCLOCALPLACEMENT(#1600,#2420);
#2422=IFCWINDOW('1emZ7dmOP9Xe8etMbLv5Nd',$,'W205',$,$,#2445,#2440,$,$,1524.,$,$,$);
#2428=IFCCARTESIANPOINT((6604.,8382.));
#2429=IFCCARTESIANPOINT((8128.,8382.));
#2430=IFCCARTESIANPOINT((8128.,8534.3999999999996));
#2431=IFCCARTESIANPOINT((6604.,8534.3999999999996));
#2432=IFCCARTESIANPOINT((6604.,8382.));
#2433=IFCPOLYLINE((#2428,#2429,#2430,#2431,#2432));
#2434=IFCARBITRARYCLOSEDPROFILEDEF(.AREA.,$,#2433);
#2435=IFCCARTESIANPOINT((0.,0.,914.39999999999998));
#2436=IFCAXIS2PLACEMENT3D(#2435,$,$);
#2437=IFCDIRECTION((0.,0.,1.));
#2438=IFCEXTRUDEDAREASOLID(#2434,#2436,#2437,1219.1999999999998);
#2439=IFCSHAPEREPRESENTATION(#11,'Body','SweptSolid',(#2438));
#2440=IFCPRODUCTDEFINITIONSHAPE($,$,(#2439));
#2441=IFCCARTESIANPOINT((0.,0.,0.));
#2442=IFCDIRECTION((0.,0.,1.));
#2443=IFCDIRECTION((1.,0.,0.));
#2444=IFCAXIS2PLACEMENT3D(#2441,#2442,#2443);
#2445=IFCLOCALPLACEMENT(#1527,#2444);
#2446=IFCRELFILLSELEMENT('2wMvz7EibDmBWYr2Cceb9q',$,$,$,#2388,#2422);
#2447=IFCPROPERTYSET('3wqcRJT1T04Rz8CGNZtB03',$,'Pset_ORI_Takeoff',$,(#2449,#2450,#2451,#2452,#2453,#2454,#2455));
#2448=IFCRELDEFINESBYPROPERTIES('3sUWl1pX90QAC9MT88j6ai',$,$,$,(#2422),#2447);
#2449=IFCPROPERTYSINGLEVALUE('Method',$,IFCLABEL('authored_ground_truth'),$);
#2450=IFCPROPERTYSINGLEVALUE('ReviewStatus',$,IFCLABEL('confirmed'),$);
#2451=IFCPROPERTYSINGLEVALUE('Confidence',$,IFCREAL(1.),$);
#2452=IFCPROPERTYSINGLEVALUE('OverlayElementId',$,IFCLABEL('p2-W205'),$);
#2453=IFCPROPERTYSINGLEVALUE('Tool',$,IFCLABEL('ori_takeoff 0.1.0'),$);
#2454=IFCPROPERTYSINGLEVALUE('HeightSource',$,IFCLABEL('placeholder_not_from_plan'),$);
#2455=IFCPROPERTYSINGLEVALUE('SourcePage',$,IFCINTEGER(2),$);
#2456=IFCOPENINGELEMENT('2nvaMy$UbA$xWGIhjwTslJ',$,'Opening p2-W206',$,$,#2489,#2474,$,$);
#2462=IFCCARTESIANPOINT((9601.1999999999989,5842.));
#2463=IFCCARTESIANPOINT((9753.5999999999985,5842.));
#2464=IFCCARTESIANPOINT((9753.5999999999985,7061.1999999999998));
#2465=IFCCARTESIANPOINT((9601.1999999999989,7061.1999999999998));
#2466=IFCCARTESIANPOINT((9601.1999999999989,5842.));
#2467=IFCPOLYLINE((#2462,#2463,#2464,#2465,#2466));
#2468=IFCARBITRARYCLOSEDPROFILEDEF(.AREA.,$,#2467);
#2469=IFCCARTESIANPOINT((0.,0.,914.39999999999998));
#2470=IFCAXIS2PLACEMENT3D(#2469,$,$);
#2471=IFCDIRECTION((0.,0.,1.));
#2472=IFCEXTRUDEDAREASOLID(#2468,#2470,#2471,1219.1999999999998);
#2473=IFCSHAPEREPRESENTATION(#11,'Body','SweptSolid',(#2472));
#2474=IFCPRODUCTDEFINITIONSHAPE($,$,(#2473));
#2475=IFCPROPERTYSET('0XYsesky52ug5qVTTaYBY3',$,'Pset_ORI_Takeoff',$,(#2477,#2478,#2479,#2480,#2481,#2482,#2483));
#2476=IFCRELDEFINESBYPROPERTIES('1voW_o2bb6cALDgJgm8fOG',$,$,$,(#2456),#2475);
#2477=IFCPROPERTYSINGLEVALUE('Method',$,IFCLABEL('authored_ground_truth'),$);
#2478=IFCPROPERTYSINGLEVALUE('ReviewStatus',$,IFCLABEL('confirmed'),$);
#2479=IFCPROPERTYSINGLEVALUE('Confidence',$,IFCREAL(1.),$);
#2480=IFCPROPERTYSINGLEVALUE('OverlayElementId',$,IFCLABEL('p2-W206'),$);
#2481=IFCPROPERTYSINGLEVALUE('Tool',$,IFCLABEL('ori_takeoff 0.1.0'),$);
#2482=IFCPROPERTYSINGLEVALUE('HeightSource',$,IFCLABEL('placeholder_not_from_plan'),$);
#2483=IFCPROPERTYSINGLEVALUE('SourcePage',$,IFCINTEGER(2),$);
#2484=IFCRELVOIDSELEMENT('1A5GZJFRHAnwsbIs2jactK',$,$,$,#1647,#2456);
#2485=IFCCARTESIANPOINT((0.,0.,0.));
#2486=IFCDIRECTION((0.,0.,1.));
#2487=IFCDIRECTION((1.,0.,0.));
#2488=IFCAXIS2PLACEMENT3D(#2485,#2486,#2487);
#2489=IFCLOCALPLACEMENT(#1674,#2488);
#2490=IFCWINDOW('2QjWkILkz479qLFGUsqM0B',$,'W206',$,$,#2513,#2508,$,$,1219.1999999999998,$,$,$);
#2496=IFCCARTESIANPOINT((9601.1999999999989,5842.));
#2497=IFCCARTESIANPOINT((9753.5999999999985,5842.));
#2498=IFCCARTESIANPOINT((9753.5999999999985,7061.1999999999998));
#2499=IFCCARTESIANPOINT((9601.1999999999989,7061.1999999999998));
#2500=IFCCARTESIANPOINT((9601.1999999999989,5842.));
#2501=IFCPOLYLINE((#2496,#2497,#2498,#2499,#2500));
#2502=IFCARBITRARYCLOSEDPROFILEDEF(.AREA.,$,#2501);
#2503=IFCCARTESIANPOINT((0.,0.,914.39999999999998));
#2504=IFCAXIS2PLACEMENT3D(#2503,$,$);
#2505=IFCDIRECTION((0.,0.,1.));
#2506=IFCEXTRUDEDAREASOLID(#2502,#2504,#2505,1219.1999999999998);
#2507=IFCSHAPEREPRESENTATION(#11,'Body','SweptSolid',(#2506));
#2508=IFCPRODUCTDEFINITIONSHAPE($,$,(#2507));
#2509=IFCCARTESIANPOINT((0.,0.,0.));
#2510=IFCDIRECTION((0.,0.,1.));
#2511=IFCDIRECTION((1.,0.,0.));
#2512=IFCAXIS2PLACEMENT3D(#2509,#2510,#2511);
#2513=IFCLOCALPLACEMENT(#1527,#2512);
#2514=IFCRELFILLSELEMENT('1tbBIcy19FquMEOjfD3Roa',$,$,$,#2456,#2490);
#2515=IFCPROPERTYSET('1pbvxhgJn468_wfLMn44cs',$,'Pset_ORI_Takeoff',$,(#2517,#2518,#2519,#2520,#2521,#2522,#2523));
#2516=IFCRELDEFINESBYPROPERTIES('3zUy4iYfX6swZDRdI$lG9I',$,$,$,(#2490),#2515);
#2517=IFCPROPERTYSINGLEVALUE('Method',$,IFCLABEL('authored_ground_truth'),$);
#2518=IFCPROPERTYSINGLEVALUE('ReviewStatus',$,IFCLABEL('confirmed'),$);
#2519=IFCPROPERTYSINGLEVALUE('Confidence',$,IFCREAL(1.),$);
#2520=IFCPROPERTYSINGLEVALUE('OverlayElementId',$,IFCLABEL('p2-W206'),$);
#2521=IFCPROPERTYSINGLEVALUE('Tool',$,IFCLABEL('ori_takeoff 0.1.0'),$);
#2522=IFCPROPERTYSINGLEVALUE('HeightSource',$,IFCLABEL('placeholder_not_from_plan'),$);
#2523=IFCPROPERTYSINGLEVALUE('SourcePage',$,IFCINTEGER(2),$);
#2524=IFCOPENINGELEMENT('3J2JJxNAzC4A2X4zmxxjM$',$,'Opening p2-W207',$,$,#2557,#2542,$,$);
#2530=IFCCARTESIANPOINT((9601.1999999999989,2032.));
#2531=IFCCARTESIANPOINT((9753.5999999999985,2032.));
#2532=IFCCARTESIANPOINT((9753.5999999999985,2641.5999999999999));
#2533=IFCCARTESIANPOINT((9601.1999999999989,2641.5999999999999));
#2534=IFCCARTESIANPOINT((9601.1999999999989,2032.));
#2535=IFCPOLYLINE((#2530,#2531,#2532,#2533,#2534));
#2536=IFCARBITRARYCLOSEDPROFILEDEF(.AREA.,$,#2535);
#2537=IFCCARTESIANPOINT((0.,0.,914.39999999999998));
#2538=IFCAXIS2PLACEMENT3D(#2537,$,$);
#2539=IFCDIRECTION((0.,0.,1.));
#2540=IFCEXTRUDEDAREASOLID(#2536,#2538,#2539,1219.1999999999998);
#2541=IFCSHAPEREPRESENTATION(#11,'Body','SweptSolid',(#2540));
#2542=IFCPRODUCTDEFINITIONSHAPE($,$,(#2541));
#2543=IFCPROPERTYSET('2XT4fm8ov7aRTQSzR6X88O',$,'Pset_ORI_Takeoff',$,(#2545,#2546,#2547,#2548,#2549,#2550,#2551));
#2544=IFCRELDEFINESBYPROPERTIES('2NqJLlair1kfM7oPagHntI',$,$,$,(#2524),#2543);
#2545=IFCPROPERTYSINGLEVALUE('Method',$,IFCLABEL('authored_ground_truth'),$);
#2546=IFCPROPERTYSINGLEVALUE('ReviewStatus',$,IFCLABEL('confirmed'),$);
#2547=IFCPROPERTYSINGLEVALUE('Confidence',$,IFCREAL(1.),$);
#2548=IFCPROPERTYSINGLEVALUE('OverlayElementId',$,IFCLABEL('p2-W207'),$);
#2549=IFCPROPERTYSINGLEVALUE('Tool',$,IFCLABEL('ori_takeoff 0.1.0'),$);
#2550=IFCPROPERTYSINGLEVALUE('HeightSource',$,IFCLABEL('placeholder_not_from_plan'),$);
#2551=IFCPROPERTYSINGLEVALUE('SourcePage',$,IFCINTEGER(2),$);
#2552=IFCRELVOIDSELEMENT('3Pe9OT6QvCPROlNHClLyuN',$,$,$,#1647,#2524);
#2553=IFCCARTESIANPOINT((0.,0.,0.));
#2554=IFCDIRECTION((0.,0.,1.));
#2555=IFCDIRECTION((1.,0.,0.));
#2556=IFCAXIS2PLACEMENT3D(#2553,#2554,#2555);
#2557=IFCLOCALPLACEMENT(#1674,#2556);
#2558=IFCWINDOW('0pT0M_I$z8qveDZpxhFnsH',$,'W207',$,$,#2581,#2576,$,$,609.59999999999991,$,$,$);
#2564=IFCCARTESIANPOINT((9601.1999999999989,2032.));
#2565=IFCCARTESIANPOINT((9753.5999999999985,2032.));
#2566=IFCCARTESIANPOINT((9753.5999999999985,2641.5999999999999));
#2567=IFCCARTESIANPOINT((9601.1999999999989,2641.5999999999999));
#2568=IFCCARTESIANPOINT((9601.1999999999989,2032.));
#2569=IFCPOLYLINE((#2564,#2565,#2566,#2567,#2568));
#2570=IFCARBITRARYCLOSEDPROFILEDEF(.AREA.,$,#2569);
#2571=IFCCARTESIANPOINT((0.,0.,914.39999999999998));
#2572=IFCAXIS2PLACEMENT3D(#2571,$,$);
#2573=IFCDIRECTION((0.,0.,1.));
#2574=IFCEXTRUDEDAREASOLID(#2570,#2572,#2573,1219.1999999999998);
#2575=IFCSHAPEREPRESENTATION(#11,'Body','SweptSolid',(#2574));
#2576=IFCPRODUCTDEFINITIONSHAPE($,$,(#2575));
#2577=IFCCARTESIANPOINT((0.,0.,0.));
#2578=IFCDIRECTION((0.,0.,1.));
#2579=IFCDIRECTION((1.,0.,0.));
#2580=IFCAXIS2PLACEMENT3D(#2577,#2578,#2579);
#2581=IFCLOCALPLACEMENT(#1527,#2580);
#2582=IFCRELFILLSELEMENT('04LKQgvrvA2wLQ1Wz4FgRM',$,$,$,#2524,#2558);
#2583=IFCPROPERTYSET('3Tb3HijMX0V8tasVoMzWhd',$,'Pset_ORI_Takeoff',$,(#2585,#2586,#2587,#2588,#2589,#2590,#2591));
#2584=IFCRELDEFINESBYPROPERTIES('3DaAv5261B$gVuL2KHTD$N',$,$,$,(#2558),#2583);
#2585=IFCPROPERTYSINGLEVALUE('Method',$,IFCLABEL('authored_ground_truth'),$);
#2586=IFCPROPERTYSINGLEVALUE('ReviewStatus',$,IFCLABEL('confirmed'),$);
#2587=IFCPROPERTYSINGLEVALUE('Confidence',$,IFCREAL(1.),$);
#2588=IFCPROPERTYSINGLEVALUE('OverlayElementId',$,IFCLABEL('p2-W207'),$);
#2589=IFCPROPERTYSINGLEVALUE('Tool',$,IFCLABEL('ori_takeoff 0.1.0'),$);
#2590=IFCPROPERTYSINGLEVALUE('HeightSource',$,IFCLABEL('placeholder_not_from_plan'),$);
#2591=IFCPROPERTYSINGLEVALUE('SourcePage',$,IFCINTEGER(2),$);
#2592=IFCOPENINGELEMENT('02aRY89aP3leRMQAQn2mmP',$,'Opening p2-W208',$,$,#2625,#2610,$,$);
#2598=IFCCARTESIANPOINT((6096.,0.));
#2599=IFCCARTESIANPOINT((7010.3999999999996,0.));
#2600=IFCCARTESIANPOINT((7010.3999999999996,152.39999999999998));
#2601=IFCCARTESIANPOINT((6096.,152.39999999999998));
#2602=IFCCARTESIANPOINT((6096.,0.));
#2603=IFCPOLYLINE((#2598,#2599,#2600,#2601,#2602));
#2604=IFCARBITRARYCLOSEDPROFILEDEF(.AREA.,$,#2603);
#2605=IFCCARTESIANPOINT((0.,0.,914.39999999999998));
#2606=IFCAXIS2PLACEMENT3D(#2605,$,$);
#2607=IFCDIRECTION((0.,0.,1.));
#2608=IFCEXTRUDEDAREASOLID(#2604,#2606,#2607,1219.1999999999998);
#2609=IFCSHAPEREPRESENTATION(#11,'Body','SweptSolid',(#2608));
#2610=IFCPRODUCTDEFINITIONSHAPE($,$,(#2609));
#2611=IFCPROPERTYSET('2l_kXDDZHEwAYW31AYNdpx',$,'Pset_ORI_Takeoff',$,(#2613,#2614,#2615,#2616,#2617,#2618,#2619));
#2612=IFCRELDEFINESBYPROPERTIES('3QKJ8lRL1Asg8NdIDqZCut',$,$,$,(#2592),#2611);
#2613=IFCPROPERTYSINGLEVALUE('Method',$,IFCLABEL('authored_ground_truth'),$);
#2614=IFCPROPERTYSINGLEVALUE('ReviewStatus',$,IFCLABEL('confirmed'),$);
#2615=IFCPROPERTYSINGLEVALUE('Confidence',$,IFCREAL(1.),$);
#2616=IFCPROPERTYSINGLEVALUE('OverlayElementId',$,IFCLABEL('p2-W208'),$);
#2617=IFCPROPERTYSINGLEVALUE('Tool',$,IFCLABEL('ori_takeoff 0.1.0'),$);
#2618=IFCPROPERTYSINGLEVALUE('HeightSource',$,IFCLABEL('placeholder_not_from_plan'),$);
#2619=IFCPROPERTYSINGLEVALUE('SourcePage',$,IFCINTEGER(2),$);
#2620=IFCRELVOIDSELEMENT('0SPy1mHF56Nw3MqSLFrf88',$,$,$,#1535,#2592);
#2621=IFCCARTESIANPOINT((0.,0.,0.));
#2622=IFCDIRECTION((0.,0.,1.));
#2623=IFCDIRECTION((1.,0.,0.));
#2624=IFCAXIS2PLACEMENT3D(#2621,#2622,#2623);
#2625=IFCLOCALPLACEMENT(#1563,#2624);
#2626=IFCWINDOW('1cxAULX_T6$AY2j2dgyjjC',$,'W208',$,$,#2649,#2644,$,$,914.39999999999998,$,$,$);
#2632=IFCCARTESIANPOINT((6096.,0.));
#2633=IFCCARTESIANPOINT((7010.3999999999996,0.));
#2634=IFCCARTESIANPOINT((7010.3999999999996,152.39999999999998));
#2635=IFCCARTESIANPOINT((6096.,152.39999999999998));
#2636=IFCCARTESIANPOINT((6096.,0.));
#2637=IFCPOLYLINE((#2632,#2633,#2634,#2635,#2636));
#2638=IFCARBITRARYCLOSEDPROFILEDEF(.AREA.,$,#2637);
#2639=IFCCARTESIANPOINT((0.,0.,914.39999999999998));
#2640=IFCAXIS2PLACEMENT3D(#2639,$,$);
#2641=IFCDIRECTION((0.,0.,1.));
#2642=IFCEXTRUDEDAREASOLID(#2638,#2640,#2641,1219.1999999999998);
#2643=IFCSHAPEREPRESENTATION(#11,'Body','SweptSolid',(#2642));
#2644=IFCPRODUCTDEFINITIONSHAPE($,$,(#2643));
#2645=IFCCARTESIANPOINT((0.,0.,0.));
#2646=IFCDIRECTION((0.,0.,1.));
#2647=IFCDIRECTION((1.,0.,0.));
#2648=IFCAXIS2PLACEMENT3D(#2645,#2646,#2647);
#2649=IFCLOCALPLACEMENT(#1527,#2648);
#2650=IFCRELFILLSELEMENT('3ivJy1OSr3Sej$qAVUZ9xU',$,$,$,#2592,#2626);
#2651=IFCPROPERTYSET('0tNyT6k0T4iBJXL2bdhqhz',$,'Pset_ORI_Takeoff',$,(#2653,#2654,#2655,#2656,#2657,#2658,#2659));
#2652=IFCRELDEFINESBYPROPERTIES('1n7CljM5v2ywndShXV_oFO',$,$,$,(#2626),#2651);
#2653=IFCPROPERTYSINGLEVALUE('Method',$,IFCLABEL('authored_ground_truth'),$);
#2654=IFCPROPERTYSINGLEVALUE('ReviewStatus',$,IFCLABEL('confirmed'),$);
#2655=IFCPROPERTYSINGLEVALUE('Confidence',$,IFCREAL(1.),$);
#2656=IFCPROPERTYSINGLEVALUE('OverlayElementId',$,IFCLABEL('p2-W208'),$);
#2657=IFCPROPERTYSINGLEVALUE('Tool',$,IFCLABEL('ori_takeoff 0.1.0'),$);
#2658=IFCPROPERTYSINGLEVALUE('HeightSource',$,IFCLABEL('placeholder_not_from_plan'),$);
#2659=IFCPROPERTYSINGLEVALUE('SourcePage',$,IFCINTEGER(2),$);
#2660=IFCSPACE('0hYUil83b3Hv_eRMXiGKnV',$,'BEDROOM 2',$,$,#2684,#2678,$,$,.SPACE.,$);
#2666=IFCCARTESIANPOINT((152.39999999999998,152.39999999999998));
#2667=IFCCARTESIANPOINT((5181.5999999999995,152.39999999999998));
#2668=IFCCARTESIANPOINT((5181.5999999999995,3048.));
#2669=IFCCARTESIANPOINT((152.39999999999998,3048.));
#2670=IFCCARTESIANPOINT((152.39999999999998,152.39999999999998));
#2671=IFCPOLYLINE((#2666,#2667,#2668,#2669,#2670));
#2672=IFCARBITRARYCLOSEDPROFILEDEF(.AREA.,$,#2671);
#2673=IFCCARTESIANPOINT((0.,0.,0.));
#2674=IFCAXIS2PLACEMENT3D(#2673,$,$);
#2675=IFCDIRECTION((0.,0.,1.));
#2676=IFCEXTRUDEDAREASOLID(#2672,#2674,#2675,2438.3999999999996);
#2677=IFCSHAPEREPRESENTATION(#11,'Body','SweptSolid',(#2676));
#2678=IFCPRODUCTDEFINITIONSHAPE($,$,(#2677));
#2679=IFCRELAGGREGATES('0iFeGe7PHAbgOHd65YnnHh',$,$,$,#1517,(#2698,#2735,#2809,#2660,#2772));
#2680=IFCCARTESIANPOINT((0.,0.,0.));
#2681=IFCDIRECTION((0.,0.,1.));
#2682=IFCDIRECTION((1.,0.,0.));
#2683=IFCAXIS2PLACEMENT3D(#2680,#2681,#2682);
#2684=IFCLOCALPLACEMENT(#1527,#2683);
#2685=IFCPROPERTYSET('1V7pas8ov1MxWBBCx6Klr5',$,'Pset_ORI_SpaceUse',$,(#2687,#2688));
#2686=IFCRELDEFINESBYPROPERTIES('3NIAGoFzDD5QIDQfkCHJv_',$,$,$,(#2660),#2685);
#2687=IFCPROPERTYSINGLEVALUE('UseCategory',$,IFCLABEL('habitable'),$);
#2688=IFCPROPERTYSINGLEVALUE('UseSource',$,IFCLABEL('overlay'),$);
#2689=IFCPROPERTYSET('2$IjnemUHCHvxJKmc5quSc',$,'Pset_ORI_Takeoff',$,(#2691,#2692,#2693,#2694,#2695,#2696,#2697));
#2690=IFCRELDEFINESBYPROPERTIES('0sPTyDQgr4Sf1nbWnJ3YYM',$,$,$,(#2660),#2689);
#2691=IFCPROPERTYSINGLEVALUE('Method',$,IFCLABEL('authored_ground_truth'),$);
#2692=IFCPROPERTYSINGLEVALUE('ReviewStatus',$,IFCLABEL('confirmed'),$);
#2693=IFCPROPERTYSINGLEVALUE('Confidence',$,IFCREAL(1.),$);
#2694=IFCPROPERTYSINGLEVALUE('OverlayElementId',$,IFCLABEL('p2-S201'),$);
#2695=IFCPROPERTYSINGLEVALUE('Tool',$,IFCLABEL('ori_takeoff 0.1.0'),$);
#2696=IFCPROPERTYSINGLEVALUE('HeightSource',$,IFCLABEL('overlay'),$);
#2697=IFCPROPERTYSINGLEVALUE('SourcePage',$,IFCINTEGER(2),$);
#2698=IFCSPACE('1f6dublFj1bePGZ0bYSFfS',$,'BEDROOM 1',$,$,#2721,#2716,$,$,.SPACE.,$);
#2704=IFCCARTESIANPOINT((152.39999999999998,3162.2999999999997));
#2705=IFCCARTESIANPOINT((5181.5999999999995,3162.2999999999997));
#2706=IFCCARTESIANPOINT((5181.5999999999995,8382.));
#2707=IFCCARTESIANPOINT((152.39999999999998,8382.));
#2708=IFCCARTESIANPOINT((152.39999999999998,3162.2999999999997));
#2709=IFCPOLYLINE((#2704,#2705,#2706,#2707,#2708));
#2710=IFCARBITRARYCLOSEDPROFILEDEF(.AREA.,$,#2709);
#2711=IFCCARTESIANPOINT((0.,0.,0.));
#2712=IFCAXIS2PLACEMENT3D(#2711,$,$);
#2713=IFCDIRECTION((0.,0.,1.));
#2714=IFCEXTRUDEDAREASOLID(#2710,#2712,#2713,2438.3999999999996);
#2715=IFCSHAPEREPRESENTATION(#11,'Body','SweptSolid',(#2714));
#2716=IFCPRODUCTDEFINITIONSHAPE($,$,(#2715));
#2717=IFCCARTESIANPOINT((0.,0.,0.));
#2718=IFCDIRECTION((0.,0.,1.));
#2719=IFCDIRECTION((1.,0.,0.));
#2720=IFCAXIS2PLACEMENT3D(#2717,#2718,#2719);
#2721=IFCLOCALPLACEMENT(#1527,#2720);
#2722=IFCPROPERTYSET('1mq6fi_cHE5hml8GTyn$ca',$,'Pset_ORI_SpaceUse',$,(#2724,#2725));
#2723=IFCRELDEFINESBYPROPERTIES('0LFznFypfF7xTodHarE1b4',$,$,$,(#2698),#2722);
#2724=IFCPROPERTYSINGLEVALUE('UseCategory',$,IFCLABEL('habitable'),$);
#2725=IFCPROPERTYSINGLEVALUE('UseSource',$,IFCLABEL('overlay'),$);
#2726=IFCPROPERTYSET('2taEkUBQr69g54$OwHd9wp',$,'Pset_ORI_Takeoff',$,(#2728,#2729,#2730,#2731,#2732,#2733,#2734));
#2727=IFCRELDEFINESBYPROPERTIES('2kLwF20cnADvCA9Q71xZFp',$,$,$,(#2698),#2726);
#2728=IFCPROPERTYSINGLEVALUE('Method',$,IFCLABEL('authored_ground_truth'),$);
#2729=IFCPROPERTYSINGLEVALUE('ReviewStatus',$,IFCLABEL('confirmed'),$);
#2730=IFCPROPERTYSINGLEVALUE('Confidence',$,IFCREAL(1.),$);
#2731=IFCPROPERTYSINGLEVALUE('OverlayElementId',$,IFCLABEL('p2-S202'),$);
#2732=IFCPROPERTYSINGLEVALUE('Tool',$,IFCLABEL('ori_takeoff 0.1.0'),$);
#2733=IFCPROPERTYSINGLEVALUE('HeightSource',$,IFCLABEL('overlay'),$);
#2734=IFCPROPERTYSINGLEVALUE('SourcePage',$,IFCINTEGER(2),$);
#2735=IFCSPACE('3ovDPKDif5_PmQ22i48Cbo',$,'HALL',$,$,#2758,#2753,$,$,.SPACE.,$);
#2741=IFCCARTESIANPOINT((5295.8999999999996,152.39999999999998));
#2742=IFCCARTESIANPOINT((8483.6000000000004,152.39999999999998));
#2743=IFCCARTESIANPOINT((8483.6000000000004,4724.3999999999996));
#2744=IFCCARTESIANPOINT((5295.8999999999996,4724.3999999999996));
#2745=IFCCARTESIANPOINT((5295.8999999999996,152.39999999999998));
#2746=IFCPOLYLINE((#2741,#2742,#2743,#2744,#2745));
#2747=IFCARBITRARYCLOSEDPROFILEDEF(.AREA.,$,#2746);
#2748=IFCCARTESIANPOINT((0.,0.,0.));
#2749=IFCAXIS2PLACEMENT3D(#2748,$,$);
#2750=IFCDIRECTION((0.,0.,1.));
#2751=IFCEXTRUDEDAREASOLID(#2747,#2749,#2750,2438.3999999999996);
#2752=IFCSHAPEREPRESENTATION(#11,'Body','SweptSolid',(#2751));
#2753=IFCPRODUCTDEFINITIONSHAPE($,$,(#2752));
#2754=IFCCARTESIANPOINT((0.,0.,0.));
#2755=IFCDIRECTION((0.,0.,1.));
#2756=IFCDIRECTION((1.,0.,0.));
#2757=IFCAXIS2PLACEMENT3D(#2754,#2755,#2756);
#2758=IFCLOCALPLACEMENT(#1527,#2757);
#2759=IFCPROPERTYSET('1icgW2YnH93htAkwGB2NQ_',$,'Pset_ORI_SpaceUse',$,(#2761,#2762));
#2760=IFCRELDEFINESBYPROPERTIES('2VK9qnqQ9CAAINRdPZmcaS',$,$,$,(#2735),#2759);
#2761=IFCPROPERTYSINGLEVALUE('UseCategory',$,IFCLABEL('hallway'),$);
#2762=IFCPROPERTYSINGLEVALUE('UseSource',$,IFCLABEL('overlay'),$);
#2763=IFCPROPERTYSET('1QrCM90pnA59vsGy9dmROT',$,'Pset_ORI_Takeoff',$,(#2765,#2766,#2767,#2768,#2769,#2770,#2771));
#2764=IFCRELDEFINESBYPROPERTIES('1IXpA_9JLBU9tIrKMN6ynV',$,$,$,(#2735),#2763);
#2765=IFCPROPERTYSINGLEVALUE('Method',$,IFCLABEL('authored_ground_truth'),$);
#2766=IFCPROPERTYSINGLEVALUE('ReviewStatus',$,IFCLABEL('confirmed'),$);
#2767=IFCPROPERTYSINGLEVALUE('Confidence',$,IFCREAL(1.),$);
#2768=IFCPROPERTYSINGLEVALUE('OverlayElementId',$,IFCLABEL('p2-S203'),$);
#2769=IFCPROPERTYSINGLEVALUE('Tool',$,IFCLABEL('ori_takeoff 0.1.0'),$);
#2770=IFCPROPERTYSINGLEVALUE('HeightSource',$,IFCLABEL('overlay'),$);
#2771=IFCPROPERTYSINGLEVALUE('SourcePage',$,IFCINTEGER(2),$);
#2772=IFCSPACE('3ihM6DwJT5HwQfjmN5bqt9',$,'BATH',$,$,#2795,#2790,$,$,.SPACE.,$);
#2778=IFCCARTESIANPOINT((8597.8999999999996,152.39999999999998));
#2779=IFCCARTESIANPOINT((9601.1999999999989,152.39999999999998));
#2780=IFCCARTESIANPOINT((9601.1999999999989,4724.3999999999996));
#2781=IFCCARTESIANPOINT((8597.8999999999996,4724.3999999999996));
#2782=IFCCARTESIANPOINT((8597.8999999999996,152.39999999999998));
#2783=IFCPOLYLINE((#2778,#2779,#2780,#2781,#2782));
#2784=IFCARBITRARYCLOSEDPROFILEDEF(.AREA.,$,#2783);
#2785=IFCCARTESIANPOINT((0.,0.,0.));
#2786=IFCAXIS2PLACEMENT3D(#2785,$,$);
#2787=IFCDIRECTION((0.,0.,1.));
#2788=IFCEXTRUDEDAREASOLID(#2784,#2786,#2787,2438.3999999999996);
#2789=IFCSHAPEREPRESENTATION(#11,'Body','SweptSolid',(#2788));
#2790=IFCPRODUCTDEFINITIONSHAPE($,$,(#2789));
#2791=IFCCARTESIANPOINT((0.,0.,0.));
#2792=IFCDIRECTION((0.,0.,1.));
#2793=IFCDIRECTION((1.,0.,0.));
#2794=IFCAXIS2PLACEMENT3D(#2791,#2792,#2793);
#2795=IFCLOCALPLACEMENT(#1527,#2794);
#2796=IFCPROPERTYSET('22uBWKBUD8gPlIDocawoOC',$,'Pset_ORI_SpaceUse',$,(#2798,#2799));
#2797=IFCRELDEFINESBYPROPERTIES('38ITEW$fP64xGiV5U7PTv5',$,$,$,(#2772),#2796);
#2798=IFCPROPERTYSINGLEVALUE('UseCategory',$,IFCLABEL('bathroom'),$);
#2799=IFCPROPERTYSINGLEVALUE('UseSource',$,IFCLABEL('overlay'),$);
#2800=IFCPROPERTYSET('0985qVghTE5vQTJsBceVh0',$,'Pset_ORI_Takeoff',$,(#2802,#2803,#2804,#2805,#2806,#2807,#2808));
#2801=IFCRELDEFINESBYPROPERTIES('2xkK7fXD1C6ho$hK8sBmN$',$,$,$,(#2772),#2800);
#2802=IFCPROPERTYSINGLEVALUE('Method',$,IFCLABEL('authored_ground_truth'),$);
#2803=IFCPROPERTYSINGLEVALUE('ReviewStatus',$,IFCLABEL('confirmed'),$);
#2804=IFCPROPERTYSINGLEVALUE('Confidence',$,IFCREAL(1.),$);
#2805=IFCPROPERTYSINGLEVALUE('OverlayElementId',$,IFCLABEL('p2-S204'),$);
#2806=IFCPROPERTYSINGLEVALUE('Tool',$,IFCLABEL('ori_takeoff 0.1.0'),$);
#2807=IFCPROPERTYSINGLEVALUE('HeightSource',$,IFCLABEL('overlay'),$);
#2808=IFCPROPERTYSINGLEVALUE('SourcePage',$,IFCINTEGER(2),$);
#2809=IFCSPACE('1iltq2vOLFugjsdGk28GiS',$,'BEDROOM 3',$,$,#2832,#2827,$,$,.SPACE.,$);
#2815=IFCCARTESIANPOINT((5295.8999999999996,4838.6999999999998));
#2816=IFCCARTESIANPOINT((9601.1999999999989,4838.6999999999998));
#2817=IFCCARTESIANPOINT((9601.1999999999989,8382.));
#2818=IFCCARTESIANPOINT((5295.8999999999996,8382.));
#2819=IFCCARTESIANPOINT((5295.8999999999996,4838.6999999999998));
#2820=IFCPOLYLINE((#2815,#2816,#2817,#2818,#2819));
#2821=IFCARBITRARYCLOSEDPROFILEDEF(.AREA.,$,#2820);
#2822=IFCCARTESIANPOINT((0.,0.,0.));
#2823=IFCAXIS2PLACEMENT3D(#2822,$,$);
#2824=IFCDIRECTION((0.,0.,1.));
#2825=IFCEXTRUDEDAREASOLID(#2821,#2823,#2824,2438.3999999999996);
#2826=IFCSHAPEREPRESENTATION(#11,'Body','SweptSolid',(#2825));
#2827=IFCPRODUCTDEFINITIONSHAPE($,$,(#2826));
#2828=IFCCARTESIANPOINT((0.,0.,0.));
#2829=IFCDIRECTION((0.,0.,1.));
#2830=IFCDIRECTION((1.,0.,0.));
#2831=IFCAXIS2PLACEMENT3D(#2828,#2829,#2830);
#2832=IFCLOCALPLACEMENT(#1527,#2831);
#2833=IFCPROPERTYSET('2KHwx8HGv0$uj$OHejxY5u',$,'Pset_ORI_SpaceUse',$,(#2835,#2836));
#2834=IFCRELDEFINESBYPROPERTIES('0O9TxoRTbF5ABqZXW73i8g',$,$,$,(#2809),#2833);
#2835=IFCPROPERTYSINGLEVALUE('UseCategory',$,IFCLABEL('habitable'),$);
#2836=IFCPROPERTYSINGLEVALUE('UseSource',$,IFCLABEL('overlay'),$);
#2837=IFCPROPERTYSET('17gCIwY7X6WOe1e_mO0kO1',$,'Pset_ORI_Takeoff',$,(#2839,#2840,#2841,#2842,#2843,#2844,#2845));
#2838=IFCRELDEFINESBYPROPERTIES('1uXYYCFeDAvua6NB6pRM7j',$,$,$,(#2809),#2837);
#2839=IFCPROPERTYSINGLEVALUE('Method',$,IFCLABEL('authored_ground_truth'),$);
#2840=IFCPROPERTYSINGLEVALUE('ReviewStatus',$,IFCLABEL('confirmed'),$);
#2841=IFCPROPERTYSINGLEVALUE('Confidence',$,IFCREAL(1.),$);
#2842=IFCPROPERTYSINGLEVALUE('OverlayElementId',$,IFCLABEL('p2-S205'),$);
#2843=IFCPROPERTYSINGLEVALUE('Tool',$,IFCLABEL('ori_takeoff 0.1.0'),$);
#2844=IFCPROPERTYSINGLEVALUE('HeightSource',$,IFCLABEL('overlay'),$);
#2845=IFCPROPERTYSINGLEVALUE('SourcePage',$,IFCINTEGER(2),$);
#2846=IFCSTAIR('2KOIBEdLjATQJ7P8d8Coi0',$,'ST2',$,$,#2856,$,$,.STRAIGHT_RUN_STAIR.);
#2852=IFCCARTESIANPOINT((0.,0.,0.));
#2853=IFCDIRECTION((0.,0.,1.));
#2854=IFCDIRECTION((1.,0.,0.));
#2855=IFCAXIS2PLACEMENT3D(#2852,#2853,#2854);
#2856=IFCLOCALPLACEMENT(#1527,#2855);
#2857=IFCPROPERTYSET('1YxvhmLnH3LhoWdpRfKDnP',$,'Pset_ORI_StairFromPlan',$,(#2859,#2860,#2861,#2862));
#2858=IFCRELDEFINESBYPROPERTIES('2VWEaIp9v2rPFNpeJGFC3Y',$,$,$,(#2846),#2857);
#2859=IFCPROPERTYSINGLEVALUE('RiserCount',$,IFCINTEGER(14),$);
#2860=IFCPROPERTYSINGLEVALUE('TreadCount',$,IFCINTEGER(13),$);
#2861=IFCPROPERTYSINGLEVALUE('TreadDepthIn',$,IFCREAL(10.),$);
#2862=IFCPROPERTYSINGLEVALUE('RiserHeightKnown',$,IFCBOOLEAN(.F.),$);
#2863=IFCPROPERTYSET('1YpzTSq$T7ThjuxqFfi05_',$,'Pset_ORI_Takeoff',$,(#2865,#2866,#2867,#2868,#2869,#2870));
#2864=IFCRELDEFINESBYPROPERTIES('10Ljt7OT14zx9xhHRs37ZO',$,$,$,(#2846),#2863);
#2865=IFCPROPERTYSINGLEVALUE('Method',$,IFCLABEL('authored_ground_truth'),$);
#2866=IFCPROPERTYSINGLEVALUE('ReviewStatus',$,IFCLABEL('confirmed'),$);
#2867=IFCPROPERTYSINGLEVALUE('Confidence',$,IFCREAL(1.),$);
#2868=IFCPROPERTYSINGLEVALUE('OverlayElementId',$,IFCLABEL('p2-ST2'),$);
#2869=IFCPROPERTYSINGLEVALUE('Tool',$,IFCLABEL('ori_takeoff 0.1.0'),$);
#2870=IFCPROPERTYSINGLEVALUE('SourcePage',$,IFCINTEGER(2),$);
ENDSEC;
END-ISO-10303-21;
