ISO-10303-21;
HEADER;
FILE_DESCRIPTION(('ViewDefinition[DesignTransferView]'),'2;1');
FILE_NAME('/dev/null','2026-10-03T15:32:03-04:00',(''),(''),'IfcOpenShell 0.8.5','IfcOpenShell 0.8.5','Nobody');
FILE_SCHEMA(('IFC4X3_ADD2'));
ENDSEC;
DATA;
#1=IFCPROJECT('2NAAWWAGr75OIolKq0U6vN',$,'ORI plan takeoff: ori-sample-house.pdf',$,$,$,$,(#10),#5);
#2=IFCSIUNIT(*,.LENGTHUNIT.,.MILLI.,.METRE.);
#3=IFCSIUNIT(*,.AREAUNIT.,$,.SQUARE_METRE.);
#4=IFCSIUNIT(*,.VOLUMEUNIT.,$,.CUBIC_METRE.);
#5=IFCUNITASSIGNMENT((#4,#2,#3));
#6=IFCCARTESIANPOINT((0.,0.,0.));
#7=IFCDIRECTION((0.,0.,1.));
#8=IFCDIRECTION((1.,0.,0.));
#9=IFCAXIS2PLACEMENT3D(#6,#7,#8);
#10=IFCGEOMETRICREPRESENTATIONCONTEXT($,'Model',3,1.0000000000000001E-05,#9,$);
#11=IFCGEOMETRICREPRESENTATIONSUBCONTEXT('Body','Model',*,*,*,*,#10,$,.MODEL_VIEW.,$);
#12=IFCGEOMETRICREPRESENTATIONSUBCONTEXT('Axis','Model',*,*,*,*,#10,$,.GRAPH_VIEW.,$);
#13=IFCSITE('3WHhhvKIn5rQ$UgSvzDaj7',$,'Site (not georeferenced)',$,$,$,$,$,$,$,$,$,$,$);
#14=IFCBUILDING('2IinP9k5P3T9kh4BRheSM$',$,'Building from plan overlay',$,$,$,$,$,$,$,$,$);
#15=IFCRELAGGREGATES('1mR36XHI5E_hsR7lYhu_Ae',$,$,$,#1,(#13));
#16=IFCRELAGGREGATES('0zmbdF1$LEheOj4yhWStqt',$,$,$,#13,(#14));
#17=IFCBUILDINGSTOREY('0z9vU$r9b2GPmVT5OoFsfq',$,'Level 1',$,$,#28,$,$,$,0.);
#23=IFCRELAGGREGATES('2xPZ5CZ7XFaA8r1d6QS5hL',$,$,$,#14,(#17,#1524));
#24=IFCCARTESIANPOINT((0.,0.,0.));
#25=IFCDIRECTION((0.,0.,1.));
#26=IFCDIRECTION((1.,0.,0.));
#27=IFCAXIS2PLACEMENT3D(#24,#25,#26);
#28=IFCLOCALPLACEMENT($,#27);
#29=IFCPROPERTYSET('3MJqI0PZn1eQtbsXFogqAd',$,'Pset_ORI_Takeoff',$,(#31,#32,#33,#34,#35));
#30=IFCRELDEFINESBYPROPERTIES('0awWGnBufBMQrt5ow9dVMi',$,$,$,(#17),#29);
#31=IFCPROPERTYSINGLEVALUE('ElevationKnown',$,IFCBOOLEAN(.F.),$);
#32=IFCPROPERTYSINGLEVALUE('SourcePage',$,IFCINTEGER(1),$);
#33=IFCPROPERTYSINGLEVALUE('SourceSheet',$,IFCLABEL('A-101'),$);
#34=IFCPROPERTYSINGLEVALUE('Tool',$,IFCLABEL('ori_takeoff 0.1.0'),$);
#35=IFCPROPERTYSINGLEVALUE('ScaleStatus',$,IFCLABEL('stated_confirmed'),$);
#36=IFCWALL('0$iEllQjH9Ju1gWo49AoGY',$,'p1-wall-001',$,$,#64,#58,$,.SOLIDWALL.);
#42=IFCCARTESIANPOINT((0.,0.));
#43=IFCCARTESIANPOINT((9753.5999999999985,0.));
#44=IFCCARTESIANPOINT((9753.5999999999985,152.39999999999998));
#45=IFCCARTESIANPOINT((0.,152.39999999999998));
#46=IFCCARTESIANPOINT((0.,0.));
#47=IFCPOLYLINE((#42,#43,#44,#45,#46));
#48=IFCARBITRARYCLOSEDPROFILEDEF(.AREA.,$,#47);
#49=IFCCARTESIANPOINT((0.,0.,0.));
#50=IFCAXIS2PLACEMENT3D(#49,$,$);
#51=IFCDIRECTION((0.,0.,1.));
#52=IFCEXTRUDEDAREASOLID(#48,#50,#51,2667.);
#53=IFCSHAPEREPRESENTATION(#11,'Body','SweptSolid',(#52));
#54=IFCCARTESIANPOINT((76.199999999999989,76.199999999999989));
#55=IFCCARTESIANPOINT((9677.3999999999996,76.199999999999989));
#56=IFCPOLYLINE((#54,#55));
#57=IFCSHAPEREPRESENTATION(#12,'Axis','Curve2D',(#56));
#58=IFCPRODUCTDEFINITIONSHAPE($,$,(#53,#57));
#59=IFCRELCONTAINEDINSPATIALSTRUCTURE('0pQ_xyhNDBhxYhq3h4NOEE',$,$,$,(#1499,#1139,#931,#296,#723,#791,#507,#111,#222,#999,#36,#1067,#148,#859,#651,#1211,#367,#259,#1279,#185,#579,#435,#74),#17);
#60=IFCCARTESIANPOINT((0.,0.,0.));
#61=IFCDIRECTION((0.,0.,1.));
#62=IFCDIRECTION((1.,0.,0.));
#63=IFCAXIS2PLACEMENT3D(#60,#61,#62);
#64=IFCLOCALPLACEMENT(#28,#63);
#65=IFCPROPERTYSET('06fBB4xRv2OQs1lNe6ScQe',$,'Pset_ORI_Takeoff',$,(#67,#68,#69,#70,#71,#72,#73));
#66=IFCRELDEFINESBYPROPERTIES('3XNWG42gjAtgPndsDFw45N',$,$,$,(#36),#65);
#67=IFCPROPERTYSINGLEVALUE('Method',$,IFCLABEL('auto_extracted'),$);
#68=IFCPROPERTYSINGLEVALUE('ReviewStatus',$,IFCLABEL('unreviewed'),$);
#69=IFCPROPERTYSINGLEVALUE('Confidence',$,IFCREAL(0.90000000000000002),$);
#70=IFCPROPERTYSINGLEVALUE('OverlayElementId',$,IFCLABEL('p1-wall-001'),$);
#71=IFCPROPERTYSINGLEVALUE('Tool',$,IFCLABEL('ori_takeoff 0.1.0'),$);
#72=IFCPROPERTYSINGLEVALUE('HeightSource',$,IFCLABEL('sheet_note_unconfirmed'),$);
#73=IFCPROPERTYSINGLEVALUE('SourcePage',$,IFCINTEGER(1),$);
#74=IFCWALL('1uQMxkjmvFlAoehlkB1lBZ',$,'p1-wall-002',$,$,#101,#96,$,.SOLIDWALL.);
#80=IFCCARTESIANPOINT((5295.8999999999996,3695.6999999999998));
#81=IFCCARTESIANPOINT((9601.1999999999989,3695.6999999999998));
#82=IFCCARTESIANPOINT((9601.1999999999989,3810.));
#83=IFCCARTESIANPOINT((5295.8999999999996,3810.));
#84=IFCCARTESIANPOINT((5295.8999999999996,3695.6999999999998));
#85=IFCPOLYLINE((#80,#81,#82,#83,#84));
#86=IFCARBITRARYCLOSEDPROFILEDEF(.AREA.,$,#85);
#87=IFCCARTESIANPOINT((0.,0.,0.));
#88=IFCAXIS2PLACEMENT3D(#87,$,$);
#89=IFCDIRECTION((0.,0.,1.));
#90=IFCEXTRUDEDAREASOLID(#86,#88,#89,2667.);
#91=IFCSHAPEREPRESENTATION(#11,'Body','SweptSolid',(#90));
#92=IFCCARTESIANPOINT((5295.8999999999996,3752.8499999999999));
#93=IFCCARTESIANPOINT((9601.1999999999989,3752.8499999999999));
#94=IFCPOLYLINE((#92,#93));
#95=IFCSHAPEREPRESENTATION(#12,'Axis','Curve2D',(#94));
#96=IFCPRODUCTDEFINITIONSHAPE($,$,(#91,#95));
#97=IFCCARTESIANPOINT((0.,0.,0.));
#98=IFCDIRECTION((0.,0.,1.));
#99=IFCDIRECTION((1.,0.,0.));
#100=IFCAXIS2PLACEMENT3D(#97,#98,#99);
#101=IFCLOCALPLACEMENT(#28,#100);
#102=IFCPROPERTYSET('1sdkXPjdj5igZwhmbmTisC',$,'Pset_ORI_Takeoff',$,(#104,#105,#106,#107,#108,#109,#110));
#103=IFCRELDEFINESBYPROPERTIES('0wgXkK_er3UeaB_5nRlkJY',$,$,$,(#74),#102);
#104=IFCPROPERTYSINGLEVALUE('Method',$,IFCLABEL('auto_extracted'),$);
#105=IFCPROPERTYSINGLEVALUE('ReviewStatus',$,IFCLABEL('unreviewed'),$);
#106=IFCPROPERTYSINGLEVALUE('Confidence',$,IFCREAL(0.90000000000000002),$);
#107=IFCPROPERTYSINGLEVALUE('OverlayElementId',$,IFCLABEL('p1-wall-002'),$);
#108=IFCPROPERTYSINGLEVALUE('Tool',$,IFCLABEL('ori_takeoff 0.1.0'),$);
#109=IFCPROPERTYSINGLEVALUE('HeightSource',$,IFCLABEL('sheet_note_unconfirmed'),$);
#110=IFCPROPERTYSINGLEVALUE('SourcePage',$,IFCINTEGER(1),$);
#111=IFCWALL('3z_x20Y296XhFTOqABagnI',$,'p1-wall-003',$,$,#138,#133,$,.SOLIDWALL.);
#117=IFCCARTESIANPOINT((152.39999999999998,5181.5999999999995));
#118=IFCCARTESIANPOINT((5181.5999999999995,5181.5999999999995));
#119=IFCCARTESIANPOINT((5181.5999999999995,5295.8999999999996));
#120=IFCCARTESIANPOINT((152.39999999999998,5295.8999999999996));
#121=IFCCARTESIANPOINT((152.39999999999998,5181.5999999999995));
#122=IFCPOLYLINE((#117,#118,#119,#120,#121));
#123=IFCARBITRARYCLOSEDPROFILEDEF(.AREA.,$,#122);
#124=IFCCARTESIANPOINT((0.,0.,0.));
#125=IFCAXIS2PLACEMENT3D(#124,$,$);
#126=IFCDIRECTION((0.,0.,1.));
#127=IFCEXTRUDEDAREASOLID(#123,#125,#126,2667.);
#128=IFCSHAPEREPRESENTATION(#11,'Body','SweptSolid',(#127));
#129=IFCCARTESIANPOINT((152.39999999999998,5238.75));
#130=IFCCARTESIANPOINT((5181.5999999999995,5238.75));
#131=IFCPOLYLINE((#129,#130));
#132=IFCSHAPEREPRESENTATION(#12,'Axis','Curve2D',(#131));
#133=IFCPRODUCTDEFINITIONSHAPE($,$,(#128,#132));
#134=IFCCARTESIANPOINT((0.,0.,0.));
#135=IFCDIRECTION((0.,0.,1.));
#136=IFCDIRECTION((1.,0.,0.));
#137=IFCAXIS2PLACEMENT3D(#134,#135,#136);
#138=IFCLOCALPLACEMENT(#28,#137);
#139=IFCPROPERTYSET('2W$MkhuQ5FuOy11DG1rpgZ',$,'Pset_ORI_Takeoff',$,(#141,#142,#143,#144,#145,#146,#147));
#140=IFCRELDEFINESBYPROPERTIES('3ZeZMZwlPF38700QrN6DcD',$,$,$,(#111),#139);
#141=IFCPROPERTYSINGLEVALUE('Method',$,IFCLABEL('auto_extracted'),$);
#142=IFCPROPERTYSINGLEVALUE('ReviewStatus',$,IFCLABEL('unreviewed'),$);
#143=IFCPROPERTYSINGLEVALUE('Confidence',$,IFCREAL(0.90000000000000002),$);
#144=IFCPROPERTYSINGLEVALUE('OverlayElementId',$,IFCLABEL('p1-wall-003'),$);
#145=IFCPROPERTYSINGLEVALUE('Tool',$,IFCLABEL('ori_takeoff 0.1.0'),$);
#146=IFCPROPERTYSINGLEVALUE('HeightSource',$,IFCLABEL('sheet_note_unconfirmed'),$);
#147=IFCPROPERTYSINGLEVALUE('SourcePage',$,IFCINTEGER(1),$);
#148=IFCWALL('31kQV$SE1F9xbktwwGyVwG',$,'p1-wall-004',$,$,#175,#170,$,.SOLIDWALL.);
#154=IFCCARTESIANPOINT((0.,8382.));
#155=IFCCARTESIANPOINT((9753.5999999999985,8382.));
#156=IFCCARTESIANPOINT((9753.5999999999985,8534.3999999999996));
#157=IFCCARTESIANPOINT((0.,8534.3999999999996));
#158=IFCCARTESIANPOINT((0.,8382.));
#159=IFCPOLYLINE((#154,#155,#156,#157,#158));
#160=IFCARBITRARYCLOSEDPROFILEDEF(.AREA.,$,#159);
#161=IFCCARTESIANPOINT((0.,0.,0.));
#162=IFCAXIS2PLACEMENT3D(#161,$,$);
#163=IFCDIRECTION((0.,0.,1.));
#164=IFCEXTRUDEDAREASOLID(#160,#162,#163,2667.);
#165=IFCSHAPEREPRESENTATION(#11,'Body','SweptSolid',(#164));
#166=IFCCARTESIANPOINT((76.199999999999989,8458.1999999999989));
#167=IFCCARTESIANPOINT((9677.3999999999996,8458.1999999999989));
#168=IFCPOLYLINE((#166,#167));
#169=IFCSHAPEREPRESENTATION(#12,'Axis','Curve2D',(#168));
#170=IFCPRODUCTDEFINITIONSHAPE($,$,(#165,#169));
#171=IFCCARTESIANPOINT((0.,0.,0.));
#172=IFCDIRECTION((0.,0.,1.));
#173=IFCDIRECTION((1.,0.,0.));
#174=IFCAXIS2PLACEMENT3D(#171,#172,#173);
#175=IFCLOCALPLACEMENT(#28,#174);
#176=IFCPROPERTYSET('2b2HMu9UDEbvKH_NtwnLRF',$,'Pset_ORI_Takeoff',$,(#178,#179,#180,#181,#182,#183,#184));
#177=IFCRELDEFINESBYPROPERTIES('1SF2temnz2RAmOjYyp5kj7',$,$,$,(#148),#176);
#178=IFCPROPERTYSINGLEVALUE('Method',$,IFCLABEL('auto_extracted'),$);
#179=IFCPROPERTYSINGLEVALUE('ReviewStatus',$,IFCLABEL('unreviewed'),$);
#180=IFCPROPERTYSINGLEVALUE('Confidence',$,IFCREAL(0.90000000000000002),$);
#181=IFCPROPERTYSINGLEVALUE('OverlayElementId',$,IFCLABEL('p1-wall-004'),$);
#182=IFCPROPERTYSINGLEVALUE('Tool',$,IFCLABEL('ori_takeoff 0.1.0'),$);
#183=IFCPROPERTYSINGLEVALUE('HeightSource',$,IFCLABEL('sheet_note_unconfirmed'),$);
#184=IFCPROPERTYSINGLEVALUE('SourcePage',$,IFCINTEGER(1),$);
#185=IFCWALL('3xHTbTWhzDf8zY0hinZVKk',$,'p1-wall-005',$,$,#212,#207,$,.SOLIDWALL.);
#191=IFCCARTESIANPOINT((9753.5999999999985,0.));
#192=IFCCARTESIANPOINT((9753.5999999999985,8534.3999999999996));
#193=IFCCARTESIANPOINT((9601.1999999999989,8534.3999999999996));
#194=IFCCARTESIANPOINT((9601.1999999999989,0.));
#195=IFCCARTESIANPOINT((9753.5999999999985,0.));
#196=IFCPOLYLINE((#191,#192,#193,#194,#195));
#197=IFCARBITRARYCLOSEDPROFILEDEF(.AREA.,$,#196);
#198=IFCCARTESIANPOINT((0.,0.,0.));
#199=IFCAXIS2PLACEMENT3D(#198,$,$);
#200=IFCDIRECTION((0.,0.,1.));
#201=IFCEXTRUDEDAREASOLID(#197,#199,#200,2667.);
#202=IFCSHAPEREPRESENTATION(#11,'Body','SweptSolid',(#201));
#203=IFCCARTESIANPOINT((9677.3999999999996,76.199999999999989));
#204=IFCCARTESIANPOINT((9677.3999999999996,8458.1999999999989));
#205=IFCPOLYLINE((#203,#204));
#206=IFCSHAPEREPRESENTATION(#12,'Axis','Curve2D',(#205));
#207=IFCPRODUCTDEFINITIONSHAPE($,$,(#202,#206));
#208=IFCCARTESIANPOINT((0.,0.,0.));
#209=IFCDIRECTION((0.,0.,1.));
#210=IFCDIRECTION((1.,0.,0.));
#211=IFCAXIS2PLACEMENT3D(#208,#209,#210);
#212=IFCLOCALPLACEMENT(#28,#211);
#213=IFCPROPERTYSET('3PeeBtklz1j8GnGcr1Cee8',$,'Pset_ORI_Takeoff',$,(#215,#216,#217,#218,#219,#220,#221));
#214=IFCRELDEFINESBYPROPERTIES('3cbRYNRmzCDuPuXg1WaXYW',$,$,$,(#185),#213);
#215=IFCPROPERTYSINGLEVALUE('Method',$,IFCLABEL('auto_extracted'),$);
#216=IFCPROPERTYSINGLEVALUE('ReviewStatus',$,IFCLABEL('unreviewed'),$);
#217=IFCPROPERTYSINGLEVALUE('Confidence',$,IFCREAL(0.90000000000000002),$);
#218=IFCPROPERTYSINGLEVALUE('OverlayElementId',$,IFCLABEL('p1-wall-005'),$);
#219=IFCPROPERTYSINGLEVALUE('Tool',$,IFCLABEL('ori_takeoff 0.1.0'),$);
#220=IFCPROPERTYSINGLEVALUE('HeightSource',$,IFCLABEL('sheet_note_unconfirmed'),$);
#221=IFCPROPERTYSINGLEVALUE('SourcePage',$,IFCINTEGER(1),$);
#222=IFCWALL('2l954$wHf7fQXstlkKTepC',$,'p1-wall-006',$,$,#249,#244,$,.SOLIDWALL.);
#228=IFCCARTESIANPOINT((8597.8999999999996,152.39999999999998));
#229=IFCCARTESIANPOINT((8597.8999999999996,3695.6999999999998));
#230=IFCCARTESIANPOINT((8483.6000000000004,3695.6999999999998));
#231=IFCCARTESIANPOINT((8483.6000000000004,152.39999999999998));
#232=IFCCARTESIANPOINT((8597.8999999999996,152.39999999999998));
#233=IFCPOLYLINE((#228,#229,#230,#231,#232));
#234=IFCARBITRARYCLOSEDPROFILEDEF(.AREA.,$,#233);
#235=IFCCARTESIANPOINT((0.,0.,0.));
#236=IFCAXIS2PLACEMENT3D(#235,$,$);
#237=IFCDIRECTION((0.,0.,1.));
#238=IFCEXTRUDEDAREASOLID(#234,#236,#237,2667.);
#239=IFCSHAPEREPRESENTATION(#11,'Body','SweptSolid',(#238));
#240=IFCCARTESIANPOINT((8540.75,152.39999999999998));
#241=IFCCARTESIANPOINT((8540.75,3695.6999999999998));
#242=IFCPOLYLINE((#240,#241));
#243=IFCSHAPEREPRESENTATION(#12,'Axis','Curve2D',(#242));
#244=IFCPRODUCTDEFINITIONSHAPE($,$,(#239,#243));
#245=IFCCARTESIANPOINT((0.,0.,0.));
#246=IFCDIRECTION((0.,0.,1.));
#247=IFCDIRECTION((1.,0.,0.));
#248=IFCAXIS2PLACEMENT3D(#245,#246,#247);
#249=IFCLOCALPLACEMENT(#28,#248);
#250=IFCPROPERTYSET('0jGqWBBTfDK9Wh0sSGh69H',$,'Pset_ORI_Takeoff',$,(#252,#253,#254,#255,#256,#257,#258));
#251=IFCRELDEFINESBYPROPERTIES('0XXO9MPy57$hgmEiXUGWYN',$,$,$,(#222),#250);
#252=IFCPROPERTYSINGLEVALUE('Method',$,IFCLABEL('auto_extracted'),$);
#253=IFCPROPERTYSINGLEVALUE('ReviewStatus',$,IFCLABEL('unreviewed'),$);
#254=IFCPROPERTYSINGLEVALUE('Confidence',$,IFCREAL(0.90000000000000002),$);
#255=IFCPROPERTYSINGLEVALUE('OverlayElementId',$,IFCLABEL('p1-wall-006'),$);
#256=IFCPROPERTYSINGLEVALUE('Tool',$,IFCLABEL('ori_takeoff 0.1.0'),$);
#257=IFCPROPERTYSINGLEVALUE('HeightSource',$,IFCLABEL('sheet_note_unconfirmed'),$);
#258=IFCPROPERTYSINGLEVALUE('SourcePage',$,IFCINTEGER(1),$);
#259=IFCWALL('1n75ZsylrFLfyW8OmtD7mu',$,'p1-wall-007',$,$,#286,#281,$,.SOLIDWALL.);
#265=IFCCARTESIANPOINT((5295.8999999999996,152.39999999999998));
#266=IFCCARTESIANPOINT((5295.8999999999996,8382.));
#267=IFCCARTESIANPOINT((5181.5999999999995,8382.));
#268=IFCCARTESIANPOINT((5181.5999999999995,152.39999999999998));
#269=IFCCARTESIANPOINT((5295.8999999999996,152.39999999999998));
#270=IFCPOLYLINE((#265,#266,#267,#268,#269));
#271=IFCARBITRARYCLOSEDPROFILEDEF(.AREA.,$,#270);
#272=IFCCARTESIANPOINT((0.,0.,0.));
#273=IFCAXIS2PLACEMENT3D(#272,$,$);
#274=IFCDIRECTION((0.,0.,1.));
#275=IFCEXTRUDEDAREASOLID(#271,#273,#274,2667.);
#276=IFCSHAPEREPRESENTATION(#11,'Body','SweptSolid',(#275));
#277=IFCCARTESIANPOINT((5238.75,152.39999999999998));
#278=IFCCARTESIANPOINT((5238.75,8382.));
#279=IFCPOLYLINE((#277,#278));
#280=IFCSHAPEREPRESENTATION(#12,'Axis','Curve2D',(#279));
#281=IFCPRODUCTDEFINITIONSHAPE($,$,(#276,#280));
#282=IFCCARTESIANPOINT((0.,0.,0.));
#283=IFCDIRECTION((0.,0.,1.));
#284=IFCDIRECTION((1.,0.,0.));
#285=IFCAXIS2PLACEMENT3D(#282,#283,#284);
#286=IFCLOCALPLACEMENT(#28,#285);
#287=IFCPROPERTYSET('0opsMnvjnCxwK2dPv0tZBi',$,'Pset_ORI_Takeoff',$,(#289,#290,#291,#292,#293,#294,#295));
#288=IFCRELDEFINESBYPROPERTIES('18KT6rlx94Wg_GvS$mvzC3',$,$,$,(#259),#287);
#289=IFCPROPERTYSINGLEVALUE('Method',$,IFCLABEL('auto_extracted'),$);
#290=IFCPROPERTYSINGLEVALUE('ReviewStatus',$,IFCLABEL('unreviewed'),$);
#291=IFCPROPERTYSINGLEVALUE('Confidence',$,IFCREAL(0.90000000000000002),$);
#292=IFCPROPERTYSINGLEVALUE('OverlayElementId',$,IFCLABEL('p1-wall-007'),$);
#293=IFCPROPERTYSINGLEVALUE('Tool',$,IFCLABEL('ori_takeoff 0.1.0'),$);
#294=IFCPROPERTYSINGLEVALUE('HeightSource',$,IFCLABEL('sheet_note_unconfirmed'),$);
#295=IFCPROPERTYSINGLEVALUE('SourcePage',$,IFCINTEGER(1),$);
#296=IFCWALL('1EmhoqTY934u2y0oRYajhu',$,'p1-wall-008',$,$,#323,#318,$,.SOLIDWALL.);
#302=IFCCARTESIANPOINT((152.39999999999998,0.));
#303=IFCCARTESIANPOINT((152.39999999999998,8534.3999999999996));
#304=IFCCARTESIANPOINT((0.,8534.3999999999996));
#305=IFCCARTESIANPOINT((0.,0.));
#306=IFCCARTESIANPOINT((152.39999999999998,0.));
#307=IFCPOLYLINE((#302,#303,#304,#305,#306));
#308=IFCARBITRARYCLOSEDPROFILEDEF(.AREA.,$,#307);
#309=IFCCARTESIANPOINT((0.,0.,0.));
#310=IFCAXIS2PLACEMENT3D(#309,$,$);
#311=IFCDIRECTION((0.,0.,1.));
#312=IFCEXTRUDEDAREASOLID(#308,#310,#311,2667.);
#313=IFCSHAPEREPRESENTATION(#11,'Body','SweptSolid',(#312));
#314=IFCCARTESIANPOINT((76.199999999999989,76.199999999999989));
#315=IFCCARTESIANPOINT((76.199999999999989,8458.1999999999989));
#316=IFCPOLYLINE((#314,#315));
#317=IFCSHAPEREPRESENTATION(#12,'Axis','Curve2D',(#316));
#318=IFCPRODUCTDEFINITIONSHAPE($,$,(#313,#317));
#319=IFCCARTESIANPOINT((0.,0.,0.));
#320=IFCDIRECTION((0.,0.,1.));
#321=IFCDIRECTION((1.,0.,0.));
#322=IFCAXIS2PLACEMENT3D(#319,#320,#321);
#323=IFCLOCALPLACEMENT(#28,#322);
#324=IFCPROPERTYSET('0d_Yqef8D7hABzXSvFmtdx',$,'Pset_ORI_Takeoff',$,(#326,#327,#328,#329,#330,#331,#332));
#325=IFCRELDEFINESBYPROPERTIES('3ZN9tFSEL5BRMfzWJSvHt3',$,$,$,(#296),#324);
#326=IFCPROPERTYSINGLEVALUE('Method',$,IFCLABEL('auto_extracted'),$);
#327=IFCPROPERTYSINGLEVALUE('ReviewStatus',$,IFCLABEL('unreviewed'),$);
#328=IFCPROPERTYSINGLEVALUE('Confidence',$,IFCREAL(0.90000000000000002),$);
#329=IFCPROPERTYSINGLEVALUE('OverlayElementId',$,IFCLABEL('p1-wall-008'),$);
#330=IFCPROPERTYSINGLEVALUE('Tool',$,IFCLABEL('ori_takeoff 0.1.0'),$);
#331=IFCPROPERTYSINGLEVALUE('HeightSource',$,IFCLABEL('sheet_note_unconfirmed'),$);
#332=IFCPROPERTYSINGLEVALUE('SourcePage',$,IFCINTEGER(1),$);
#333=IFCOPENINGELEMENT('1qVQXLIH15K9EoEJ5goJdo',$,'Opening p1-window-001',$,$,#366,#351,$,$);
#339=IFCCARTESIANPOINT((1524.,0.));
#340=IFCCARTESIANPOINT((3048.,0.));
#341=IFCCARTESIANPOINT((3048.,152.39999999999998));
#342=IFCCARTESIANPOINT((1524.,152.39999999999998));
#343=IFCCARTESIANPOINT((1524.,0.));
#344=IFCPOLYLINE((#339,#340,#341,#342,#343));
#345=IFCARBITRARYCLOSEDPROFILEDEF(.AREA.,$,#344);
#346=IFCCARTESIANPOINT((0.,0.,914.39999999999998));
#347=IFCAXIS2PLACEMENT3D(#346,$,$);
#348=IFCDIRECTION((0.,0.,1.));
#349=IFCEXTRUDEDAREASOLID(#345,#347,#348,1219.1999999999998);
#350=IFCSHAPEREPRESENTATION(#11,'Body','SweptSolid',(#349));
#351=IFCPRODUCTDEFINITIONSHAPE($,$,(#350));
#352=IFCPROPERTYSET('2e1RmzZNL69vzINeQfLy4T',$,'Pset_ORI_Takeoff',$,(#354,#355,#356,#357,#358,#359,#360));
#353=IFCRELDEFINESBYPROPERTIES('3xqd35vynBz9_EDmVIVyz5',$,$,$,(#333),#352);
#354=IFCPROPERTYSINGLEVALUE('Method',$,IFCLABEL('auto_extracted'),$);
#355=IFCPROPERTYSINGLEVALUE('ReviewStatus',$,IFCLABEL('unreviewed'),$);
#356=IFCPROPERTYSINGLEVALUE('Confidence',$,IFCREAL(0.80000000000000004),$);
#357=IFCPROPERTYSINGLEVALUE('OverlayElementId',$,IFCLABEL('p1-window-001'),$);
#358=IFCPROPERTYSINGLEVALUE('Tool',$,IFCLABEL('ori_takeoff 0.1.0'),$);
#359=IFCPROPERTYSINGLEVALUE('HeightSource',$,IFCLABEL('placeholder_not_from_plan'),$);
#360=IFCPROPERTYSINGLEVALUE('SourcePage',$,IFCINTEGER(1),$);
#361=IFCRELVOIDSELEMENT('288JLFEwb7cB3fVd$AIoKT',$,$,$,#36,#333);
#362=IFCCARTESIANPOINT((0.,0.,0.));
#363=IFCDIRECTION((0.,0.,1.));
#364=IFCDIRECTION((1.,0.,0.));
#365=IFCAXIS2PLACEMENT3D(#362,#363,#364);
#366=IFCLOCALPLACEMENT(#64,#365);
#367=IFCWINDOW('1O5bjRW5D1oQ6CwgQL0fv8',$,'p1-window-001',$,$,#390,#385,$,$,1524.,$,$,$);
#373=IFCCARTESIANPOINT((1524.,0.));
#374=IFCCARTESIANPOINT((3048.,0.));
#375=IFCCARTESIANPOINT((3048.,152.39999999999998));
#376=IFCCARTESIANPOINT((1524.,152.39999999999998));
#377=IFCCARTESIANPOINT((1524.,0.));
#378=IFCPOLYLINE((#373,#374,#375,#376,#377));
#379=IFCARBITRARYCLOSEDPROFILEDEF(.AREA.,$,#378);
#380=IFCCARTESIANPOINT((0.,0.,914.39999999999998));
#381=IFCAXIS2PLACEMENT3D(#380,$,$);
#382=IFCDIRECTION((0.,0.,1.));
#383=IFCEXTRUDEDAREASOLID(#379,#381,#382,1219.1999999999998);
#384=IFCSHAPEREPRESENTATION(#11,'Body','SweptSolid',(#383));
#385=IFCPRODUCTDEFINITIONSHAPE($,$,(#384));
#386=IFCCARTESIANPOINT((0.,0.,0.));
#387=IFCDIRECTION((0.,0.,1.));
#388=IFCDIRECTION((1.,0.,0.));
#389=IFCAXIS2PLACEMENT3D(#386,#387,#388);
#390=IFCLOCALPLACEMENT(#28,#389);
#391=IFCRELFILLSELEMENT('1reZM5qoj9LwSvA1rTTkhQ',$,$,$,#333,#367);
#392=IFCPROPERTYSET('14S39519nBIBbq8D$R4wWX',$,'Pset_ORI_Takeoff',$,(#394,#395,#396,#397,#398,#399,#400));
#393=IFCRELDEFINESBYPROPERTIES('14mOi91ebAwR5jS9jkVxFh',$,$,$,(#367),#392);
#394=IFCPROPERTYSINGLEVALUE('Method',$,IFCLABEL('auto_extracted'),$);
#395=IFCPROPERTYSINGLEVALUE('ReviewStatus',$,IFCLABEL('unreviewed'),$);
#396=IFCPROPERTYSINGLEVALUE('Confidence',$,IFCREAL(0.80000000000000004),$);
#397=IFCPROPERTYSINGLEVALUE('OverlayElementId',$,IFCLABEL('p1-window-001'),$);
#398=IFCPROPERTYSINGLEVALUE('Tool',$,IFCLABEL('ori_takeoff 0.1.0'),$);
#399=IFCPROPERTYSINGLEVALUE('HeightSource',$,IFCLABEL('placeholder_not_from_plan'),$);
#400=IFCPROPERTYSINGLEVALUE('SourcePage',$,IFCINTEGER(1),$);
#401=IFCOPENINGELEMENT('0JJnt8hkH0FwnsQk_nyQ$i',$,'Opening p1-door-001',$,$,#434,#419,$,$);
#407=IFCCARTESIANPOINT((5842.,0.));
#408=IFCCARTESIANPOINT((6756.3999999999996,0.));
#409=IFCCARTESIANPOINT((6756.3999999999996,152.39999999999998));
#410=IFCCARTESIANPOINT((5842.,152.39999999999998));
#411=IFCCARTESIANPOINT((5842.,0.));
#412=IFCPOLYLINE((#407,#408,#409,#410,#411));
#413=IFCARBITRARYCLOSEDPROFILEDEF(.AREA.,$,#412);
#414=IFCCARTESIANPOINT((0.,0.,0.));
#415=IFCAXIS2PLACEMENT3D(#414,$,$);
#416=IFCDIRECTION((0.,0.,1.));
#417=IFCEXTRUDEDAREASOLID(#413,#415,#416,2032.);
#418=IFCSHAPEREPRESENTATION(#11,'Body','SweptSolid',(#417));
#419=IFCPRODUCTDEFINITIONSHAPE($,$,(#418));
#420=IFCPROPERTYSET('2SI8ThFdD5Le9xyss97EoA',$,'Pset_ORI_Takeoff',$,(#422,#423,#424,#425,#426,#427,#428));
#421=IFCRELDEFINESBYPROPERTIES('2V8SbtLxD5Gx9nRMX7JXmc',$,$,$,(#401),#420);
#422=IFCPROPERTYSINGLEVALUE('Method',$,IFCLABEL('auto_extracted'),$);
#423=IFCPROPERTYSINGLEVALUE('ReviewStatus',$,IFCLABEL('unreviewed'),$);
#424=IFCPROPERTYSINGLEVALUE('Confidence',$,IFCREAL(0.84999999999999998),$);
#425=IFCPROPERTYSINGLEVALUE('OverlayElementId',$,IFCLABEL('p1-door-001'),$);
#426=IFCPROPERTYSINGLEVALUE('Tool',$,IFCLABEL('ori_takeoff 0.1.0'),$);
#427=IFCPROPERTYSINGLEVALUE('HeightSource',$,IFCLABEL('placeholder_not_from_plan'),$);
#428=IFCPROPERTYSINGLEVALUE('SourcePage',$,IFCINTEGER(1),$);
#429=IFCRELVOIDSELEMENT('1eEe8DBsPAoe_mlsZnKcHH',$,$,$,#36,#401);
#430=IFCCARTESIANPOINT((0.,0.,0.));
#431=IFCDIRECTION((0.,0.,1.));
#432=IFCDIRECTION((1.,0.,0.));
#433=IFCAXIS2PLACEMENT3D(#430,#431,#432);
#434=IFCLOCALPLACEMENT(#64,#433);
#435=IFCDOOR('2JjU_qzIvDzehNZbTzedOj',$,'p1-door-001',$,$,#458,#453,$,$,914.39999999999998,$,$,$);
#441=IFCCARTESIANPOINT((5842.,0.));
#442=IFCCARTESIANPOINT((6756.3999999999996,0.));
#443=IFCCARTESIANPOINT((6756.3999999999996,152.39999999999998));
#444=IFCCARTESIANPOINT((5842.,152.39999999999998));
#445=IFCCARTESIANPOINT((5842.,0.));
#446=IFCPOLYLINE((#441,#442,#443,#444,#445));
#447=IFCARBITRARYCLOSEDPROFILEDEF(.AREA.,$,#446);
#448=IFCCARTESIANPOINT((0.,0.,0.));
#449=IFCAXIS2PLACEMENT3D(#448,$,$);
#450=IFCDIRECTION((0.,0.,1.));
#451=IFCEXTRUDEDAREASOLID(#447,#449,#450,2032.);
#452=IFCSHAPEREPRESENTATION(#11,'Body','SweptSolid',(#451));
#453=IFCPRODUCTDEFINITIONSHAPE($,$,(#452));
#454=IFCCARTESIANPOINT((0.,0.,0.));
#455=IFCDIRECTION((0.,0.,1.));
#456=IFCDIRECTION((1.,0.,0.));
#457=IFCAXIS2PLACEMENT3D(#454,#455,#456);
#458=IFCLOCALPLACEMENT(#28,#457);
#459=IFCRELFILLSELEMENT('3YOoz4Y8X3JhNRxZolgS3h',$,$,$,#401,#435);
#460=IFCPROPERTYSET('0mSJtRiRz6rO8AlIhJYgYa',$,'Pset_ORI_Takeoff',$,(#462,#463,#464,#465,#466,#467,#468));
#461=IFCRELDEFINESBYPROPERTIES('2pGadvyUXCae5JFkee$UQ1',$,$,$,(#435),#460);
#462=IFCPROPERTYSINGLEVALUE('Method',$,IFCLABEL('auto_extracted'),$);
#463=IFCPROPERTYSINGLEVALUE('ReviewStatus',$,IFCLABEL('unreviewed'),$);
#464=IFCPROPERTYSINGLEVALUE('Confidence',$,IFCREAL(0.84999999999999998),$);
#465=IFCPROPERTYSINGLEVALUE('OverlayElementId',$,IFCLABEL('p1-door-001'),$);
#466=IFCPROPERTYSINGLEVALUE('Tool',$,IFCLABEL('ori_takeoff 0.1.0'),$);
#467=IFCPROPERTYSINGLEVALUE('HeightSource',$,IFCLABEL('placeholder_not_from_plan'),$);
#468=IFCPROPERTYSINGLEVALUE('SourcePage',$,IFCINTEGER(1),$);
#469=IFCPROPERTYSET('0aLVrGGSz7z9V25_JR0Lv2',$,'Pset_ORI_DoorSwing',$,(#471,#472));
#470=IFCRELDEFINESBYPROPERTIES('0MjJkFyv5E7xrOwHy$RR5v',$,$,$,(#435),#469);
#471=IFCPROPERTYSINGLEVALUE('OpensToNormalSide',$,IFCINTEGER(1),$);
#472=IFCPROPERTYSINGLEVALUE('RadiusIn',$,IFCREAL(35.997),$);
#473=IFCOPENINGELEMENT('3orcoaW8vCKx_4cLXxtCaR',$,'Opening p1-door-002',$,$,#506,#491,$,$);
#479=IFCCARTESIANPOINT((5588.,3695.6999999999998));
#480=IFCCARTESIANPOINT((6400.7999999999993,3695.6999999999998));
#481=IFCCARTESIANPOINT((6400.7999999999993,3810.));
#482=IFCCARTESIANPOINT((5588.,3810.));
#483=IFCCARTESIANPOINT((5588.,3695.6999999999998));
#484=IFCPOLYLINE((#479,#480,#481,#482,#483));
#485=IFCARBITRARYCLOSEDPROFILEDEF(.AREA.,$,#484);
#486=IFCCARTESIANPOINT((0.,0.,0.));
#487=IFCAXIS2PLACEMENT3D(#486,$,$);
#488=IFCDIRECTION((0.,0.,1.));
#489=IFCEXTRUDEDAREASOLID(#485,#487,#488,2032.);
#490=IFCSHAPEREPRESENTATION(#11,'Body','SweptSolid',(#489));
#491=IFCPRODUCTDEFINITIONSHAPE($,$,(#490));
#492=IFCPROPERTYSET('1W12mZdtj0Ggx97emvkZGO',$,'Pset_ORI_Takeoff',$,(#494,#495,#496,#497,#498,#499,#500));
#493=IFCRELDEFINESBYPROPERTIES('1sibbwjZrAPwvPU0rMakks',$,$,$,(#473),#492);
#494=IFCPROPERTYSINGLEVALUE('Method',$,IFCLABEL('auto_extracted'),$);
#495=IFCPROPERTYSINGLEVALUE('ReviewStatus',$,IFCLABEL('unreviewed'),$);
#496=IFCPROPERTYSINGLEVALUE('Confidence',$,IFCREAL(0.84999999999999998),$);
#497=IFCPROPERTYSINGLEVALUE('OverlayElementId',$,IFCLABEL('p1-door-002'),$);
#498=IFCPROPERTYSINGLEVALUE('Tool',$,IFCLABEL('ori_takeoff 0.1.0'),$);
#499=IFCPROPERTYSINGLEVALUE('HeightSource',$,IFCLABEL('placeholder_not_from_plan'),$);
#500=IFCPROPERTYSINGLEVALUE('SourcePage',$,IFCINTEGER(1),$);
#501=IFCRELVOIDSELEMENT('0yZZlHrXnBnOPQVAeiUZHX',$,$,$,#74,#473);
#502=IFCCARTESIANPOINT((0.,0.,0.));
#503=IFCDIRECTION((0.,0.,1.));
#504=IFCDIRECTION((1.,0.,0.));
#505=IFCAXIS2PLACEMENT3D(#502,#503,#504);
#506=IFCLOCALPLACEMENT(#101,#505);
#507=IFCDOOR('3DvbAB98T0w9jGOva$y7bo',$,'p1-door-002',$,$,#530,#525,$,$,812.79999999999995,$,$,$);
#513=IFCCARTESIANPOINT((5588.,3695.6999999999998));
#514=IFCCARTESIANPOINT((6400.7999999999993,3695.6999999999998));
#515=IFCCARTESIANPOINT((6400.7999999999993,3810.));
#516=IFCCARTESIANPOINT((5588.,3810.));
#517=IFCCARTESIANPOINT((5588.,3695.6999999999998));
#518=IFCPOLYLINE((#513,#514,#515,#516,#517));
#519=IFCARBITRARYCLOSEDPROFILEDEF(.AREA.,$,#518);
#520=IFCCARTESIANPOINT((0.,0.,0.));
#521=IFCAXIS2PLACEMENT3D(#520,$,$);
#522=IFCDIRECTION((0.,0.,1.));
#523=IFCEXTRUDEDAREASOLID(#519,#521,#522,2032.);
#524=IFCSHAPEREPRESENTATION(#11,'Body','SweptSolid',(#523));
#525=IFCPRODUCTDEFINITIONSHAPE($,$,(#524));
#526=IFCCARTESIANPOINT((0.,0.,0.));
#527=IFCDIRECTION((0.,0.,1.));
#528=IFCDIRECTION((1.,0.,0.));
#529=IFCAXIS2PLACEMENT3D(#526,#527,#528);
#530=IFCLOCALPLACEMENT(#28,#529);
#531=IFCRELFILLSELEMENT('0t4dZk$$5FqA_I$fxluQDh',$,$,$,#473,#507);
#532=IFCPROPERTYSET('11qmiI9lv7HBkpy4l2Elk9',$,'Pset_ORI_Takeoff',$,(#534,#535,#536,#537,#538,#539,#540));
#533=IFCRELDEFINESBYPROPERTIES('393T9gNqLBd9pE6m6l6vue',$,$,$,(#507),#532);
#534=IFCPROPERTYSINGLEVALUE('Method',$,IFCLABEL('auto_extracted'),$);
#535=IFCPROPERTYSINGLEVALUE('ReviewStatus',$,IFCLABEL('unreviewed'),$);
#536=IFCPROPERTYSINGLEVALUE('Confidence',$,IFCREAL(0.84999999999999998),$);
#537=IFCPROPERTYSINGLEVALUE('OverlayElementId',$,IFCLABEL('p1-door-002'),$);
#538=IFCPROPERTYSINGLEVALUE('Tool',$,IFCLABEL('ori_takeoff 0.1.0'),$);
#539=IFCPROPERTYSINGLEVALUE('HeightSource',$,IFCLABEL('placeholder_not_from_plan'),$);
#540=IFCPROPERTYSINGLEVALUE('SourcePage',$,IFCINTEGER(1),$);
#541=IFCPROPERTYSET('1NLQLH0ar5Eus5sg8nDPap',$,'Pset_ORI_DoorSwing',$,(#543,#544));
#542=IFCRELDEFINESBYPROPERTIES('14A9eEccL0ahfAO8qBXeQE',$,$,$,(#507),#541);
#543=IFCPROPERTYSINGLEVALUE('OpensToNormalSide',$,IFCINTEGER(1),$);
#544=IFCPROPERTYSINGLEVALUE('RadiusIn',$,IFCREAL(31.998000000000001),$);
#545=IFCOPENINGELEMENT('1Yg2w_p$fEDR5Xe1M3hQGk',$,'Opening p1-door-003',$,$,#578,#563,$,$);
#551=IFCCARTESIANPOINT((8737.6000000000004,3695.6999999999998));
#552=IFCCARTESIANPOINT((9448.7999999999993,3695.6999999999998));
#553=IFCCARTESIANPOINT((9448.7999999999993,3810.));
#554=IFCCARTESIANPOINT((8737.6000000000004,3810.));
#555=IFCCARTESIANPOINT((8737.6000000000004,3695.6999999999998));
#556=IFCPOLYLINE((#551,#552,#553,#554,#555));
#557=IFCARBITRARYCLOSEDPROFILEDEF(.AREA.,$,#556);
#558=IFCCARTESIANPOINT((0.,0.,0.));
#559=IFCAXIS2PLACEMENT3D(#558,$,$);
#560=IFCDIRECTION((0.,0.,1.));
#561=IFCEXTRUDEDAREASOLID(#557,#559,#560,2032.);
#562=IFCSHAPEREPRESENTATION(#11,'Body','SweptSolid',(#561));
#563=IFCPRODUCTDEFINITIONSHAPE($,$,(#562));
#564=IFCPROPERTYSET('3W62rQB_53yvGZGoWtF6EG',$,'Pset_ORI_Takeoff',$,(#566,#567,#568,#569,#570,#571,#572));
#565=IFCRELDEFINESBYPROPERTIES('3IQqp5Otr0v8EV87PJlpS5',$,$,$,(#545),#564);
#566=IFCPROPERTYSINGLEVALUE('Method',$,IFCLABEL('auto_extracted'),$);
#567=IFCPROPERTYSINGLEVALUE('ReviewStatus',$,IFCLABEL('unreviewed'),$);
#568=IFCPROPERTYSINGLEVALUE('Confidence',$,IFCREAL(0.84999999999999998),$);
#569=IFCPROPERTYSINGLEVALUE('OverlayElementId',$,IFCLABEL('p1-door-003'),$);
#570=IFCPROPERTYSINGLEVALUE('Tool',$,IFCLABEL('ori_takeoff 0.1.0'),$);
#571=IFCPROPERTYSINGLEVALUE('HeightSource',$,IFCLABEL('placeholder_not_from_plan'),$);
#572=IFCPROPERTYSINGLEVALUE('SourcePage',$,IFCINTEGER(1),$);
#573=IFCRELVOIDSELEMENT('3y8x_IG2H2KO080PXrq3Z5',$,$,$,#74,#545);
#574=IFCCARTESIANPOINT((0.,0.,0.));
#575=IFCDIRECTION((0.,0.,1.));
#576=IFCDIRECTION((1.,0.,0.));
#577=IFCAXIS2PLACEMENT3D(#574,#575,#576);
#578=IFCLOCALPLACEMENT(#101,#577);
#579=IFCDOOR('0cxTGR_KP25g3PpEPe85ky',$,'p1-door-003',$,$,#602,#597,$,$,711.19999999999993,$,$,$);
#585=IFCCARTESIANPOINT((8737.6000000000004,3695.6999999999998));
#586=IFCCARTESIANPOINT((9448.7999999999993,3695.6999999999998));
#587=IFCCARTESIANPOINT((9448.7999999999993,3810.));
#588=IFCCARTESIANPOINT((8737.6000000000004,3810.));
#589=IFCCARTESIANPOINT((8737.6000000000004,3695.6999999999998));
#590=IFCPOLYLINE((#585,#586,#587,#588,#589));
#591=IFCARBITRARYCLOSEDPROFILEDEF(.AREA.,$,#590);
#592=IFCCARTESIANPOINT((0.,0.,0.));
#593=IFCAXIS2PLACEMENT3D(#592,$,$);
#594=IFCDIRECTION((0.,0.,1.));
#595=IFCEXTRUDEDAREASOLID(#591,#593,#594,2032.);
#596=IFCSHAPEREPRESENTATION(#11,'Body','SweptSolid',(#595));
#597=IFCPRODUCTDEFINITIONSHAPE($,$,(#596));
#598=IFCCARTESIANPOINT((0.,0.,0.));
#599=IFCDIRECTION((0.,0.,1.));
#600=IFCDIRECTION((1.,0.,0.));
#601=IFCAXIS2PLACEMENT3D(#598,#599,#600);
#602=IFCLOCALPLACEMENT(#28,#601);
#603=IFCRELFILLSELEMENT('0ce3sAKPP4vRjDCwYVFahP',$,$,$,#545,#579);
#604=IFCPROPERTYSET('2F_0ojLVPF9w2$1djVoYos',$,'Pset_ORI_Takeoff',$,(#606,#607,#608,#609,#610,#611,#612));
#605=IFCRELDEFINESBYPROPERTIES('0455nZOx97OP2Pg4zAYVkU',$,$,$,(#579),#604);
#606=IFCPROPERTYSINGLEVALUE('Method',$,IFCLABEL('auto_extracted'),$);
#607=IFCPROPERTYSINGLEVALUE('ReviewStatus',$,IFCLABEL('unreviewed'),$);
#608=IFCPROPERTYSINGLEVALUE('Confidence',$,IFCREAL(0.84999999999999998),$);
#609=IFCPROPERTYSINGLEVALUE('OverlayElementId',$,IFCLABEL('p1-door-003'),$);
#610=IFCPROPERTYSINGLEVALUE('Tool',$,IFCLABEL('ori_takeoff 0.1.0'),$);
#611=IFCPROPERTYSINGLEVALUE('HeightSource',$,IFCLABEL('placeholder_not_from_plan'),$);
#612=IFCPROPERTYSINGLEVALUE('SourcePage',$,IFCINTEGER(1),$);
#613=IFCPROPERTYSET('0AM0C2iwn6Jh14$ff26v1h',$,'Pset_ORI_DoorSwing',$,(#615,#616));
#614=IFCRELDEFINESBYPROPERTIES('1$$EHzv7H2o9ZTrNgeTDmj',$,$,$,(#579),#613);
#615=IFCPROPERTYSINGLEVALUE('OpensToNormalSide',$,IFCINTEGER(-1),$);
#616=IFCPROPERTYSINGLEVALUE('RadiusIn',$,IFCREAL(27.998000000000001),$);
#617=IFCOPENINGELEMENT('1zYvv6zvn6wRqL$czaoLNO',$,'Opening p1-door-004',$,$,#650,#635,$,$);
#623=IFCCARTESIANPOINT((4064.,5181.5999999999995));
#624=IFCCARTESIANPOINT((4876.7999999999993,5181.5999999999995));
#625=IFCCARTESIANPOINT((4876.7999999999993,5295.8999999999996));
#626=IFCCARTESIANPOINT((4064.,5295.8999999999996));
#627=IFCCARTESIANPOINT((4064.,5181.5999999999995));
#628=IFCPOLYLINE((#623,#624,#625,#626,#627));
#629=IFCARBITRARYCLOSEDPROFILEDEF(.AREA.,$,#628);
#630=IFCCARTESIANPOINT((0.,0.,0.));
#631=IFCAXIS2PLACEMENT3D(#630,$,$);
#632=IFCDIRECTION((0.,0.,1.));
#633=IFCEXTRUDEDAREASOLID(#629,#631,#632,2032.);
#634=IFCSHAPEREPRESENTATION(#11,'Body','SweptSolid',(#633));
#635=IFCPRODUCTDEFINITIONSHAPE($,$,(#634));
#636=IFCPROPERTYSET('1R1rGIVuj4A94YGJ4iuiuR',$,'Pset_ORI_Takeoff',$,(#638,#639,#640,#641,#642,#643,#644));
#637=IFCRELDEFINESBYPROPERTIES('1PG3gUQvHDC8FzwB0IHAyo',$,$,$,(#617),#636);
#638=IFCPROPERTYSINGLEVALUE('Method',$,IFCLABEL('auto_extracted'),$);
#639=IFCPROPERTYSINGLEVALUE('ReviewStatus',$,IFCLABEL('unreviewed'),$);
#640=IFCPROPERTYSINGLEVALUE('Confidence',$,IFCREAL(0.84999999999999998),$);
#641=IFCPROPERTYSINGLEVALUE('OverlayElementId',$,IFCLABEL('p1-door-004'),$);
#642=IFCPROPERTYSINGLEVALUE('Tool',$,IFCLABEL('ori_takeoff 0.1.0'),$);
#643=IFCPROPERTYSINGLEVALUE('HeightSource',$,IFCLABEL('placeholder_not_from_plan'),$);
#644=IFCPROPERTYSINGLEVALUE('SourcePage',$,IFCINTEGER(1),$);
#645=IFCRELVOIDSELEMENT('0kXWl2uGDBHBBl85ZPNxBm',$,$,$,#111,#617);
#646=IFCCARTESIANPOINT((0.,0.,0.));
#647=IFCDIRECTION((0.,0.,1.));
#648=IFCDIRECTION((1.,0.,0.));
#649=IFCAXIS2PLACEMENT3D(#646,#647,#648);
#650=IFCLOCALPLACEMENT(#138,#649);
#651=IFCDOOR('1HXxYim7jDhfa9B20yroje',$,'p1-door-004',$,$,#674,#669,$,$,812.79999999999995,$,$,$);
#657=IFCCARTESIANPOINT((4064.,5181.5999999999995));
#658=IFCCARTESIANPOINT((4876.7999999999993,5181.5999999999995));
#659=IFCCARTESIANPOINT((4876.7999999999993,5295.8999999999996));
#660=IFCCARTESIANPOINT((4064.,5295.8999999999996));
#661=IFCCARTESIANPOINT((4064.,5181.5999999999995));
#662=IFCPOLYLINE((#657,#658,#659,#660,#661));
#663=IFCARBITRARYCLOSEDPROFILEDEF(.AREA.,$,#662);
#664=IFCCARTESIANPOINT((0.,0.,0.));
#665=IFCAXIS2PLACEMENT3D(#664,$,$);
#666=IFCDIRECTION((0.,0.,1.));
#667=IFCEXTRUDEDAREASOLID(#663,#665,#666,2032.);
#668=IFCSHAPEREPRESENTATION(#11,'Body','SweptSolid',(#667));
#669=IFCPRODUCTDEFINITIONSHAPE($,$,(#668));
#670=IFCCARTESIANPOINT((0.,0.,0.));
#671=IFCDIRECTION((0.,0.,1.));
#672=IFCDIRECTION((1.,0.,0.));
#673=IFCAXIS2PLACEMENT3D(#670,#671,#672);
#674=IFCLOCALPLACEMENT(#28,#673);
#675=IFCRELFILLSELEMENT('0NCsJYO4fCOgTP_LRjCoII',$,$,$,#617,#651);
#676=IFCPROPERTYSET('1$8_cHmL979fu36ofwMoeb',$,'Pset_ORI_Takeoff',$,(#678,#679,#680,#681,#682,#683,#684));
#677=IFCRELDEFINESBYPROPERTIES('3VnBSvVovARxMYtAhwHf$1',$,$,$,(#651),#676);
#678=IFCPROPERTYSINGLEVALUE('Method',$,IFCLABEL('auto_extracted'),$);
#679=IFCPROPERTYSINGLEVALUE('ReviewStatus',$,IFCLABEL('unreviewed'),$);
#680=IFCPROPERTYSINGLEVALUE('Confidence',$,IFCREAL(0.84999999999999998),$);
#681=IFCPROPERTYSINGLEVALUE('OverlayElementId',$,IFCLABEL('p1-door-004'),$);
#682=IFCPROPERTYSINGLEVALUE('Tool',$,IFCLABEL('ori_takeoff 0.1.0'),$);
#683=IFCPROPERTYSINGLEVALUE('HeightSource',$,IFCLABEL('placeholder_not_from_plan'),$);
#684=IFCPROPERTYSINGLEVALUE('SourcePage',$,IFCINTEGER(1),$);
#685=IFCPROPERTYSET('2Etlj08hD9qRcrG062rB7z',$,'Pset_ORI_DoorSwing',$,(#687,#688));
#686=IFCRELDEFINESBYPROPERTIES('0KmzeXuMD6gh4d5BC2XXZO',$,$,$,(#651),#685);
#687=IFCPROPERTYSINGLEVALUE('OpensToNormalSide',$,IFCINTEGER(-1),$);
#688=IFCPROPERTYSINGLEVALUE('RadiusIn',$,IFCREAL(31.998000000000001),$);
#689=IFCOPENINGELEMENT('1bTd0825jCauCESgNthj68',$,'Opening p1-window-002',$,$,#722,#707,$,$);
#695=IFCCARTESIANPOINT((1778.,8382.));
#696=IFCCARTESIANPOINT((3302.,8382.));
#697=IFCCARTESIANPOINT((3302.,8534.3999999999996));
#698=IFCCARTESIANPOINT((1778.,8534.3999999999996));
#699=IFCCARTESIANPOINT((1778.,8382.));
#700=IFCPOLYLINE((#695,#696,#697,#698,#699));
#701=IFCARBITRARYCLOSEDPROFILEDEF(.AREA.,$,#700);
#702=IFCCARTESIANPOINT((0.,0.,914.39999999999998));
#703=IFCAXIS2PLACEMENT3D(#702,$,$);
#704=IFCDIRECTION((0.,0.,1.));
#705=IFCEXTRUDEDAREASOLID(#701,#703,#704,1219.1999999999998);
#706=IFCSHAPEREPRESENTATION(#11,'Body','SweptSolid',(#705));
#707=IFCPRODUCTDEFINITIONSHAPE($,$,(#706));
#708=IFCPROPERTYSET('3QR8jXfJ134AY2DDYwuCMW',$,'Pset_ORI_Takeoff',$,(#710,#711,#712,#713,#714,#715,#716));
#709=IFCRELDEFINESBYPROPERTIES('3rw2xpkiH4$PNPZpueI$Fq',$,$,$,(#689),#708);
#710=IFCPROPERTYSINGLEVALUE('Method',$,IFCLABEL('auto_extracted'),$);
#711=IFCPROPERTYSINGLEVALUE('ReviewStatus',$,IFCLABEL('unreviewed'),$);
#712=IFCPROPERTYSINGLEVALUE('Confidence',$,IFCREAL(0.80000000000000004),$);
#713=IFCPROPERTYSINGLEVALUE('OverlayElementId',$,IFCLABEL('p1-window-002'),$);
#714=IFCPROPERTYSINGLEVALUE('Tool',$,IFCLABEL('ori_takeoff 0.1.0'),$);
#715=IFCPROPERTYSINGLEVALUE('HeightSource',$,IFCLABEL('placeholder_not_from_plan'),$);
#716=IFCPROPERTYSINGLEVALUE('SourcePage',$,IFCINTEGER(1),$);
#717=IFCRELVOIDSELEMENT('3yh$YAkkH6nhCZpiP3npHW',$,$,$,#148,#689);
#718=IFCCARTESIANPOINT((0.,0.,0.));
#719=IFCDIRECTION((0.,0.,1.));
#720=IFCDIRECTION((1.,0.,0.));
#721=IFCAXIS2PLACEMENT3D(#718,#719,#720);
#722=IFCLOCALPLACEMENT(#175,#721);
#723=IFCWINDOW('1yxFr2mWr2o9vdyZE5Pjot',$,'p1-window-002',$,$,#746,#741,$,$,1524.,$,$,$);
#729=IFCCARTESIANPOINT((1778.,8382.));
#730=IFCCARTESIANPOINT((3302.,8382.));
#731=IFCCARTESIANPOINT((3302.,8534.3999999999996));
#732=IFCCARTESIANPOINT((1778.,8534.3999999999996));
#733=IFCCARTESIANPOINT((1778.,8382.));
#734=IFCPOLYLINE((#729,#730,#731,#732,#733));
#735=IFCARBITRARYCLOSEDPROFILEDEF(.AREA.,$,#734);
#736=IFCCARTESIANPOINT((0.,0.,914.39999999999998));
#737=IFCAXIS2PLACEMENT3D(#736,$,$);
#738=IFCDIRECTION((0.,0.,1.));
#739=IFCEXTRUDEDAREASOLID(#735,#737,#738,1219.1999999999998);
#740=IFCSHAPEREPRESENTATION(#11,'Body','SweptSolid',(#739));
#741=IFCPRODUCTDEFINITIONSHAPE($,$,(#740));
#742=IFCCARTESIANPOINT((0.,0.,0.));
#743=IFCDIRECTION((0.,0.,1.));
#744=IFCDIRECTION((1.,0.,0.));
#745=IFCAXIS2PLACEMENT3D(#742,#743,#744);
#746=IFCLOCALPLACEMENT(#28,#745);
#747=IFCRELFILLSELEMENT('13j$50Aln3kPZbgVTZ7aTW',$,$,$,#689,#723);
#748=IFCPROPERTYSET('3N2SSopQn8SfTZoiNO2UXX',$,'Pset_ORI_Takeoff',$,(#750,#751,#752,#753,#754,#755,#756));
#749=IFCRELDEFINESBYPROPERTIES('2cMXZYFVjBShnEvClYAsSH',$,$,$,(#723),#748);
#750=IFCPROPERTYSINGLEVALUE('Method',$,IFCLABEL('auto_extracted'),$);
#751=IFCPROPERTYSINGLEVALUE('ReviewStatus',$,IFCLABEL('unreviewed'),$);
#752=IFCPROPERTYSINGLEVALUE('Confidence',$,IFCREAL(0.80000000000000004),$);
#753=IFCPROPERTYSINGLEVALUE('OverlayElementId',$,IFCLABEL('p1-window-002'),$);
#754=IFCPROPERTYSINGLEVALUE('Tool',$,IFCLABEL('ori_takeoff 0.1.0'),$);
#755=IFCPROPERTYSINGLEVALUE('HeightSource',$,IFCLABEL('placeholder_not_from_plan'),$);
#756=IFCPROPERTYSINGLEVALUE('SourcePage',$,IFCINTEGER(1),$);
#757=IFCOPENINGELEMENT('1e4p8uwO5FTu_r7UWvkr0X',$,'Opening p1-window-003',$,$,#790,#775,$,$);
#763=IFCCARTESIANPOINT((5588.,8382.));
#764=IFCCARTESIANPOINT((6807.1999999999998,8382.));
#765=IFCCARTESIANPOINT((6807.1999999999998,8534.3999999999996));
#766=IFCCARTESIANPOINT((5588.,8534.3999999999996));
#767=IFCCARTESIANPOINT((5588.,8382.));
#768=IFCPOLYLINE((#763,#764,#765,#766,#767));
#769=IFCARBITRARYCLOSEDPROFILEDEF(.AREA.,$,#768);
#770=IFCCARTESIANPOINT((0.,0.,914.39999999999998));
#771=IFCAXIS2PLACEMENT3D(#770,$,$);
#772=IFCDIRECTION((0.,0.,1.));
#773=IFCEXTRUDEDAREASOLID(#769,#771,#772,1219.1999999999998);
#774=IFCSHAPEREPRESENTATION(#11,'Body','SweptSolid',(#773));
#775=IFCPRODUCTDEFINITIONSHAPE($,$,(#774));
#776=IFCPROPERTYSET('0td_$jvOj9fgsmNhx0WC15',$,'Pset_ORI_Takeoff',$,(#778,#779,#780,#781,#782,#783,#784));
#777=IFCRELDEFINESBYPROPERTIES('0B9CBZ5_fCIuGNdVCY$bK2',$,$,$,(#757),#776);
#778=IFCPROPERTYSINGLEVALUE('Method',$,IFCLABEL('auto_extracted'),$);
#779=IFCPROPERTYSINGLEVALUE('ReviewStatus',$,IFCLABEL('unreviewed'),$);
#780=IFCPROPERTYSINGLEVALUE('Confidence',$,IFCREAL(0.80000000000000004),$);
#781=IFCPROPERTYSINGLEVALUE('OverlayElementId',$,IFCLABEL('p1-window-003'),$);
#782=IFCPROPERTYSINGLEVALUE('Tool',$,IFCLABEL('ori_takeoff 0.1.0'),$);
#783=IFCPROPERTYSINGLEVALUE('HeightSource',$,IFCLABEL('placeholder_not_from_plan'),$);
#784=IFCPROPERTYSINGLEVALUE('SourcePage',$,IFCINTEGER(1),$);
#785=IFCRELVOIDSELEMENT('3W7REjkPr2r9q8dHyE2d7O',$,$,$,#148,#757);
#786=IFCCARTESIANPOINT((0.,0.,0.));
#787=IFCDIRECTION((0.,0.,1.));
#788=IFCDIRECTION((1.,0.,0.));
#789=IFCAXIS2PLACEMENT3D(#786,#787,#788);
#790=IFCLOCALPLACEMENT(#175,#789);
#791=IFCWINDOW('3cLAZU79vD9RVtaJ1BOZP7',$,'p1-window-003',$,$,#814,#809,$,$,1219.1999999999998,$,$,$);
#797=IFCCARTESIANPOINT((5588.,8382.));
#798=IFCCARTESIANPOINT((6807.1999999999998,8382.));
#799=IFCCARTESIANPOINT((6807.1999999999998,8534.3999999999996));
#800=IFCCARTESIANPOINT((5588.,8534.3999999999996));
#801=IFCCARTESIANPOINT((5588.,8382.));
#802=IFCPOLYLINE((#797,#798,#799,#800,#801));
#803=IFCARBITRARYCLOSEDPROFILEDEF(.AREA.,$,#802);
#804=IFCCARTESIANPOINT((0.,0.,914.39999999999998));
#805=IFCAXIS2PLACEMENT3D(#804,$,$);
#806=IFCDIRECTION((0.,0.,1.));
#807=IFCEXTRUDEDAREASOLID(#803,#805,#806,1219.1999999999998);
#808=IFCSHAPEREPRESENTATION(#11,'Body','SweptSolid',(#807));
#809=IFCPRODUCTDEFINITIONSHAPE($,$,(#808));
#810=IFCCARTESIANPOINT((0.,0.,0.));
#811=IFCDIRECTION((0.,0.,1.));
#812=IFCDIRECTION((1.,0.,0.));
#813=IFCAXIS2PLACEMENT3D(#810,#811,#812);
#814=IFCLOCALPLACEMENT(#28,#813);
#815=IFCRELFILLSELEMENT('1YvlOqV9n74hEeU2RYyHDB',$,$,$,#757,#791);
#816=IFCPROPERTYSET('3oB94m8ZX2LxubS21I38DC',$,'Pset_ORI_Takeoff',$,(#818,#819,#820,#821,#822,#823,#824));
#817=IFCRELDEFINESBYPROPERTIES('3iOpFgZNPE18yLD6RI3QEU',$,$,$,(#791),#816);
#818=IFCPROPERTYSINGLEVALUE('Method',$,IFCLABEL('auto_extracted'),$);
#819=IFCPROPERTYSINGLEVALUE('ReviewStatus',$,IFCLABEL('unreviewed'),$);
#820=IFCPROPERTYSINGLEVALUE('Confidence',$,IFCREAL(0.80000000000000004),$);
#821=IFCPROPERTYSINGLEVALUE('OverlayElementId',$,IFCLABEL('p1-window-003'),$);
#822=IFCPROPERTYSINGLEVALUE('Tool',$,IFCLABEL('ori_takeoff 0.1.0'),$);
#823=IFCPROPERTYSINGLEVALUE('HeightSource',$,IFCLABEL('placeholder_not_from_plan'),$);
#824=IFCPROPERTYSINGLEVALUE('SourcePage',$,IFCINTEGER(1),$);
#825=IFCOPENINGELEMENT('2AlGQInOL4bP_80mOVHUbb',$,'Opening p1-door-005',$,$,#858,#843,$,$);
#831=IFCCARTESIANPOINT((7620.,8382.));
#832=IFCCARTESIANPOINT((8534.3999999999996,8382.));
#833=IFCCARTESIANPOINT((8534.3999999999996,8534.3999999999996));
#834=IFCCARTESIANPOINT((7620.,8534.3999999999996));
#835=IFCCARTESIANPOINT((7620.,8382.));
#836=IFCPOLYLINE((#831,#832,#833,#834,#835));
#837=IFCARBITRARYCLOSEDPROFILEDEF(.AREA.,$,#836);
#838=IFCCARTESIANPOINT((0.,0.,0.));
#839=IFCAXIS2PLACEMENT3D(#838,$,$);
#840=IFCDIRECTION((0.,0.,1.));
#841=IFCEXTRUDEDAREASOLID(#837,#839,#840,2032.);
#842=IFCSHAPEREPRESENTATION(#11,'Body','SweptSolid',(#841));
#843=IFCPRODUCTDEFINITIONSHAPE($,$,(#842));
#844=IFCPROPERTYSET('0jTid8o9b6OA_2tZYXGIqQ',$,'Pset_ORI_Takeoff',$,(#846,#847,#848,#849,#850,#851,#852));
#845=IFCRELDEFINESBYPROPERTIES('1s6y2svq1AQPCr81aE8Qy4',$,$,$,(#825),#844);
#846=IFCPROPERTYSINGLEVALUE('Method',$,IFCLABEL('auto_extracted'),$);
#847=IFCPROPERTYSINGLEVALUE('ReviewStatus',$,IFCLABEL('unreviewed'),$);
#848=IFCPROPERTYSINGLEVALUE('Confidence',$,IFCREAL(0.84999999999999998),$);
#849=IFCPROPERTYSINGLEVALUE('OverlayElementId',$,IFCLABEL('p1-door-005'),$);
#850=IFCPROPERTYSINGLEVALUE('Tool',$,IFCLABEL('ori_takeoff 0.1.0'),$);
#851=IFCPROPERTYSINGLEVALUE('HeightSource',$,IFCLABEL('placeholder_not_from_plan'),$);
#852=IFCPROPERTYSINGLEVALUE('SourcePage',$,IFCINTEGER(1),$);
#853=IFCRELVOIDSELEMENT('3nA_jgRSbAi9N$Jky4Qc_e',$,$,$,#148,#825);
#854=IFCCARTESIANPOINT((0.,0.,0.));
#855=IFCDIRECTION((0.,0.,1.));
#856=IFCDIRECTION((1.,0.,0.));
#857=IFCAXIS2PLACEMENT3D(#854,#855,#856);
#858=IFCLOCALPLACEMENT(#175,#857);
#859=IFCDOOR('3AX7g19x1C$RhhpkeOw20B',$,'p1-door-005',$,$,#882,#877,$,$,914.39999999999998,$,$,$);
#865=IFCCARTESIANPOINT((7620.,8382.));
#866=IFCCARTESIANPOINT((8534.3999999999996,8382.));
#867=IFCCARTESIANPOINT((8534.3999999999996,8534.3999999999996));
#868=IFCCARTESIANPOINT((7620.,8534.3999999999996));
#869=IFCCARTESIANPOINT((7620.,8382.));
#870=IFCPOLYLINE((#865,#866,#867,#868,#869));
#871=IFCARBITRARYCLOSEDPROFILEDEF(.AREA.,$,#870);
#872=IFCCARTESIANPOINT((0.,0.,0.));
#873=IFCAXIS2PLACEMENT3D(#872,$,$);
#874=IFCDIRECTION((0.,0.,1.));
#875=IFCEXTRUDEDAREASOLID(#871,#873,#874,2032.);
#876=IFCSHAPEREPRESENTATION(#11,'Body','SweptSolid',(#875));
#877=IFCPRODUCTDEFINITIONSHAPE($,$,(#876));
#878=IFCCARTESIANPOINT((0.,0.,0.));
#879=IFCDIRECTION((0.,0.,1.));
#880=IFCDIRECTION((1.,0.,0.));
#881=IFCAXIS2PLACEMENT3D(#878,#879,#880);
#882=IFCLOCALPLACEMENT(#28,#881);
#883=IFCRELFILLSELEMENT('35FD9sy_b6yeL_7cbUCh2p',$,$,$,#825,#859);
#884=IFCPROPERTYSET('0KMm3nwHT2C8GQ0jbtZ8OG',$,'Pset_ORI_Takeoff',$,(#886,#887,#888,#889,#890,#891,#892));
#885=IFCRELDEFINESBYPROPERTIES('09dVWoLUL0FAw_RYuzXwXi',$,$,$,(#859),#884);
#886=IFCPROPERTYSINGLEVALUE('Method',$,IFCLABEL('auto_extracted'),$);
#887=IFCPROPERTYSINGLEVALUE('ReviewStatus',$,IFCLABEL('unreviewed'),$);
#888=IFCPROPERTYSINGLEVALUE('Confidence',$,IFCREAL(0.84999999999999998),$);
#889=IFCPROPERTYSINGLEVALUE('OverlayElementId',$,IFCLABEL('p1-door-005'),$);
#890=IFCPROPERTYSINGLEVALUE('Tool',$,IFCLABEL('ori_takeoff 0.1.0'),$);
#891=IFCPROPERTYSINGLEVALUE('HeightSource',$,IFCLABEL('placeholder_not_from_plan'),$);
#892=IFCPROPERTYSINGLEVALUE('SourcePage',$,IFCINTEGER(1),$);
#893=IFCPROPERTYSET('2Bl_8sXH9DnelDYeWce6QJ',$,'Pset_ORI_DoorSwing',$,(#895,#896));
#894=IFCRELDEFINESBYPROPERTIES('1UIn3c$zPEK9dB$aKPpT$4',$,$,$,(#859),#893);
#895=IFCPROPERTYSINGLEVALUE('OpensToNormalSide',$,IFCINTEGER(-1),$);
#896=IFCPROPERTYSINGLEVALUE('RadiusIn',$,IFCREAL(35.997),$);
#897=IFCOPENINGELEMENT('1WtkCjiprBiPABhZpAdX6H',$,'Opening p1-window-004',$,$,#930,#915,$,$);
#903=IFCCARTESIANPOINT((9753.5999999999985,2286.));
#904=IFCCARTESIANPOINT((9753.5999999999985,2895.5999999999999));
#905=IFCCARTESIANPOINT((9601.1999999999989,2895.5999999999999));
#906=IFCCARTESIANPOINT((9601.1999999999989,2286.));
#907=IFCCARTESIANPOINT((9753.5999999999985,2286.));
#908=IFCPOLYLINE((#903,#904,#905,#906,#907));
#909=IFCARBITRARYCLOSEDPROFILEDEF(.AREA.,$,#908);
#910=IFCCARTESIANPOINT((0.,0.,914.39999999999998));
#911=IFCAXIS2PLACEMENT3D(#910,$,$);
#912=IFCDIRECTION((0.,0.,1.));
#913=IFCEXTRUDEDAREASOLID(#909,#911,#912,1219.1999999999998);
#914=IFCSHAPEREPRESENTATION(#11,'Body','SweptSolid',(#913));
#915=IFCPRODUCTDEFINITIONSHAPE($,$,(#914));
#916=IFCPROPERTYSET('3c$AvfNRLBQxoTUQCk3aRU',$,'Pset_ORI_Takeoff',$,(#918,#919,#920,#921,#922,#923,#924));
#917=IFCRELDEFINESBYPROPERTIES('37bbCTxrjAEe_j4M1RdbSi',$,$,$,(#897),#916);
#918=IFCPROPERTYSINGLEVALUE('Method',$,IFCLABEL('auto_extracted'),$);
#919=IFCPROPERTYSINGLEVALUE('ReviewStatus',$,IFCLABEL('unreviewed'),$);
#920=IFCPROPERTYSINGLEVALUE('Confidence',$,IFCREAL(0.80000000000000004),$);
#921=IFCPROPERTYSINGLEVALUE('OverlayElementId',$,IFCLABEL('p1-window-004'),$);
#922=IFCPROPERTYSINGLEVALUE('Tool',$,IFCLABEL('ori_takeoff 0.1.0'),$);
#923=IFCPROPERTYSINGLEVALUE('HeightSource',$,IFCLABEL('placeholder_not_from_plan'),$);
#924=IFCPROPERTYSINGLEVALUE('SourcePage',$,IFCINTEGER(1),$);
#925=IFCRELVOIDSELEMENT('3D6NaF3jb1sBHg$Ewj2xGq',$,$,$,#185,#897);
#926=IFCCARTESIANPOINT((0.,0.,0.));
#927=IFCDIRECTION((0.,0.,1.));
#928=IFCDIRECTION((1.,0.,0.));
#929=IFCAXIS2PLACEMENT3D(#926,#927,#928);
#930=IFCLOCALPLACEMENT(#212,#929);
#931=IFCWINDOW('2ei05Ju3j4pvYdnGgzi60q',$,'p1-window-004',$,$,#954,#949,$,$,609.59999999999991,$,$,$);
#937=IFCCARTESIANPOINT((9753.5999999999985,2286.));
#938=IFCCARTESIANPOINT((9753.5999999999985,2895.5999999999999));
#939=IFCCARTESIANPOINT((9601.1999999999989,2895.5999999999999));
#940=IFCCARTESIANPOINT((9601.1999999999989,2286.));
#941=IFCCARTESIANPOINT((9753.5999999999985,2286.));
#942=IFCPOLYLINE((#937,#938,#939,#940,#941));
#943=IFCARBITRARYCLOSEDPROFILEDEF(.AREA.,$,#942);
#944=IFCCARTESIANPOINT((0.,0.,914.39999999999998));
#945=IFCAXIS2PLACEMENT3D(#944,$,$);
#946=IFCDIRECTION((0.,0.,1.));
#947=IFCEXTRUDEDAREASOLID(#943,#945,#946,1219.1999999999998);
#948=IFCSHAPEREPRESENTATION(#11,'Body','SweptSolid',(#947));
#949=IFCPRODUCTDEFINITIONSHAPE($,$,(#948));
#950=IFCCARTESIANPOINT((0.,0.,0.));
#951=IFCDIRECTION((0.,0.,1.));
#952=IFCDIRECTION((1.,0.,0.));
#953=IFCAXIS2PLACEMENT3D(#950,#951,#952);
#954=IFCLOCALPLACEMENT(#28,#953);
#955=IFCRELFILLSELEMENT('3mQpT8CEf7b8XHlIBsvc_y',$,$,$,#897,#931);
#956=IFCPROPERTYSET('0UaBgcBhf1ux_5woUW1$VX',$,'Pset_ORI_Takeoff',$,(#958,#959,#960,#961,#962,#963,#964));
#957=IFCRELDEFINESBYPROPERTIES('1rIDeSJqPFdODMcfhyAnkv',$,$,$,(#931),#956);
#958=IFCPROPERTYSINGLEVALUE('Method',$,IFCLABEL('auto_extracted'),$);
#959=IFCPROPERTYSINGLEVALUE('ReviewStatus',$,IFCLABEL('unreviewed'),$);
#960=IFCPROPERTYSINGLEVALUE('Confidence',$,IFCREAL(0.80000000000000004),$);
#961=IFCPROPERTYSINGLEVALUE('OverlayElementId',$,IFCLABEL('p1-window-004'),$);
#962=IFCPROPERTYSINGLEVALUE('Tool',$,IFCLABEL('ori_takeoff 0.1.0'),$);
#963=IFCPROPERTYSINGLEVALUE('HeightSource',$,IFCLABEL('placeholder_not_from_plan'),$);
#964=IFCPROPERTYSINGLEVALUE('SourcePage',$,IFCINTEGER(1),$);
#965=IFCOPENINGELEMENT('1oAjSX_m97NgmskfQ9grWe',$,'Opening p1-window-005',$,$,#998,#983,$,$);
#971=IFCCARTESIANPOINT((9753.5999999999985,5588.));
#972=IFCCARTESIANPOINT((9753.5999999999985,7112.));
#973=IFCCARTESIANPOINT((9601.1999999999989,7112.));
#974=IFCCARTESIANPOINT((9601.1999999999989,5588.));
#975=IFCCARTESIANPOINT((9753.5999999999985,5588.));
#976=IFCPOLYLINE((#971,#972,#973,#974,#975));
#977=IFCARBITRARYCLOSEDPROFILEDEF(.AREA.,$,#976);
#978=IFCCARTESIANPOINT((0.,0.,914.39999999999998));
#979=IFCAXIS2PLACEMENT3D(#978,$,$);
#980=IFCDIRECTION((0.,0.,1.));
#981=IFCEXTRUDEDAREASOLID(#977,#979,#980,1219.1999999999998);
#982=IFCSHAPEREPRESENTATION(#11,'Body','SweptSolid',(#981));
#983=IFCPRODUCTDEFINITIONSHAPE($,$,(#982));
#984=IFCPROPERTYSET('0Sq5uxF5X2IvLGv7EJ_L9e',$,'Pset_ORI_Takeoff',$,(#986,#987,#988,#989,#990,#991,#992));
#985=IFCRELDEFINESBYPROPERTIES('2AH4b6gEvAnOBAtCxNm2ce',$,$,$,(#965),#984);
#986=IFCPROPERTYSINGLEVALUE('Method',$,IFCLABEL('auto_extracted'),$);
#987=IFCPROPERTYSINGLEVALUE('ReviewStatus',$,IFCLABEL('unreviewed'),$);
#988=IFCPROPERTYSINGLEVALUE('Confidence',$,IFCREAL(0.80000000000000004),$);
#989=IFCPROPERTYSINGLEVALUE('OverlayElementId',$,IFCLABEL('p1-window-005'),$);
#990=IFCPROPERTYSINGLEVALUE('Tool',$,IFCLABEL('ori_takeoff 0.1.0'),$);
#991=IFCPROPERTYSINGLEVALUE('HeightSource',$,IFCLABEL('placeholder_not_from_plan'),$);
#992=IFCPROPERTYSINGLEVALUE('SourcePage',$,IFCINTEGER(1),$);
#993=IFCRELVOIDSELEMENT('1YfFM9bDf7BgykD8JbneTe',$,$,$,#185,#965);
#994=IFCCARTESIANPOINT((0.,0.,0.));
#995=IFCDIRECTION((0.,0.,1.));
#996=IFCDIRECTION((1.,0.,0.));
#997=IFCAXIS2PLACEMENT3D(#994,#995,#996);
#998=IFCLOCALPLACEMENT(#212,#997);
#999=IFCWINDOW('3em2JLwVX1Lx330PeSZ$Q3',$,'p1-window-005',$,$,#1022,#1017,$,$,1524.,$,$,$);
#1005=IFCCARTESIANPOINT((9753.5999999999985,5588.));
#1006=IFCCARTESIANPOINT((9753.5999999999985,7112.));
#1007=IFCCARTESIANPOINT((9601.1999999999989,7112.));
#1008=IFCCARTESIANPOINT((9601.1999999999989,5588.));
#1009=IFCCARTESIANPOINT((9753.5999999999985,5588.));
#1010=IFCPOLYLINE((#1005,#1006,#1007,#1008,#1009));
#1011=IFCARBITRARYCLOSEDPROFILEDEF(.AREA.,$,#1010);
#1012=IFCCARTESIANPOINT((0.,0.,914.39999999999998));
#1013=IFCAXIS2PLACEMENT3D(#1012,$,$);
#1014=IFCDIRECTION((0.,0.,1.));
#1015=IFCEXTRUDEDAREASOLID(#1011,#1013,#1014,1219.1999999999998);
#1016=IFCSHAPEREPRESENTATION(#11,'Body','SweptSolid',(#1015));
#1017=IFCPRODUCTDEFINITIONSHAPE($,$,(#1016));
#1018=IFCCARTESIANPOINT((0.,0.,0.));
#1019=IFCDIRECTION((0.,0.,1.));
#1020=IFCDIRECTION((1.,0.,0.));
#1021=IFCAXIS2PLACEMENT3D(#1018,#1019,#1020);
#1022=IFCLOCALPLACEMENT(#28,#1021);
#1023=IFCRELFILLSELEMENT('2ictjRxuPCIR76DtZqaWvD',$,$,$,#965,#999);
#1024=IFCPROPERTYSET('2uQucTbevFL9FhPhRiPtq_',$,'Pset_ORI_Takeoff',$,(#1026,#1027,#1028,#1029,#1030,#1031,#1032));
#1025=IFCRELDEFINESBYPROPERTIES('1jhgwsWJ13IhGYJ$mAoaKl',$,$,$,(#999),#1024);
#1026=IFCPROPERTYSINGLEVALUE('Method',$,IFCLABEL('auto_extracted'),$);
#1027=IFCPROPERTYSINGLEVALUE('ReviewStatus',$,IFCLABEL('unreviewed'),$);
#1028=IFCPROPERTYSINGLEVALUE('Confidence',$,IFCREAL(0.80000000000000004),$);
#1029=IFCPROPERTYSINGLEVALUE('OverlayElementId',$,IFCLABEL('p1-window-005'),$);
#1030=IFCPROPERTYSINGLEVALUE('Tool',$,IFCLABEL('ori_takeoff 0.1.0'),$);
#1031=IFCPROPERTYSINGLEVALUE('HeightSource',$,IFCLABEL('placeholder_not_from_plan'),$);
#1032=IFCPROPERTYSINGLEVALUE('SourcePage',$,IFCINTEGER(1),$);
#1033=IFCOPENINGELEMENT('2PmGgwlp17hvBmBE7pooH_',$,'Opening p1-door-006',$,$,#1066,#1051,$,$);
#1039=IFCCARTESIANPOINT((5295.8999999999996,1016.));
#1040=IFCCARTESIANPOINT((5295.8999999999996,1828.8));
#1041=IFCCARTESIANPOINT((5181.5999999999995,1828.8));
#1042=IFCCARTESIANPOINT((5181.5999999999995,1016.));
#1043=IFCCARTESIANPOINT((5295.8999999999996,1016.));
#1044=IFCPOLYLINE((#1039,#1040,#1041,#1042,#1043));
#1045=IFCARBITRARYCLOSEDPROFILEDEF(.AREA.,$,#1044);
#1046=IFCCARTESIANPOINT((0.,0.,0.));
#1047=IFCAXIS2PLACEMENT3D(#1046,$,$);
#1048=IFCDIRECTION((0.,0.,1.));
#1049=IFCEXTRUDEDAREASOLID(#1045,#1047,#1048,2032.);
#1050=IFCSHAPEREPRESENTATION(#11,'Body','SweptSolid',(#1049));
#1051=IFCPRODUCTDEFINITIONSHAPE($,$,(#1050));
#1052=IFCPROPERTYSET('3Y47NG9694IgbDurNk4K_v',$,'Pset_ORI_Takeoff',$,(#1054,#1055,#1056,#1057,#1058,#1059,#1060));
#1053=IFCRELDEFINESBYPROPERTIES('2Hver6d3b9Zesnaw6QBfgd',$,$,$,(#1033),#1052);
#1054=IFCPROPERTYSINGLEVALUE('Method',$,IFCLABEL('auto_extracted'),$);
#1055=IFCPROPERTYSINGLEVALUE('ReviewStatus',$,IFCLABEL('unreviewed'),$);
#1056=IFCPROPERTYSINGLEVALUE('Confidence',$,IFCREAL(0.84999999999999998),$);
#1057=IFCPROPERTYSINGLEVALUE('OverlayElementId',$,IFCLABEL('p1-door-006'),$);
#1058=IFCPROPERTYSINGLEVALUE('Tool',$,IFCLABEL('ori_takeoff 0.1.0'),$);
#1059=IFCPROPERTYSINGLEVALUE('HeightSource',$,IFCLABEL('placeholder_not_from_plan'),$);
#1060=IFCPROPERTYSINGLEVALUE('SourcePage',$,IFCINTEGER(1),$);
#1061=IFCRELVOIDSELEMENT('31_$3qk3T2egPlyhY9ecDk',$,$,$,#259,#1033);
#1062=IFCCARTESIANPOINT((0.,0.,0.));
#1063=IFCDIRECTION((0.,0.,1.));
#1064=IFCDIRECTION((1.,0.,0.));
#1065=IFCAXIS2PLACEMENT3D(#1062,#1063,#1064);
#1066=IFCLOCALPLACEMENT(#286,#1065);
#1067=IFCDOOR('2e$0Skgur8mhzuwM7NhrwQ',$,'p1-door-006',$,$,#1090,#1085,$,$,812.79999999999995,$,$,$);
#1073=IFCCARTESIANPOINT((5295.8999999999996,1016.));
#1074=IFCCARTESIANPOINT((5295.8999999999996,1828.8));
#1075=IFCCARTESIANPOINT((5181.5999999999995,1828.8));
#1076=IFCCARTESIANPOINT((5181.5999999999995,1016.));
#1077=IFCCARTESIANPOINT((5295.8999999999996,1016.));
#1078=IFCPOLYLINE((#1073,#1074,#1075,#1076,#1077));
#1079=IFCARBITRARYCLOSEDPROFILEDEF(.AREA.,$,#1078);
#1080=IFCCARTESIANPOINT((0.,0.,0.));
#1081=IFCAXIS2PLACEMENT3D(#1080,$,$);
#1082=IFCDIRECTION((0.,0.,1.));
#1083=IFCEXTRUDEDAREASOLID(#1079,#1081,#1082,2032.);
#1084=IFCSHAPEREPRESENTATION(#11,'Body','SweptSolid',(#1083));
#1085=IFCPRODUCTDEFINITIONSHAPE($,$,(#1084));
#1086=IFCCARTESIANPOINT((0.,0.,0.));
#1087=IFCDIRECTION((0.,0.,1.));
#1088=IFCDIRECTION((1.,0.,0.));
#1089=IFCAXIS2PLACEMENT3D(#1086,#1087,#1088);
#1090=IFCLOCALPLACEMENT(#28,#1089);
#1091=IFCRELFILLSELEMENT('0$wnYqd6n8ZRCg2gLpP316',$,$,$,#1033,#1067);
#1092=IFCPROPERTYSET('1AQFCkvEjEDvLvS6qOimh9',$,'Pset_ORI_Takeoff',$,(#1094,#1095,#1096,#1097,#1098,#1099,#1100));
#1093=IFCRELDEFINESBYPROPERTIES('2b4_jypHb7N8G1ieica9_k',$,$,$,(#1067),#1092);
#1094=IFCPROPERTYSINGLEVALUE('Method',$,IFCLABEL('auto_extracted'),$);
#1095=IFCPROPERTYSINGLEVALUE('ReviewStatus',$,IFCLABEL('unreviewed'),$);
#1096=IFCPROPERTYSINGLEVALUE('Confidence',$,IFCREAL(0.84999999999999998),$);
#1097=IFCPROPERTYSINGLEVALUE('OverlayElementId',$,IFCLABEL('p1-door-006'),$);
#1098=IFCPROPERTYSINGLEVALUE('Tool',$,IFCLABEL('ori_takeoff 0.1.0'),$);
#1099=IFCPROPERTYSINGLEVALUE('HeightSource',$,IFCLABEL('placeholder_not_from_plan'),$);
#1100=IFCPROPERTYSINGLEVALUE('SourcePage',$,IFCINTEGER(1),$);
#1101=IFCPROPERTYSET('1e2s8QvTr6UBqd6yBzoWJS',$,'Pset_ORI_DoorSwing',$,(#1103,#1104));
#1102=IFCRELDEFINESBYPROPERTIES('270zoX2ijD0uTsFc08WxOE',$,$,$,(#1067),#1101);
#1103=IFCPROPERTYSINGLEVALUE('OpensToNormalSide',$,IFCINTEGER(1),$);
#1104=IFCPROPERTYSINGLEVALUE('RadiusIn',$,IFCREAL(31.998000000000001),$);
#1105=IFCOPENINGELEMENT('2dwjDgdEL5FAVvpNjDsfHQ',$,'Opening p1-door-007',$,$,#1138,#1123,$,$);
#1111=IFCCARTESIANPOINT((5295.8999999999996,6604.));
#1112=IFCCARTESIANPOINT((5295.8999999999996,7416.7999999999993));
#1113=IFCCARTESIANPOINT((5181.5999999999995,7416.7999999999993));
#1114=IFCCARTESIANPOINT((5181.5999999999995,6604.));
#1115=IFCCARTESIANPOINT((5295.8999999999996,6604.));
#1116=IFCPOLYLINE((#1111,#1112,#1113,#1114,#1115));
#1117=IFCARBITRARYCLOSEDPROFILEDEF(.AREA.,$,#1116);
#1118=IFCCARTESIANPOINT((0.,0.,0.));
#1119=IFCAXIS2PLACEMENT3D(#1118,$,$);
#1120=IFCDIRECTION((0.,0.,1.));
#1121=IFCEXTRUDEDAREASOLID(#1117,#1119,#1120,2032.);
#1122=IFCSHAPEREPRESENTATION(#11,'Body','SweptSolid',(#1121));
#1123=IFCPRODUCTDEFINITIONSHAPE($,$,(#1122));
#1124=IFCPROPERTYSET('2s7Jc3yA55Zgf9YBZVV9gr',$,'Pset_ORI_Takeoff',$,(#1126,#1127,#1128,#1129,#1130,#1131,#1132));
#1125=IFCRELDEFINESBYPROPERTIES('2fakNVooD1Dh0w4TcSit1U',$,$,$,(#1105),#1124);
#1126=IFCPROPERTYSINGLEVALUE('Method',$,IFCLABEL('auto_extracted'),$);
#1127=IFCPROPERTYSINGLEVALUE('ReviewStatus',$,IFCLABEL('unreviewed'),$);
#1128=IFCPROPERTYSINGLEVALUE('Confidence',$,IFCREAL(0.84999999999999998),$);
#1129=IFCPROPERTYSINGLEVALUE('OverlayElementId',$,IFCLABEL('p1-door-007'),$);
#1130=IFCPROPERTYSINGLEVALUE('Tool',$,IFCLABEL('ori_takeoff 0.1.0'),$);
#1131=IFCPROPERTYSINGLEVALUE('HeightSource',$,IFCLABEL('placeholder_not_from_plan'),$);
#1132=IFCPROPERTYSINGLEVALUE('SourcePage',$,IFCINTEGER(1),$);
#1133=IFCRELVOIDSELEMENT('2JO7Qd23j7oxL7XtgCwr$z',$,$,$,#259,#1105);
#1134=IFCCARTESIANPOINT((0.,0.,0.));
#1135=IFCDIRECTION((0.,0.,1.));
#1136=IFCDIRECTION((1.,0.,0.));
#1137=IFCAXIS2PLACEMENT3D(#1134,#1135,#1136);
#1138=IFCLOCALPLACEMENT(#286,#1137);
#1139=IFCDOOR('3dDGdYtMT6QezxJhlC1C1X',$,'p1-door-007',$,$,#1162,#1157,$,$,812.79999999999995,$,$,$);
#1145=IFCCARTESIANPOINT((5295.8999999999996,6604.));
#1146=IFCCARTESIANPOINT((5295.8999999999996,7416.7999999999993));
#1147=IFCCARTESIANPOINT((5181.5999999999995,7416.7999999999993));
#1148=IFCCARTESIANPOINT((5181.5999999999995,6604.));
#1149=IFCCARTESIANPOINT((5295.8999999999996,6604.));
#1150=IFCPOLYLINE((#1145,#1146,#1147,#1148,#1149));
#1151=IFCARBITRARYCLOSEDPROFILEDEF(.AREA.,$,#1150);
#1152=IFCCARTESIANPOINT((0.,0.,0.));
#1153=IFCAXIS2PLACEMENT3D(#1152,$,$);
#1154=IFCDIRECTION((0.,0.,1.));
#1155=IFCEXTRUDEDAREASOLID(#1151,#1153,#1154,2032.);
#1156=IFCSHAPEREPRESENTATION(#11,'Body','SweptSolid',(#1155));
#1157=IFCPRODUCTDEFINITIONSHAPE($,$,(#1156));
#1158=IFCCARTESIANPOINT((0.,0.,0.));
#1159=IFCDIRECTION((0.,0.,1.));
#1160=IFCDIRECTION((1.,0.,0.));
#1161=IFCAXIS2PLACEMENT3D(#1158,#1159,#1160);
#1162=IFCLOCALPLACEMENT(#28,#1161);
#1163=IFCRELFILLSELEMENT('2XOHwpQiP3MBUQ$$NRUNlz',$,$,$,#1105,#1139);
#1164=IFCPROPERTYSET('2kucmRAPP13Pp7dL2evoft',$,'Pset_ORI_Takeoff',$,(#1166,#1167,#1168,#1169,#1170,#1171,#1172));
#1165=IFCRELDEFINESBYPROPERTIES('3uvsYMW_r0CfJPP0T0fchp',$,$,$,(#1139),#1164);
#1166=IFCPROPERTYSINGLEVALUE('Method',$,IFCLABEL('auto_extracted'),$);
#1167=IFCPROPERTYSINGLEVALUE('ReviewStatus',$,IFCLABEL('unreviewed'),$);
#1168=IFCPROPERTYSINGLEVALUE('Confidence',$,IFCREAL(0.84999999999999998),$);
#1169=IFCPROPERTYSINGLEVALUE('OverlayElementId',$,IFCLABEL('p1-door-007'),$);
#1170=IFCPROPERTYSINGLEVALUE('Tool',$,IFCLABEL('ori_takeoff 0.1.0'),$);
#1171=IFCPROPERTYSINGLEVALUE('HeightSource',$,IFCLABEL('placeholder_not_from_plan'),$);
#1172=IFCPROPERTYSINGLEVALUE('SourcePage',$,IFCINTEGER(1),$);
#1173=IFCPROPERTYSET('3wZNJV2C1E0eOn7vmBl_Al',$,'Pset_ORI_DoorSwing',$,(#1175,#1176));
#1174=IFCRELDEFINESBYPROPERTIES('3hiBIcWv9FihBRTSJyrIzz',$,$,$,(#1139),#1173);
#1175=IFCPROPERTYSINGLEVALUE('OpensToNormalSide',$,IFCINTEGER(-1),$);
#1176=IFCPROPERTYSINGLEVALUE('RadiusIn',$,IFCREAL(31.998000000000001),$);
#1177=IFCOPENINGELEMENT('2PXe_Et_j7XxL3R_rcIFLA',$,'Opening p1-window-006',$,$,#1210,#1195,$,$);
#1183=IFCCARTESIANPOINT((152.39999999999998,2032.));
#1184=IFCCARTESIANPOINT((152.39999999999998,3251.1999999999998));
#1185=IFCCARTESIANPOINT((0.,3251.1999999999998));
#1186=IFCCARTESIANPOINT((0.,2032.));
#1187=IFCCARTESIANPOINT((152.39999999999998,2032.));
#1188=IFCPOLYLINE((#1183,#1184,#1185,#1186,#1187));
#1189=IFCARBITRARYCLOSEDPROFILEDEF(.AREA.,$,#1188);
#1190=IFCCARTESIANPOINT((0.,0.,914.39999999999998));
#1191=IFCAXIS2PLACEMENT3D(#1190,$,$);
#1192=IFCDIRECTION((0.,0.,1.));
#1193=IFCEXTRUDEDAREASOLID(#1189,#1191,#1192,1219.1999999999998);
#1194=IFCSHAPEREPRESENTATION(#11,'Body','SweptSolid',(#1193));
#1195=IFCPRODUCTDEFINITIONSHAPE($,$,(#1194));
#1196=IFCPROPERTYSET('1rnEeWKDrFvPMQKelCZY5t',$,'Pset_ORI_Takeoff',$,(#1198,#1199,#1200,#1201,#1202,#1203,#1204));
#1197=IFCRELDEFINESBYPROPERTIES('0V3kUzwUn3dRouKoOtyJyB',$,$,$,(#1177),#1196);
#1198=IFCPROPERTYSINGLEVALUE('Method',$,IFCLABEL('auto_extracted'),$);
#1199=IFCPROPERTYSINGLEVALUE('ReviewStatus',$,IFCLABEL('unreviewed'),$);
#1200=IFCPROPERTYSINGLEVALUE('Confidence',$,IFCREAL(0.80000000000000004),$);
#1201=IFCPROPERTYSINGLEVALUE('OverlayElementId',$,IFCLABEL('p1-window-006'),$);
#1202=IFCPROPERTYSINGLEVALUE('Tool',$,IFCLABEL('ori_takeoff 0.1.0'),$);
#1203=IFCPROPERTYSINGLEVALUE('HeightSource',$,IFCLABEL('placeholder_not_from_plan'),$);
#1204=IFCPROPERTYSINGLEVALUE('SourcePage',$,IFCINTEGER(1),$);
#1205=IFCRELVOIDSELEMENT('3Hzy6bevDE5PvuMAm3PV1S',$,$,$,#296,#1177);
#1206=IFCCARTESIANPOINT((0.,0.,0.));
#1207=IFCDIRECTION((0.,0.,1.));
#1208=IFCDIRECTION((1.,0.,0.));
#1209=IFCAXIS2PLACEMENT3D(#1206,#1207,#1208);
#1210=IFCLOCALPLACEMENT(#323,#1209);
#1211=IFCWINDOW('3CNtwEvh92zQZ12GnhK5La',$,'p1-window-006',$,$,#1234,#1229,$,$,1219.1999999999998,$,$,$);
#1217=IFCCARTESIANPOINT((152.39999999999998,2032.));
#1218=IFCCARTESIANPOINT((152.39999999999998,3251.1999999999998));
#1219=IFCCARTESIANPOINT((0.,3251.1999999999998));
#1220=IFCCARTESIANPOINT((0.,2032.));
#1221=IFCCARTESIANPOINT((152.39999999999998,2032.));
#1222=IFCPOLYLINE((#1217,#1218,#1219,#1220,#1221));
#1223=IFCARBITRARYCLOSEDPROFILEDEF(.AREA.,$,#1222);
#1224=IFCCARTESIANPOINT((0.,0.,914.39999999999998));
#1225=IFCAXIS2PLACEMENT3D(#1224,$,$);
#1226=IFCDIRECTION((0.,0.,1.));
#1227=IFCEXTRUDEDAREASOLID(#1223,#1225,#1226,1219.1999999999998);
#1228=IFCSHAPEREPRESENTATION(#11,'Body','SweptSolid',(#1227));
#1229=IFCPRODUCTDEFINITIONSHAPE($,$,(#1228));
#1230=IFCCARTESIANPOINT((0.,0.,0.));
#1231=IFCDIRECTION((0.,0.,1.));
#1232=IFCDIRECTION((1.,0.,0.));
#1233=IFCAXIS2PLACEMENT3D(#1230,#1231,#1232);
#1234=IFCLOCALPLACEMENT(#28,#1233);
#1235=IFCRELFILLSELEMENT('2wZUSokb17$wZoZLNo6Gm1',$,$,$,#1177,#1211);
#1236=IFCPROPERTYSET('0$Y2NBom1DJRsVM1wbF4wk',$,'Pset_ORI_Takeoff',$,(#1238,#1239,#1240,#1241,#1242,#1243,#1244));
#1237=IFCRELDEFINESBYPROPERTIES('1iaz$h$Fb0mBR_iQKIRc3w',$,$,$,(#1211),#1236);
#1238=IFCPROPERTYSINGLEVALUE('Method',$,IFCLABEL('auto_extracted'),$);
#1239=IFCPROPERTYSINGLEVALUE('ReviewStatus',$,IFCLABEL('unreviewed'),$);
#1240=IFCPROPERTYSINGLEVALUE('Confidence',$,IFCREAL(0.80000000000000004),$);
#1241=IFCPROPERTYSINGLEVALUE('OverlayElementId',$,IFCLABEL('p1-window-006'),$);
#1242=IFCPROPERTYSINGLEVALUE('Tool',$,IFCLABEL('ori_takeoff 0.1.0'),$);
#1243=IFCPROPERTYSINGLEVALUE('HeightSource',$,IFCLABEL('placeholder_not_from_plan'),$);
#1244=IFCPROPERTYSINGLEVALUE('SourcePage',$,IFCINTEGER(1),$);
#1245=IFCOPENINGELEMENT('28OtFY9Xv5rxIHZYtZFEzy',$,'Opening p1-window-007',$,$,#1278,#1263,$,$);
#1251=IFCCARTESIANPOINT((152.39999999999998,6096.));
#1252=IFCCARTESIANPOINT((152.39999999999998,7315.1999999999998));
#1253=IFCCARTESIANPOINT((0.,7315.1999999999998));
#1254=IFCCARTESIANPOINT((0.,6096.));
#1255=IFCCARTESIANPOINT((152.39999999999998,6096.));
#1256=IFCPOLYLINE((#1251,#1252,#1253,#1254,#1255));
#1257=IFCARBITRARYCLOSEDPROFILEDEF(.AREA.,$,#1256);
#1258=IFCCARTESIANPOINT((0.,0.,914.39999999999998));
#1259=IFCAXIS2PLACEMENT3D(#1258,$,$);
#1260=IFCDIRECTION((0.,0.,1.));
#1261=IFCEXTRUDEDAREASOLID(#1257,#1259,#1260,1219.1999999999998);
#1262=IFCSHAPEREPRESENTATION(#11,'Body','SweptSolid',(#1261));
#1263=IFCPRODUCTDEFINITIONSHAPE($,$,(#1262));
#1264=IFCPROPERTYSET('1oEz11ox17bAVLVAEUU5Bs',$,'Pset_ORI_Takeoff',$,(#1266,#1267,#1268,#1269,#1270,#1271,#1272));
#1265=IFCRELDEFINESBYPROPERTIES('03P4XuGY96Lurvty5eDn_Q',$,$,$,(#1245),#1264);
#1266=IFCPROPERTYSINGLEVALUE('Method',$,IFCLABEL('auto_extracted'),$);
#1267=IFCPROPERTYSINGLEVALUE('ReviewStatus',$,IFCLABEL('unreviewed'),$);
#1268=IFCPROPERTYSINGLEVALUE('Confidence',$,IFCREAL(0.80000000000000004),$);
#1269=IFCPROPERTYSINGLEVALUE('OverlayElementId',$,IFCLABEL('p1-window-007'),$);
#1270=IFCPROPERTYSINGLEVALUE('Tool',$,IFCLABEL('ori_takeoff 0.1.0'),$);
#1271=IFCPROPERTYSINGLEVALUE('HeightSource',$,IFCLABEL('placeholder_not_from_plan'),$);
#1272=IFCPROPERTYSINGLEVALUE('SourcePage',$,IFCINTEGER(1),$);
#1273=IFCRELVOIDSELEMENT('1WB7kgKjn0Keo06L_dIpff',$,$,$,#296,#1245);
#1274=IFCCARTESIANPOINT((0.,0.,0.));
#1275=IFCDIRECTION((0.,0.,1.));
#1276=IFCDIRECTION((1.,0.,0.));
#1277=IFCAXIS2PLACEMENT3D(#1274,#1275,#1276);
#1278=IFCLOCALPLACEMENT(#323,#1277);
#1279=IFCWINDOW('2tyS3flHLFZ8bsLLqyLnDq',$,'p1-window-007',$,$,#1302,#1297,$,$,1219.1999999999998,$,$,$);
#1285=IFCCARTESIANPOINT((152.39999999999998,6096.));
#1286=IFCCARTESIANPOINT((152.39999999999998,7315.1999999999998));
#1287=IFCCARTESIANPOINT((0.,7315.1999999999998));
#1288=IFCCARTESIANPOINT((0.,6096.));
#1289=IFCCARTESIANPOINT((152.39999999999998,6096.));
#1290=IFCPOLYLINE((#1285,#1286,#1287,#1288,#1289));
#1291=IFCARBITRARYCLOSEDPROFILEDEF(.AREA.,$,#1290);
#1292=IFCCARTESIANPOINT((0.,0.,914.39999999999998));
#1293=IFCAXIS2PLACEMENT3D(#1292,$,$);
#1294=IFCDIRECTION((0.,0.,1.));
#1295=IFCEXTRUDEDAREASOLID(#1291,#1293,#1294,1219.1999999999998);
#1296=IFCSHAPEREPRESENTATION(#11,'Body','SweptSolid',(#1295));
#1297=IFCPRODUCTDEFINITIONSHAPE($,$,(#1296));
#1298=IFCCARTESIANPOINT((0.,0.,0.));
#1299=IFCDIRECTION((0.,0.,1.));
#1300=IFCDIRECTION((1.,0.,0.));
#1301=IFCAXIS2PLACEMENT3D(#1298,#1299,#1300);
#1302=IFCLOCALPLACEMENT(#28,#1301);
#1303=IFCRELFILLSELEMENT('0So6IkgUH8uvywTdZ27dx5',$,$,$,#1245,#1279);
#1304=IFCPROPERTYSET('30CvB1cKz3Tfl$A60ArR08',$,'Pset_ORI_Takeoff',$,(#1306,#1307,#1308,#1309,#1310,#1311,#1312));
#1305=IFCRELDEFINESBYPROPERTIES('03J3kOqO12wOudH59RM2vx',$,$,$,(#1279),#1304);
#1306=IFCPROPERTYSINGLEVALUE('Method',$,IFCLABEL('auto_extracted'),$);
#1307=IFCPROPERTYSINGLEVALUE('ReviewStatus',$,IFCLABEL('unreviewed'),$);
#1308=IFCPROPERTYSINGLEVALUE('Confidence',$,IFCREAL(0.80000000000000004),$);
#1309=IFCPROPERTYSINGLEVALUE('OverlayElementId',$,IFCLABEL('p1-window-007'),$);
#1310=IFCPROPERTYSINGLEVALUE('Tool',$,IFCLABEL('ori_takeoff 0.1.0'),$);
#1311=IFCPROPERTYSINGLEVALUE('HeightSource',$,IFCLABEL('placeholder_not_from_plan'),$);
#1312=IFCPROPERTYSINGLEVALUE('SourcePage',$,IFCINTEGER(1),$);
#1313=IFCSPACE('0N09yXoE1EyQsgdBYZ1Bh4',$,'KITCHEN / DINING',$,$,#1337,#1331,$,$,.SPACE.,$);
#1319=IFCCARTESIANPOINT((5295.8999999999996,3810.));
#1320=IFCCARTESIANPOINT((9601.1999999999989,3810.));
#1321=IFCCARTESIANPOINT((9601.1999999999989,8382.));
#1322=IFCCARTESIANPOINT((5295.8999999999996,8382.));
#1323=IFCCARTESIANPOINT((5295.8999999999996,3810.));
#1324=IFCPOLYLINE((#1319,#1320,#1321,#1322,#1323));
#1325=IFCARBITRARYCLOSEDPROFILEDEF(.AREA.,$,#1324);
#1326=IFCCARTESIANPOINT((0.,0.,0.));
#1327=IFCAXIS2PLACEMENT3D(#1326,$,$);
#1328=IFCDIRECTION((0.,0.,1.));
#1329=IFCEXTRUDEDAREASOLID(#1325,#1327,#1328,2438.3999999999996);
#1330=IFCSHAPEREPRESENTATION(#11,'Body','SweptSolid',(#1329));
#1331=IFCPRODUCTDEFINITIONSHAPE($,$,(#1330));
#1332=IFCRELAGGREGATES('04lU8JMn95kvPSVB$dkQFG',$,$,$,#17,(#1462,#1425,#1351,#1388,#1313));
#1333=IFCCARTESIANPOINT((0.,0.,0.));
#1334=IFCDIRECTION((0.,0.,1.));
#1335=IFCDIRECTION((1.,0.,0.));
#1336=IFCAXIS2PLACEMENT3D(#1333,#1334,#1335);
#1337=IFCLOCALPLACEMENT(#28,#1336);
#1338=IFCPROPERTYSET('1iY5$Jtu52OQYod1MUeUv$',$,'Pset_ORI_SpaceUse',$,(#1340,#1341));
#1339=IFCRELDEFINESBYPROPERTIES('06pt5$jHv9NQ7igrhIiSwr',$,$,$,(#1313),#1338);
#1340=IFCPROPERTYSINGLEVALUE('UseCategory',$,IFCLABEL('kitchen'),$);
#1341=IFCPROPERTYSINGLEVALUE('UseSource',$,IFCLABEL('inferred_from_label'),$);
#1342=IFCPROPERTYSET('2deYfis$X5pxWF1J7mzfsb',$,'Pset_ORI_Takeoff',$,(#1344,#1345,#1346,#1347,#1348,#1349,#1350));
#1343=IFCRELDEFINESBYPROPERTIES('3Z11gUjjr4zgm2kNR1Hifv',$,$,$,(#1313),#1342);
#1344=IFCPROPERTYSINGLEVALUE('Method',$,IFCLABEL('auto_extracted'),$);
#1345=IFCPROPERTYSINGLEVALUE('ReviewStatus',$,IFCLABEL('unreviewed'),$);
#1346=IFCPROPERTYSINGLEVALUE('Confidence',$,IFCREAL(0.84999999999999998),$);
#1347=IFCPROPERTYSINGLEVALUE('OverlayElementId',$,IFCLABEL('p1-space-001'),$);
#1348=IFCPROPERTYSINGLEVALUE('Tool',$,IFCLABEL('ori_takeoff 0.1.0'),$);
#1349=IFCPROPERTYSINGLEVALUE('HeightSource',$,IFCLABEL('placeholder_not_from_plan'),$);
#1350=IFCPROPERTYSINGLEVALUE('SourcePage',$,IFCINTEGER(1),$);
#1351=IFCSPACE('2L9FKcb0j0MATaC7IskDgS',$,'POWDER LAUNDRY',$,$,#1374,#1369,$,$,.SPACE.,$);
#1357=IFCCARTESIANPOINT((8597.8999999999996,3695.6999999999998));
#1358=IFCCARTESIANPOINT((8597.8999999999996,152.39999999999998));
#1359=IFCCARTESIANPOINT((9601.1999999999989,152.39999999999998));
#1360=IFCCARTESIANPOINT((9601.1999999999989,3695.6999999999998));
#1361=IFCCARTESIANPOINT((8597.8999999999996,3695.6999999999998));
#1362=IFCPOLYLINE((#1357,#1358,#1359,#1360,#1361));
#1363=IFCARBITRARYCLOSEDPROFILEDEF(.AREA.,$,#1362);
#1364=IFCCARTESIANPOINT((0.,0.,0.));
#1365=IFCAXIS2PLACEMENT3D(#1364,$,$);
#1366=IFCDIRECTION((0.,0.,1.));
#1367=IFCEXTRUDEDAREASOLID(#1363,#1365,#1366,2438.3999999999996);
#1368=IFCSHAPEREPRESENTATION(#11,'Body','SweptSolid',(#1367));
#1369=IFCPRODUCTDEFINITIONSHAPE($,$,(#1368));
#1370=IFCCARTESIANPOINT((0.,0.,0.));
#1371=IFCDIRECTION((0.,0.,1.));
#1372=IFCDIRECTION((1.,0.,0.));
#1373=IFCAXIS2PLACEMENT3D(#1370,#1371,#1372);
#1374=IFCLOCALPLACEMENT(#28,#1373);
#1375=IFCPROPERTYSET('2xtHw9Hf54Txoum2qkI8kH',$,'Pset_ORI_SpaceUse',$,(#1377,#1378));
#1376=IFCRELDEFINESBYPROPERTIES('1uNSq_jOD8GuOB4f3gZzvX',$,$,$,(#1351),#1375);
#1377=IFCPROPERTYSINGLEVALUE('UseCategory',$,IFCLABEL('bathroom'),$);
#1378=IFCPROPERTYSINGLEVALUE('UseSource',$,IFCLABEL('inferred_from_label'),$);
#1379=IFCPROPERTYSET('0sVJodfczFLh6aBg4qeyud',$,'Pset_ORI_Takeoff',$,(#1381,#1382,#1383,#1384,#1385,#1386,#1387));
#1380=IFCRELDEFINESBYPROPERTIES('1aPOEsV7zESR8brNUFQsEi',$,$,$,(#1351),#1379);
#1381=IFCPROPERTYSINGLEVALUE('Method',$,IFCLABEL('auto_extracted'),$);
#1382=IFCPROPERTYSINGLEVALUE('ReviewStatus',$,IFCLABEL('unreviewed'),$);
#1383=IFCPROPERTYSINGLEVALUE('Confidence',$,IFCREAL(0.84999999999999998),$);
#1384=IFCPROPERTYSINGLEVALUE('OverlayElementId',$,IFCLABEL('p1-space-002'),$);
#1385=IFCPROPERTYSINGLEVALUE('Tool',$,IFCLABEL('ori_takeoff 0.1.0'),$);
#1386=IFCPROPERTYSINGLEVALUE('HeightSource',$,IFCLABEL('placeholder_not_from_plan'),$);
#1387=IFCPROPERTYSINGLEVALUE('SourcePage',$,IFCINTEGER(1),$);
#1388=IFCSPACE('3bn6kXz9LCBex0GoHGrWXJ',$,'FOYER',$,$,#1411,#1406,$,$,.SPACE.,$);
#1394=IFCCARTESIANPOINT((5295.8999999999996,152.39999999999998));
#1395=IFCCARTESIANPOINT((8483.6000000000004,152.39999999999998));
#1396=IFCCARTESIANPOINT((8483.6000000000004,3695.6999999999998));
#1397=IFCCARTESIANPOINT((5295.8999999999996,3695.6999999999998));
#1398=IFCCARTESIANPOINT((5295.8999999999996,152.39999999999998));
#1399=IFCPOLYLINE((#1394,#1395,#1396,#1397,#1398));
#1400=IFCARBITRARYCLOSEDPROFILEDEF(.AREA.,$,#1399);
#1401=IFCCARTESIANPOINT((0.,0.,0.));
#1402=IFCAXIS2PLACEMENT3D(#1401,$,$);
#1403=IFCDIRECTION((0.,0.,1.));
#1404=IFCEXTRUDEDAREASOLID(#1400,#1402,#1403,2438.3999999999996);
#1405=IFCSHAPEREPRESENTATION(#11,'Body','SweptSolid',(#1404));
#1406=IFCPRODUCTDEFINITIONSHAPE($,$,(#1405));
#1407=IFCCARTESIANPOINT((0.,0.,0.));
#1408=IFCDIRECTION((0.,0.,1.));
#1409=IFCDIRECTION((1.,0.,0.));
#1410=IFCAXIS2PLACEMENT3D(#1407,#1408,#1409);
#1411=IFCLOCALPLACEMENT(#28,#1410);
#1412=IFCPROPERTYSET('0RQVtAcV9279tBSRUysa$0',$,'Pset_ORI_SpaceUse',$,(#1414,#1415));
#1413=IFCRELDEFINESBYPROPERTIES('1MbQceZc543fa$IjK7Z$k2',$,$,$,(#1388),#1412);
#1414=IFCPROPERTYSINGLEVALUE('UseCategory',$,IFCLABEL('hallway'),$);
#1415=IFCPROPERTYSINGLEVALUE('UseSource',$,IFCLABEL('inferred_from_label'),$);
#1416=IFCPROPERTYSET('1kJhuL17L6oAR_SUp1mlGS',$,'Pset_ORI_Takeoff',$,(#1418,#1419,#1420,#1421,#1422,#1423,#1424));
#1417=IFCRELDEFINESBYPROPERTIES('2iEQf3CtD3HvqbCXo2WFOA',$,$,$,(#1388),#1416);
#1418=IFCPROPERTYSINGLEVALUE('Method',$,IFCLABEL('auto_extracted'),$);
#1419=IFCPROPERTYSINGLEVALUE('ReviewStatus',$,IFCLABEL('unreviewed'),$);
#1420=IFCPROPERTYSINGLEVALUE('Confidence',$,IFCREAL(0.84999999999999998),$);
#1421=IFCPROPERTYSINGLEVALUE('OverlayElementId',$,IFCLABEL('p1-space-003'),$);
#1422=IFCPROPERTYSINGLEVALUE('Tool',$,IFCLABEL('ori_takeoff 0.1.0'),$);
#1423=IFCPROPERTYSINGLEVALUE('HeightSource',$,IFCLABEL('placeholder_not_from_plan'),$);
#1424=IFCPROPERTYSINGLEVALUE('SourcePage',$,IFCINTEGER(1),$);
#1425=IFCSPACE('2gl5vG5uf2YwtK52RdPGYg',$,'LIVING',$,$,#1448,#1443,$,$,.SPACE.,$);
#1431=IFCCARTESIANPOINT((5181.5999999999995,152.39999999999998));
#1432=IFCCARTESIANPOINT((5181.5999999999995,5181.5999999999995));
#1433=IFCCARTESIANPOINT((152.39999999999998,5181.5999999999995));
#1434=IFCCARTESIANPOINT((152.39999999999998,152.39999999999998));
#1435=IFCCARTESIANPOINT((5181.5999999999995,152.39999999999998));
#1436=IFCPOLYLINE((#1431,#1432,#1433,#1434,#1435));
#1437=IFCARBITRARYCLOSEDPROFILEDEF(.AREA.,$,#1436);
#1438=IFCCARTESIANPOINT((0.,0.,0.));
#1439=IFCAXIS2PLACEMENT3D(#1438,$,$);
#1440=IFCDIRECTION((0.,0.,1.));
#1441=IFCEXTRUDEDAREASOLID(#1437,#1439,#1440,2438.3999999999996);
#1442=IFCSHAPEREPRESENTATION(#11,'Body','SweptSolid',(#1441));
#1443=IFCPRODUCTDEFINITIONSHAPE($,$,(#1442));
#1444=IFCCARTESIANPOINT((0.,0.,0.));
#1445=IFCDIRECTION((0.,0.,1.));
#1446=IFCDIRECTION((1.,0.,0.));
#1447=IFCAXIS2PLACEMENT3D(#1444,#1445,#1446);
#1448=IFCLOCALPLACEMENT(#28,#1447);
#1449=IFCPROPERTYSET('2jBcGwNcrDdujd3IvLdAXr',$,'Pset_ORI_SpaceUse',$,(#1451,#1452));
#1450=IFCRELDEFINESBYPROPERTIES('3iuecLkkT6ehIYmW2ZlGUi',$,$,$,(#1425),#1449);
#1451=IFCPROPERTYSINGLEVALUE('UseCategory',$,IFCLABEL('habitable'),$);
#1452=IFCPROPERTYSINGLEVALUE('UseSource',$,IFCLABEL('inferred_from_label'),$);
#1453=IFCPROPERTYSET('1isPd_xpDD6An98QtwLAWm',$,'Pset_ORI_Takeoff',$,(#1455,#1456,#1457,#1458,#1459,#1460,#1461));
#1454=IFCRELDEFINESBYPROPERTIES('3hoPdXTWv7bQ0LuNDSDrAj',$,$,$,(#1425),#1453);
#1455=IFCPROPERTYSINGLEVALUE('Method',$,IFCLABEL('auto_extracted'),$);
#1456=IFCPROPERTYSINGLEVALUE('ReviewStatus',$,IFCLABEL('unreviewed'),$);
#1457=IFCPROPERTYSINGLEVALUE('Confidence',$,IFCREAL(0.84999999999999998),$);
#1458=IFCPROPERTYSINGLEVALUE('OverlayElementId',$,IFCLABEL('p1-space-004'),$);
#1459=IFCPROPERTYSINGLEVALUE('Tool',$,IFCLABEL('ori_takeoff 0.1.0'),$);
#1460=IFCPROPERTYSINGLEVALUE('HeightSource',$,IFCLABEL('placeholder_not_from_plan'),$);
#1461=IFCPROPERTYSINGLEVALUE('SourcePage',$,IFCINTEGER(1),$);
#1462=IFCSPACE('3cAJQ546D1ChBWU2$OQO1x',$,'DEN',$,$,#1485,#1480,$,$,.SPACE.,$);
#1468=IFCCARTESIANPOINT((5181.5999999999995,8382.));
#1469=IFCCARTESIANPOINT((152.39999999999998,8382.));
#1470=IFCCARTESIANPOINT((152.39999999999998,5295.8999999999996));
#1471=IFCCARTESIANPOINT((5181.5999999999995,5295.8999999999996));
#1472=IFCCARTESIANPOINT((5181.5999999999995,8382.));
#1473=IFCPOLYLINE((#1468,#1469,#1470,#1471,#1472));
#1474=IFCARBITRARYCLOSEDPROFILEDEF(.AREA.,$,#1473);
#1475=IFCCARTESIANPOINT((0.,0.,0.));
#1476=IFCAXIS2PLACEMENT3D(#1475,$,$);
#1477=IFCDIRECTION((0.,0.,1.));
#1478=IFCEXTRUDEDAREASOLID(#1474,#1476,#1477,2438.3999999999996);
#1479=IFCSHAPEREPRESENTATION(#11,'Body','SweptSolid',(#1478));
#1480=IFCPRODUCTDEFINITIONSHAPE($,$,(#1479));
#1481=IFCCARTESIANPOINT((0.,0.,0.));
#1482=IFCDIRECTION((0.,0.,1.));
#1483=IFCDIRECTION((1.,0.,0.));
#1484=IFCAXIS2PLACEMENT3D(#1481,#1482,#1483);
#1485=IFCLOCALPLACEMENT(#28,#1484);
#1486=IFCPROPERTYSET('1gSUUKMf9DovFrwMaMdpVC',$,'Pset_ORI_SpaceUse',$,(#1488,#1489));
#1487=IFCRELDEFINESBYPROPERTIES('0jpxY1qmTAkBoRvrD8mGzo',$,$,$,(#1462),#1486);
#1488=IFCPROPERTYSINGLEVALUE('UseCategory',$,IFCLABEL('habitable'),$);
#1489=IFCPROPERTYSINGLEVALUE('UseSource',$,IFCLABEL('inferred_from_label'),$);
#1490=IFCPROPERTYSET('1RzCpmWgrDS9d$YdzKWbbS',$,'Pset_ORI_Takeoff',$,(#1492,#1493,#1494,#1495,#1496,#1497,#1498));
#1491=IFCRELDEFINESBYPROPERTIES('2WzBNHgy5FRetvwcq1e7v4',$,$,$,(#1462),#1490);
#1492=IFCPROPERTYSINGLEVALUE('Method',$,IFCLABEL('auto_extracted'),$);
#1493=IFCPROPERTYSINGLEVALUE('ReviewStatus',$,IFCLABEL('unreviewed'),$);
#1494=IFCPROPERTYSINGLEVALUE('Confidence',$,IFCREAL(0.84999999999999998),$);
#1495=IFCPROPERTYSINGLEVALUE('OverlayElementId',$,IFCLABEL('p1-space-005'),$);
#1496=IFCPROPERTYSINGLEVALUE('Tool',$,IFCLABEL('ori_takeoff 0.1.0'),$);
#1497=IFCPROPERTYSINGLEVALUE('HeightSource',$,IFCLABEL('placeholder_not_from_plan'),$);
#1498=IFCPROPERTYSINGLEVALUE('SourcePage',$,IFCINTEGER(1),$);
#1499=IFCSTAIR('1QNHDqYkHCYRExdHS0Z9vo',$,'p1-stair-001',$,$,#1509,$,$,.STRAIGHT_RUN_STAIR.);
#1505=IFCCARTESIANPOINT((0.,0.,0.));
#1506=IFCDIRECTION((0.,0.,1.));
#1507=IFCDIRECTION((1.,0.,0.));
#1508=IFCAXIS2PLACEMENT3D(#1505,#1506,#1507);
#1509=IFCLOCALPLACEMENT(#28,#1508);
#1510=IFCPROPERTYSET('3JKCRIcc58yxEjmyyFN3T4',$,'Pset_ORI_StairFromPlan',$,(#1512,#1513,#1514,#1515));
#1511=IFCRELDEFINESBYPROPERTIES('2ht$VcszL3Q9xldlfxyNRY',$,$,$,(#1499),#1510);
#1512=IFCPROPERTYSINGLEVALUE('RiserCount',$,IFCINTEGER(14),$);
#1513=IFCPROPERTYSINGLEVALUE('TreadCount',$,IFCINTEGER(13),$);
#1514=IFCPROPERTYSINGLEVALUE('TreadDepthIn',$,IFCREAL(10.),$);
#1515=IFCPROPERTYSINGLEVALUE('RiserHeightKnown',$,IFCBOOLEAN(.F.),$);
#1516=IFCPROPERTYSET('0tSJ9mgqvFjR3pWYqUmX37',$,'Pset_ORI_Takeoff',$,(#1518,#1519,#1520,#1521,#1522,#1523));
#1517=IFCRELDEFINESBYPROPERTIES('2zR5mTco9EA9Ctqx4B44GX',$,$,$,(#1499),#1516);
#1518=IFCPROPERTYSINGLEVALUE('Method',$,IFCLABEL('auto_extracted'),$);
#1519=IFCPROPERTYSINGLEVALUE('ReviewStatus',$,IFCLABEL('unreviewed'),$);
#1520=IFCPROPERTYSINGLEVALUE('Confidence',$,IFCREAL(0.69999999999999996),$);
#1521=IFCPROPERTYSINGLEVALUE('OverlayElementId',$,IFCLABEL('p1-stair-001'),$);
#1522=IFCPROPERTYSINGLEVALUE('Tool',$,IFCLABEL('ori_takeoff 0.1.0'),$);
#1523=IFCPROPERTYSINGLEVALUE('SourcePage',$,IFCINTEGER(1),$);
#1524=IFCBUILDINGSTOREY('1AFPqgIi92yRt09u3doHNV',$,'Level 2',$,$,#1534,$,$,$,2667.);
#1530=IFCCARTESIANPOINT((0.,0.,2667.));
#1531=IFCDIRECTION((0.,0.,1.));
#1532=IFCDIRECTION((1.,0.,0.));
#1533=IFCAXIS2PLACEMENT3D(#1530,#1531,#1532);
#1534=IFCLOCALPLACEMENT($,#1533);
#1535=IFCPROPERTYSET('0ShFT0PoTCSgAKTDXb9lkQ',$,'Pset_ORI_Takeoff',$,(#1537,#1538,#1539,#1540,#1541));
#1536=IFCRELDEFINESBYPROPERTIES('3qrxx99a9DWvwwSEKoNz71',$,$,$,(#1524),#1535);
#1537=IFCPROPERTYSINGLEVALUE('ElevationKnown',$,IFCBOOLEAN(.F.),$);
#1538=IFCPROPERTYSINGLEVALUE('SourcePage',$,IFCINTEGER(2),$);
#1539=IFCPROPERTYSINGLEVALUE('SourceSheet',$,IFCLABEL('A-102'),$);
#1540=IFCPROPERTYSINGLEVALUE('Tool',$,IFCLABEL('ori_takeoff 0.1.0'),$);
#1541=IFCPROPERTYSINGLEVALUE('ScaleStatus',$,IFCLABEL('stated_confirmed'),$);
#1542=IFCWALL('0bY_S8vN938RLezeH4CDte',$,'p2-wall-001',$,$,#1570,#1564,$,.SOLIDWALL.);
#1548=IFCCARTESIANPOINT((0.,0.));
#1549=IFCCARTESIANPOINT((9753.5999999999985,0.));
#1550=IFCCARTESIANPOINT((9753.5999999999985,152.39999999999998));
#1551=IFCCARTESIANPOINT((0.,152.39999999999998));
#1552=IFCCARTESIANPOINT((0.,0.));
#1553=IFCPOLYLINE((#1548,#1549,#1550,#1551,#1552));
#1554=IFCARBITRARYCLOSEDPROFILEDEF(.AREA.,$,#1553);
#1555=IFCCARTESIANPOINT((0.,0.,0.));
#1556=IFCAXIS2PLACEMENT3D(#1555,$,$);
#1557=IFCDIRECTION((0.,0.,1.));
#1558=IFCEXTRUDEDAREASOLID(#1554,#1556,#1557,2667.);
#1559=IFCSHAPEREPRESENTATION(#11,'Body','SweptSolid',(#1558));
#1560=IFCCARTESIANPOINT((76.199999999999989,76.199999999999989));
#1561=IFCCARTESIANPOINT((9677.3999999999996,76.199999999999989));
#1562=IFCPOLYLINE((#1560,#1561));
#1563=IFCSHAPEREPRESENTATION(#12,'Axis','Curve2D',(#1562));
#1564=IFCPRODUCTDEFINITIONSHAPE($,$,(#1559,#1563));
#1565=IFCRELCONTAINEDINSPATIALSTRUCTURE('2wDbQVGWfBk9ihxkHIBMlx',$,$,$,(#1654,#2081,#2149,#1873,#1580,#1765,#1941,#2217,#1691,#2009,#2569,#2425,#2285,#1617,#1802,#2637,#2353,#1542,#2857,#1728,#2497),#1524);
#1566=IFCCARTESIANPOINT((0.,0.,0.));
#1567=IFCDIRECTION((0.,0.,1.));
#1568=IFCDIRECTION((1.,0.,0.));
#1569=IFCAXIS2PLACEMENT3D(#1566,#1567,#1568);
#1570=IFCLOCALPLACEMENT(#1534,#1569);
#1571=IFCPROPERTYSET('3mYnvfG5L63x3zRyA_AEY6',$,'Pset_ORI_Takeoff',$,(#1573,#1574,#1575,#1576,#1577,#1578,#1579));
#1572=IFCRELDEFINESBYPROPERTIES('0EPrHkefX4_BxtDZfvDG3F',$,$,$,(#1542),#1571);
#1573=IFCPROPERTYSINGLEVALUE('Method',$,IFCLABEL('auto_extracted'),$);
#1574=IFCPROPERTYSINGLEVALUE('ReviewStatus',$,IFCLABEL('unreviewed'),$);
#1575=IFCPROPERTYSINGLEVALUE('Confidence',$,IFCREAL(0.90000000000000002),$);
#1576=IFCPROPERTYSINGLEVALUE('OverlayElementId',$,IFCLABEL('p2-wall-001'),$);
#1577=IFCPROPERTYSINGLEVALUE('Tool',$,IFCLABEL('ori_takeoff 0.1.0'),$);
#1578=IFCPROPERTYSINGLEVALUE('HeightSource',$,IFCLABEL('sheet_note_unconfirmed'),$);
#1579=IFCPROPERTYSINGLEVALUE('SourcePage',$,IFCINTEGER(2),$);
#1580=IFCWALL('3Sr_ZTVdzAch0Z1Y2WFVz2',$,'p2-wall-002',$,$,#1607,#1602,$,.SOLIDWALL.);
#1586=IFCCARTESIANPOINT((152.39999999999998,3048.));
#1587=IFCCARTESIANPOINT((5181.5999999999995,3048.));
#1588=IFCCARTESIANPOINT((5181.5999999999995,3162.2999999999997));
#1589=IFCCARTESIANPOINT((152.39999999999998,3162.2999999999997));
#1590=IFCCARTESIANPOINT((152.39999999999998,3048.));
#1591=IFCPOLYLINE((#1586,#1587,#1588,#1589,#1590));
#1592=IFCARBITRARYCLOSEDPROFILEDEF(.AREA.,$,#1591);
#1593=IFCCARTESIANPOINT((0.,0.,0.));
#1594=IFCAXIS2PLACEMENT3D(#1593,$,$);
#1595=IFCDIRECTION((0.,0.,1.));
#1596=IFCEXTRUDEDAREASOLID(#1592,#1594,#1595,2667.);
#1597=IFCSHAPEREPRESENTATION(#11,'Body','SweptSolid',(#1596));
#1598=IFCCARTESIANPOINT((152.39999999999998,3105.1499999999996));
#1599=IFCCARTESIANPOINT((5181.5999999999995,3105.1499999999996));
#1600=IFCPOLYLINE((#1598,#1599));
#1601=IFCSHAPEREPRESENTATION(#12,'Axis','Curve2D',(#1600));
#1602=IFCPRODUCTDEFINITIONSHAPE($,$,(#1597,#1601));
#1603=IFCCARTESIANPOINT((0.,0.,0.));
#1604=IFCDIRECTION((0.,0.,1.));
#1605=IFCDIRECTION((1.,0.,0.));
#1606=IFCAXIS2PLACEMENT3D(#1603,#1604,#1605);
#1607=IFCLOCALPLACEMENT(#1534,#1606);
#1608=IFCPROPERTYSET('1vgR$$R558KeA2tpJL0W10',$,'Pset_ORI_Takeoff',$,(#1610,#1611,#1612,#1613,#1614,#1615,#1616));
#1609=IFCRELDEFINESBYPROPERTIES('0kAoHGhk5DaAy28CGDgBwg',$,$,$,(#1580),#1608);
#1610=IFCPROPERTYSINGLEVALUE('Method',$,IFCLABEL('auto_extracted'),$);
#1611=IFCPROPERTYSINGLEVALUE('ReviewStatus',$,IFCLABEL('unreviewed'),$);
#1612=IFCPROPERTYSINGLEVALUE('Confidence',$,IFCREAL(0.90000000000000002),$);
#1613=IFCPROPERTYSINGLEVALUE('OverlayElementId',$,IFCLABEL('p2-wall-002'),$);
#1614=IFCPROPERTYSINGLEVALUE('Tool',$,IFCLABEL('ori_takeoff 0.1.0'),$);
#1615=IFCPROPERTYSINGLEVALUE('HeightSource',$,IFCLABEL('sheet_note_unconfirmed'),$);
#1616=IFCPROPERTYSINGLEVALUE('SourcePage',$,IFCINTEGER(2),$);
#1617=IFCWALL('3D_ZuJshL8_PhnZ0IhfaKg',$,'p2-wall-003',$,$,#1644,#1639,$,.SOLIDWALL.);
#1623=IFCCARTESIANPOINT((5295.8999999999996,4724.3999999999996));
#1624=IFCCARTESIANPOINT((9601.1999999999989,4724.3999999999996));
#1625=IFCCARTESIANPOINT((9601.1999999999989,4838.6999999999998));
#1626=IFCCARTESIANPOINT((5295.8999999999996,4838.6999999999998));
#1627=IFCCARTESIANPOINT((5295.8999999999996,4724.3999999999996));
#1628=IFCPOLYLINE((#1623,#1624,#1625,#1626,#1627));
#1629=IFCARBITRARYCLOSEDPROFILEDEF(.AREA.,$,#1628);
#1630=IFCCARTESIANPOINT((0.,0.,0.));
#1631=IFCAXIS2PLACEMENT3D(#1630,$,$);
#1632=IFCDIRECTION((0.,0.,1.));
#1633=IFCEXTRUDEDAREASOLID(#1629,#1631,#1632,2667.);
#1634=IFCSHAPEREPRESENTATION(#11,'Body','SweptSolid',(#1633));
#1635=IFCCARTESIANPOINT((5295.8999999999996,4781.5500000000002));
#1636=IFCCARTESIANPOINT((9601.1999999999989,4781.5500000000002));
#1637=IFCPOLYLINE((#1635,#1636));
#1638=IFCSHAPEREPRESENTATION(#12,'Axis','Curve2D',(#1637));
#1639=IFCPRODUCTDEFINITIONSHAPE($,$,(#1634,#1638));
#1640=IFCCARTESIANPOINT((0.,0.,0.));
#1641=IFCDIRECTION((0.,0.,1.));
#1642=IFCDIRECTION((1.,0.,0.));
#1643=IFCAXIS2PLACEMENT3D(#1640,#1641,#1642);
#1644=IFCLOCALPLACEMENT(#1534,#1643);
#1645=IFCPROPERTYSET('04NKfMs_fE3ATLtCrcF$5d',$,'Pset_ORI_Takeoff',$,(#1647,#1648,#1649,#1650,#1651,#1652,#1653));
#1646=IFCRELDEFINESBYPROPERTIES('2SQFSLgSb0685eNZlYJygu',$,$,$,(#1617),#1645);
#1647=IFCPROPERTYSINGLEVALUE('Method',$,IFCLABEL('auto_extracted'),$);
#1648=IFCPROPERTYSINGLEVALUE('ReviewStatus',$,IFCLABEL('unreviewed'),$);
#1649=IFCPROPERTYSINGLEVALUE('Confidence',$,IFCREAL(0.90000000000000002),$);
#1650=IFCPROPERTYSINGLEVALUE('OverlayElementId',$,IFCLABEL('p2-wall-003'),$);
#1651=IFCPROPERTYSINGLEVALUE('Tool',$,IFCLABEL('ori_takeoff 0.1.0'),$);
#1652=IFCPROPERTYSINGLEVALUE('HeightSource',$,IFCLABEL('sheet_note_unconfirmed'),$);
#1653=IFCPROPERTYSINGLEVALUE('SourcePage',$,IFCINTEGER(2),$);
#1654=IFCWALL('3Wis3Cf597NOUgZe3TZz9q',$,'p2-wall-004',$,$,#1681,#1676,$,.SOLIDWALL.);
#1660=IFCCARTESIANPOINT((0.,8382.));
#1661=IFCCARTESIANPOINT((9753.5999999999985,8382.));
#1662=IFCCARTESIANPOINT((9753.5999999999985,8534.3999999999996));
#1663=IFCCARTESIANPOINT((0.,8534.3999999999996));
#1664=IFCCARTESIANPOINT((0.,8382.));
#1665=IFCPOLYLINE((#1660,#1661,#1662,#1663,#1664));
#1666=IFCARBITRARYCLOSEDPROFILEDEF(.AREA.,$,#1665);
#1667=IFCCARTESIANPOINT((0.,0.,0.));
#1668=IFCAXIS2PLACEMENT3D(#1667,$,$);
#1669=IFCDIRECTION((0.,0.,1.));
#1670=IFCEXTRUDEDAREASOLID(#1666,#1668,#1669,2667.);
#1671=IFCSHAPEREPRESENTATION(#11,'Body','SweptSolid',(#1670));
#1672=IFCCARTESIANPOINT((76.199999999999989,8458.1999999999989));
#1673=IFCCARTESIANPOINT((9677.3999999999996,8458.1999999999989));
#1674=IFCPOLYLINE((#1672,#1673));
#1675=IFCSHAPEREPRESENTATION(#12,'Axis','Curve2D',(#1674));
#1676=IFCPRODUCTDEFINITIONSHAPE($,$,(#1671,#1675));
#1677=IFCCARTESIANPOINT((0.,0.,0.));
#1678=IFCDIRECTION((0.,0.,1.));
#1679=IFCDIRECTION((1.,0.,0.));
#1680=IFCAXIS2PLACEMENT3D(#1677,#1678,#1679);
#1681=IFCLOCALPLACEMENT(#1534,#1680);
#1682=IFCPROPERTYSET('1Jg2eX_wL4VAxAs3_KNIa2',$,'Pset_ORI_Takeoff',$,(#1684,#1685,#1686,#1687,#1688,#1689,#1690));
#1683=IFCRELDEFINESBYPROPERTIES('3hNcsW9tf9N8wFF5Gue9Vw',$,$,$,(#1654),#1682);
#1684=IFCPROPERTYSINGLEVALUE('Method',$,IFCLABEL('auto_extracted'),$);
#1685=IFCPROPERTYSINGLEVALUE('ReviewStatus',$,IFCLABEL('unreviewed'),$);
#1686=IFCPROPERTYSINGLEVALUE('Confidence',$,IFCREAL(0.90000000000000002),$);
#1687=IFCPROPERTYSINGLEVALUE('OverlayElementId',$,IFCLABEL('p2-wall-004'),$);
#1688=IFCPROPERTYSINGLEVALUE('Tool',$,IFCLABEL('ori_takeoff 0.1.0'),$);
#1689=IFCPROPERTYSINGLEVALUE('HeightSource',$,IFCLABEL('sheet_note_unconfirmed'),$);
#1690=IFCPROPERTYSINGLEVALUE('SourcePage',$,IFCINTEGER(2),$);
#1691=IFCWALL('0nXti6SST1S9pbgBWlOVHY',$,'p2-wall-005',$,$,#1718,#1713,$,.SOLIDWALL.);
#1697=IFCCARTESIANPOINT((9753.5999999999985,0.));
#1698=IFCCARTESIANPOINT((9753.5999999999985,8534.3999999999996));
#1699=IFCCARTESIANPOINT((9601.1999999999989,8534.3999999999996));
#1700=IFCCARTESIANPOINT((9601.1999999999989,0.));
#1701=IFCCARTESIANPOINT((9753.5999999999985,0.));
#1702=IFCPOLYLINE((#1697,#1698,#1699,#1700,#1701));
#1703=IFCARBITRARYCLOSEDPROFILEDEF(.AREA.,$,#1702);
#1704=IFCCARTESIANPOINT((0.,0.,0.));
#1705=IFCAXIS2PLACEMENT3D(#1704,$,$);
#1706=IFCDIRECTION((0.,0.,1.));
#1707=IFCEXTRUDEDAREASOLID(#1703,#1705,#1706,2667.);
#1708=IFCSHAPEREPRESENTATION(#11,'Body','SweptSolid',(#1707));
#1709=IFCCARTESIANPOINT((9677.3999999999996,76.199999999999989));
#1710=IFCCARTESIANPOINT((9677.3999999999996,8458.1999999999989));
#1711=IFCPOLYLINE((#1709,#1710));
#1712=IFCSHAPEREPRESENTATION(#12,'Axis','Curve2D',(#1711));
#1713=IFCPRODUCTDEFINITIONSHAPE($,$,(#1708,#1712));
#1714=IFCCARTESIANPOINT((0.,0.,0.));
#1715=IFCDIRECTION((0.,0.,1.));
#1716=IFCDIRECTION((1.,0.,0.));
#1717=IFCAXIS2PLACEMENT3D(#1714,#1715,#1716);
#1718=IFCLOCALPLACEMENT(#1534,#1717);
#1719=IFCPROPERTYSET('0C4b0pOgr21fK2zqBaoecJ',$,'Pset_ORI_Takeoff',$,(#1721,#1722,#1723,#1724,#1725,#1726,#1727));
#1720=IFCRELDEFINESBYPROPERTIES('3PRVm2jH17FBcExd3SZfJK',$,$,$,(#1691),#1719);
#1721=IFCPROPERTYSINGLEVALUE('Method',$,IFCLABEL('auto_extracted'),$);
#1722=IFCPROPERTYSINGLEVALUE('ReviewStatus',$,IFCLABEL('unreviewed'),$);
#1723=IFCPROPERTYSINGLEVALUE('Confidence',$,IFCREAL(0.90000000000000002),$);
#1724=IFCPROPERTYSINGLEVALUE('OverlayElementId',$,IFCLABEL('p2-wall-005'),$);
#1725=IFCPROPERTYSINGLEVALUE('Tool',$,IFCLABEL('ori_takeoff 0.1.0'),$);
#1726=IFCPROPERTYSINGLEVALUE('HeightSource',$,IFCLABEL('sheet_note_unconfirmed'),$);
#1727=IFCPROPERTYSINGLEVALUE('SourcePage',$,IFCINTEGER(2),$);
#1728=IFCWALL('3cPK8vut1BU85h7Hh4U3Zt',$,'p2-wall-006',$,$,#1755,#1750,$,.SOLIDWALL.);
#1734=IFCCARTESIANPOINT((8597.8999999999996,152.39999999999998));
#1735=IFCCARTESIANPOINT((8597.8999999999996,4724.3999999999996));
#1736=IFCCARTESIANPOINT((8483.6000000000004,4724.3999999999996));
#1737=IFCCARTESIANPOINT((8483.6000000000004,152.39999999999998));
#1738=IFCCARTESIANPOINT((8597.8999999999996,152.39999999999998));
#1739=IFCPOLYLINE((#1734,#1735,#1736,#1737,#1738));
#1740=IFCARBITRARYCLOSEDPROFILEDEF(.AREA.,$,#1739);
#1741=IFCCARTESIANPOINT((0.,0.,0.));
#1742=IFCAXIS2PLACEMENT3D(#1741,$,$);
#1743=IFCDIRECTION((0.,0.,1.));
#1744=IFCEXTRUDEDAREASOLID(#1740,#1742,#1743,2667.);
#1745=IFCSHAPEREPRESENTATION(#11,'Body','SweptSolid',(#1744));
#1746=IFCCARTESIANPOINT((8540.75,152.39999999999998));
#1747=IFCCARTESIANPOINT((8540.75,4724.3999999999996));
#1748=IFCPOLYLINE((#1746,#1747));
#1749=IFCSHAPEREPRESENTATION(#12,'Axis','Curve2D',(#1748));
#1750=IFCPRODUCTDEFINITIONSHAPE($,$,(#1745,#1749));
#1751=IFCCARTESIANPOINT((0.,0.,0.));
#1752=IFCDIRECTION((0.,0.,1.));
#1753=IFCDIRECTION((1.,0.,0.));
#1754=IFCAXIS2PLACEMENT3D(#1751,#1752,#1753);
#1755=IFCLOCALPLACEMENT(#1534,#1754);
#1756=IFCPROPERTYSET('1bx$MJdtHEx8tMhx_XjUEv',$,'Pset_ORI_Takeoff',$,(#1758,#1759,#1760,#1761,#1762,#1763,#1764));
#1757=IFCRELDEFINESBYPROPERTIES('0LxbGQCWT2tQtX02ON3Xp8',$,$,$,(#1728),#1756);
#1758=IFCPROPERTYSINGLEVALUE('Method',$,IFCLABEL('auto_extracted'),$);
#1759=IFCPROPERTYSINGLEVALUE('ReviewStatus',$,IFCLABEL('unreviewed'),$);
#1760=IFCPROPERTYSINGLEVALUE('Confidence',$,IFCREAL(0.90000000000000002),$);
#1761=IFCPROPERTYSINGLEVALUE('OverlayElementId',$,IFCLABEL('p2-wall-006'),$);
#1762=IFCPROPERTYSINGLEVALUE('Tool',$,IFCLABEL('ori_takeoff 0.1.0'),$);
#1763=IFCPROPERTYSINGLEVALUE('HeightSource',$,IFCLABEL('sheet_note_unconfirmed'),$);
#1764=IFCPROPERTYSINGLEVALUE('SourcePage',$,IFCINTEGER(2),$);
#1765=IFCWALL('3Sl4pIq2P0svBTb9wV5G1P',$,'p2-wall-007',$,$,#1792,#1787,$,.SOLIDWALL.);
#1771=IFCCARTESIANPOINT((5295.8999999999996,152.39999999999998));
#1772=IFCCARTESIANPOINT((5295.8999999999996,8382.));
#1773=IFCCARTESIANPOINT((5181.5999999999995,8382.));
#1774=IFCCARTESIANPOINT((5181.5999999999995,152.39999999999998));
#1775=IFCCARTESIANPOINT((5295.8999999999996,152.39999999999998));
#1776=IFCPOLYLINE((#1771,#1772,#1773,#1774,#1775));
#1777=IFCARBITRARYCLOSEDPROFILEDEF(.AREA.,$,#1776);
#1778=IFCCARTESIANPOINT((0.,0.,0.));
#1779=IFCAXIS2PLACEMENT3D(#1778,$,$);
#1780=IFCDIRECTION((0.,0.,1.));
#1781=IFCEXTRUDEDAREASOLID(#1777,#1779,#1780,2667.);
#1782=IFCSHAPEREPRESENTATION(#11,'Body','SweptSolid',(#1781));
#1783=IFCCARTESIANPOINT((5238.75,152.39999999999998));
#1784=IFCCARTESIANPOINT((5238.75,8382.));
#1785=IFCPOLYLINE((#1783,#1784));
#1786=IFCSHAPEREPRESENTATION(#12,'Axis','Curve2D',(#1785));
#1787=IFCPRODUCTDEFINITIONSHAPE($,$,(#1782,#1786));
#1788=IFCCARTESIANPOINT((0.,0.,0.));
#1789=IFCDIRECTION((0.,0.,1.));
#1790=IFCDIRECTION((1.,0.,0.));
#1791=IFCAXIS2PLACEMENT3D(#1788,#1789,#1790);
#1792=IFCLOCALPLACEMENT(#1534,#1791);
#1793=IFCPROPERTYSET('3qNB9v_Vf1TgyR16yPP9Ce',$,'Pset_ORI_Takeoff',$,(#1795,#1796,#1797,#1798,#1799,#1800,#1801));
#1794=IFCRELDEFINESBYPROPERTIES('2MprhAzlD5mes5v1bJcTos',$,$,$,(#1765),#1793);
#1795=IFCPROPERTYSINGLEVALUE('Method',$,IFCLABEL('auto_extracted'),$);
#1796=IFCPROPERTYSINGLEVALUE('ReviewStatus',$,IFCLABEL('unreviewed'),$);
#1797=IFCPROPERTYSINGLEVALUE('Confidence',$,IFCREAL(0.90000000000000002),$);
#1798=IFCPROPERTYSINGLEVALUE('OverlayElementId',$,IFCLABEL('p2-wall-007'),$);
#1799=IFCPROPERTYSINGLEVALUE('Tool',$,IFCLABEL('ori_takeoff 0.1.0'),$);
#1800=IFCPROPERTYSINGLEVALUE('HeightSource',$,IFCLABEL('sheet_note_unconfirmed'),$);
#1801=IFCPROPERTYSINGLEVALUE('SourcePage',$,IFCINTEGER(2),$);
#1802=IFCWALL('3i0XgmZiP3kxjoisWK9vBX',$,'p2-wall-008',$,$,#1829,#1824,$,.SOLIDWALL.);
#1808=IFCCARTESIANPOINT((152.39999999999998,0.));
#1809=IFCCARTESIANPOINT((152.39999999999998,8534.3999999999996));
#1810=IFCCARTESIANPOINT((0.,8534.3999999999996));
#1811=IFCCARTESIANPOINT((0.,0.));
#1812=IFCCARTESIANPOINT((152.39999999999998,0.));
#1813=IFCPOLYLINE((#1808,#1809,#1810,#1811,#1812));
#1814=IFCARBITRARYCLOSEDPROFILEDEF(.AREA.,$,#1813);
#1815=IFCCARTESIANPOINT((0.,0.,0.));
#1816=IFCAXIS2PLACEMENT3D(#1815,$,$);
#1817=IFCDIRECTION((0.,0.,1.));
#1818=IFCEXTRUDEDAREASOLID(#1814,#1816,#1817,2667.);
#1819=IFCSHAPEREPRESENTATION(#11,'Body','SweptSolid',(#1818));
#1820=IFCCARTESIANPOINT((76.199999999999989,76.199999999999989));
#1821=IFCCARTESIANPOINT((76.199999999999989,8458.1999999999989));
#1822=IFCPOLYLINE((#1820,#1821));
#1823=IFCSHAPEREPRESENTATION(#12,'Axis','Curve2D',(#1822));
#1824=IFCPRODUCTDEFINITIONSHAPE($,$,(#1819,#1823));
#1825=IFCCARTESIANPOINT((0.,0.,0.));
#1826=IFCDIRECTION((0.,0.,1.));
#1827=IFCDIRECTION((1.,0.,0.));
#1828=IFCAXIS2PLACEMENT3D(#1825,#1826,#1827);
#1829=IFCLOCALPLACEMENT(#1534,#1828);
#1830=IFCPROPERTYSET('0Jg4AlLQzDFvLE4whsg5kH',$,'Pset_ORI_Takeoff',$,(#1832,#1833,#1834,#1835,#1836,#1837,#1838));
#1831=IFCRELDEFINESBYPROPERTIES('1UqeDp36LAP9Zg0y5xBtGV',$,$,$,(#1802),#1830);
#1832=IFCPROPERTYSINGLEVALUE('Method',$,IFCLABEL('auto_extracted'),$);
#1833=IFCPROPERTYSINGLEVALUE('ReviewStatus',$,IFCLABEL('unreviewed'),$);
#1834=IFCPROPERTYSINGLEVALUE('Confidence',$,IFCREAL(0.90000000000000002),$);
#1835=IFCPROPERTYSINGLEVALUE('OverlayElementId',$,IFCLABEL('p2-wall-008'),$);
#1836=IFCPROPERTYSINGLEVALUE('Tool',$,IFCLABEL('ori_takeoff 0.1.0'),$);
#1837=IFCPROPERTYSINGLEVALUE('HeightSource',$,IFCLABEL('sheet_note_unconfirmed'),$);
#1838=IFCPROPERTYSINGLEVALUE('SourcePage',$,IFCINTEGER(2),$);
#1839=IFCOPENINGELEMENT('0P1apjtiv81As1zvlQpUQ$',$,'Opening p2-window-001',$,$,#1872,#1857,$,$);
#1845=IFCCARTESIANPOINT((1778.,0.));
#1846=IFCCARTESIANPOINT((3302.,0.));
#1847=IFCCARTESIANPOINT((3302.,152.39999999999998));
#1848=IFCCARTESIANPOINT((1778.,152.39999999999998));
#1849=IFCCARTESIANPOINT((1778.,0.));
#1850=IFCPOLYLINE((#1845,#1846,#1847,#1848,#1849));
#1851=IFCARBITRARYCLOSEDPROFILEDEF(.AREA.,$,#1850);
#1852=IFCCARTESIANPOINT((0.,0.,914.39999999999998));
#1853=IFCAXIS2PLACEMENT3D(#1852,$,$);
#1854=IFCDIRECTION((0.,0.,1.));
#1855=IFCEXTRUDEDAREASOLID(#1851,#1853,#1854,1219.1999999999998);
#1856=IFCSHAPEREPRESENTATION(#11,'Body','SweptSolid',(#1855));
#1857=IFCPRODUCTDEFINITIONSHAPE($,$,(#1856));
#1858=IFCPROPERTYSET('2H8fmJ45rDKQN063eBx8nA',$,'Pset_ORI_Takeoff',$,(#1860,#1861,#1862,#1863,#1864,#1865,#1866));
#1859=IFCRELDEFINESBYPROPERTIES('27CaePXT18Z9vH5wEhbIwr',$,$,$,(#1839),#1858);
#1860=IFCPROPERTYSINGLEVALUE('Method',$,IFCLABEL('auto_extracted'),$);
#1861=IFCPROPERTYSINGLEVALUE('ReviewStatus',$,IFCLABEL('unreviewed'),$);
#1862=IFCPROPERTYSINGLEVALUE('Confidence',$,IFCREAL(0.80000000000000004),$);
#1863=IFCPROPERTYSINGLEVALUE('OverlayElementId',$,IFCLABEL('p2-window-001'),$);
#1864=IFCPROPERTYSINGLEVALUE('Tool',$,IFCLABEL('ori_takeoff 0.1.0'),$);
#1865=IFCPROPERTYSINGLEVALUE('HeightSource',$,IFCLABEL('placeholder_not_from_plan'),$);
#1866=IFCPROPERTYSINGLEVALUE('SourcePage',$,IFCINTEGER(2),$);
#1867=IFCRELVOIDSELEMENT('3cqoaBfOT7JxJUY9l8VIVi',$,$,$,#1542,#1839);
#1868=IFCCARTESIANPOINT((0.,0.,0.));
#1869=IFCDIRECTION((0.,0.,1.));
#1870=IFCDIRECTION((1.,0.,0.));
#1871=IFCAXIS2PLACEMENT3D(#1868,#1869,#1870);
#1872=IFCLOCALPLACEMENT(#1570,#1871);
#1873=IFCWINDOW('3k4sna_1n4puvlnddaKrEU',$,'p2-window-001',$,$,#1896,#1891,$,$,1524.,$,$,$);
#1879=IFCCARTESIANPOINT((1778.,0.));
#1880=IFCCARTESIANPOINT((3302.,0.));
#1881=IFCCARTESIANPOINT((3302.,152.39999999999998));
#1882=IFCCARTESIANPOINT((1778.,152.39999999999998));
#1883=IFCCARTESIANPOINT((1778.,0.));
#1884=IFCPOLYLINE((#1879,#1880,#1881,#1882,#1883));
#1885=IFCARBITRARYCLOSEDPROFILEDEF(.AREA.,$,#1884);
#1886=IFCCARTESIANPOINT((0.,0.,914.39999999999998));
#1887=IFCAXIS2PLACEMENT3D(#1886,$,$);
#1888=IFCDIRECTION((0.,0.,1.));
#1889=IFCEXTRUDEDAREASOLID(#1885,#1887,#1888,1219.1999999999998);
#1890=IFCSHAPEREPRESENTATION(#11,'Body','SweptSolid',(#1889));
#1891=IFCPRODUCTDEFINITIONSHAPE($,$,(#1890));
#1892=IFCCARTESIANPOINT((0.,0.,0.));
#1893=IFCDIRECTION((0.,0.,1.));
#1894=IFCDIRECTION((1.,0.,0.));
#1895=IFCAXIS2PLACEMENT3D(#1892,#1893,#1894);
#1896=IFCLOCALPLACEMENT(#1534,#1895);
#1897=IFCRELFILLSELEMENT('3kX_CdE510fA$LBcREFxoH',$,$,$,#1839,#1873);
#1898=IFCPROPERTYSET('1R14766r51rAAIzU1p4dXp',$,'Pset_ORI_Takeoff',$,(#1900,#1901,#1902,#1903,#1904,#1905,#1906));
#1899=IFCRELDEFINESBYPROPERTIES('3WRYbUwHT0Q86xUPCbNLAO',$,$,$,(#1873),#1898);
#1900=IFCPROPERTYSINGLEVALUE('Method',$,IFCLABEL('auto_extracted'),$);
#1901=IFCPROPERTYSINGLEVALUE('ReviewStatus',$,IFCLABEL('unreviewed'),$);
#1902=IFCPROPERTYSINGLEVALUE('Confidence',$,IFCREAL(0.80000000000000004),$);
#1903=IFCPROPERTYSINGLEVALUE('OverlayElementId',$,IFCLABEL('p2-window-001'),$);
#1904=IFCPROPERTYSINGLEVALUE('Tool',$,IFCLABEL('ori_takeoff 0.1.0'),$);
#1905=IFCPROPERTYSINGLEVALUE('HeightSource',$,IFCLABEL('placeholder_not_from_plan'),$);
#1906=IFCPROPERTYSINGLEVALUE('SourcePage',$,IFCINTEGER(2),$);
#1907=IFCOPENINGELEMENT('1MKz4ZFB940APL3ctOgoem',$,'Opening p2-window-002',$,$,#1940,#1925,$,$);
#1913=IFCCARTESIANPOINT((6096.,0.));
#1914=IFCCARTESIANPOINT((7010.3999999999996,0.));
#1915=IFCCARTESIANPOINT((7010.3999999999996,152.39999999999998));
#1916=IFCCARTESIANPOINT((6096.,152.39999999999998));
#1917=IFCCARTESIANPOINT((6096.,0.));
#1918=IFCPOLYLINE((#1913,#1914,#1915,#1916,#1917));
#1919=IFCARBITRARYCLOSEDPROFILEDEF(.AREA.,$,#1918);
#1920=IFCCARTESIANPOINT((0.,0.,914.39999999999998));
#1921=IFCAXIS2PLACEMENT3D(#1920,$,$);
#1922=IFCDIRECTION((0.,0.,1.));
#1923=IFCEXTRUDEDAREASOLID(#1919,#1921,#1922,1219.1999999999998);
#1924=IFCSHAPEREPRESENTATION(#11,'Body','SweptSolid',(#1923));
#1925=IFCPRODUCTDEFINITIONSHAPE($,$,(#1924));
#1926=IFCPROPERTYSET('2DqlYc_Sr8jhLQmTqOtTqp',$,'Pset_ORI_Takeoff',$,(#1928,#1929,#1930,#1931,#1932,#1933,#1934));
#1927=IFCRELDEFINESBYPROPERTIES('1AKG4YTa5Akgd3pqT2vTJx',$,$,$,(#1907),#1926);
#1928=IFCPROPERTYSINGLEVALUE('Method',$,IFCLABEL('auto_extracted'),$);
#1929=IFCPROPERTYSINGLEVALUE('ReviewStatus',$,IFCLABEL('unreviewed'),$);
#1930=IFCPROPERTYSINGLEVALUE('Confidence',$,IFCREAL(0.80000000000000004),$);
#1931=IFCPROPERTYSINGLEVALUE('OverlayElementId',$,IFCLABEL('p2-window-002'),$);
#1932=IFCPROPERTYSINGLEVALUE('Tool',$,IFCLABEL('ori_takeoff 0.1.0'),$);
#1933=IFCPROPERTYSINGLEVALUE('HeightSource',$,IFCLABEL('placeholder_not_from_plan'),$);
#1934=IFCPROPERTYSINGLEVALUE('SourcePage',$,IFCINTEGER(2),$);
#1935=IFCRELVOIDSELEMENT('1eCkcA15bEHuLQkyrjIjOD',$,$,$,#1542,#1907);
#1936=IFCCARTESIANPOINT((0.,0.,0.));
#1937=IFCDIRECTION((0.,0.,1.));
#1938=IFCDIRECTION((1.,0.,0.));
#1939=IFCAXIS2PLACEMENT3D(#1936,#1937,#1938);
#1940=IFCLOCALPLACEMENT(#1570,#1939);
#1941=IFCWINDOW('2bjfHRiPb5kBsarLFAX1ed',$,'p2-window-002',$,$,#1964,#1959,$,$,914.39999999999998,$,$,$);
#1947=IFCCARTESIANPOINT((6096.,0.));
#1948=IFCCARTESIANPOINT((7010.3999999999996,0.));
#1949=IFCCARTESIANPOINT((7010.3999999999996,152.39999999999998));
#1950=IFCCARTESIANPOINT((6096.,152.39999999999998));
#1951=IFCCARTESIANPOINT((6096.,0.));
#1952=IFCPOLYLINE((#1947,#1948,#1949,#1950,#1951));
#1953=IFCARBITRARYCLOSEDPROFILEDEF(.AREA.,$,#1952);
#1954=IFCCARTESIANPOINT((0.,0.,914.39999999999998));
#1955=IFCAXIS2PLACEMENT3D(#1954,$,$);
#1956=IFCDIRECTION((0.,0.,1.));
#1957=IFCEXTRUDEDAREASOLID(#1953,#1955,#1956,1219.1999999999998);
#1958=IFCSHAPEREPRESENTATION(#11,'Body','SweptSolid',(#1957));
#1959=IFCPRODUCTDEFINITIONSHAPE($,$,(#1958));
#1960=IFCCARTESIANPOINT((0.,0.,0.));
#1961=IFCDIRECTION((0.,0.,1.));
#1962=IFCDIRECTION((1.,0.,0.));
#1963=IFCAXIS2PLACEMENT3D(#1960,#1961,#1962);
#1964=IFCLOCALPLACEMENT(#1534,#1963);
#1965=IFCRELFILLSELEMENT('02sA9Dezj56uaqs3xPV_r5',$,$,$,#1907,#1941);
#1966=IFCPROPERTYSET('3UpoACdpXCTA$owmmp0IXH',$,'Pset_ORI_Takeoff',$,(#1968,#1969,#1970,#1971,#1972,#1973,#1974));
#1967=IFCRELDEFINESBYPROPERTIES('2Ra$iPwRX1Bw0_eEZXteec',$,$,$,(#1941),#1966);
#1968=IFCPROPERTYSINGLEVALUE('Method',$,IFCLABEL('auto_extracted'),$);
#1969=IFCPROPERTYSINGLEVALUE('ReviewStatus',$,IFCLABEL('unreviewed'),$);
#1970=IFCPROPERTYSINGLEVALUE('Confidence',$,IFCREAL(0.80000000000000004),$);
#1971=IFCPROPERTYSINGLEVALUE('OverlayElementId',$,IFCLABEL('p2-window-002'),$);
#1972=IFCPROPERTYSINGLEVALUE('Tool',$,IFCLABEL('ori_takeoff 0.1.0'),$);
#1973=IFCPROPERTYSINGLEVALUE('HeightSource',$,IFCLABEL('placeholder_not_from_plan'),$);
#1974=IFCPROPERTYSINGLEVALUE('SourcePage',$,IFCINTEGER(2),$);
#1975=IFCOPENINGELEMENT('1qe5$TY79BKAv_dcZ9A1bk',$,'Opening p2-door-001',$,$,#2008,#1993,$,$);
#1981=IFCCARTESIANPOINT((5588.,4724.3999999999996));
#1982=IFCCARTESIANPOINT((6400.7999999999993,4724.3999999999996));
#1983=IFCCARTESIANPOINT((6400.7999999999993,4838.6999999999998));
#1984=IFCCARTESIANPOINT((5588.,4838.6999999999998));
#1985=IFCCARTESIANPOINT((5588.,4724.3999999999996));
#1986=IFCPOLYLINE((#1981,#1982,#1983,#1984,#1985));
#1987=IFCARBITRARYCLOSEDPROFILEDEF(.AREA.,$,#1986);
#1988=IFCCARTESIANPOINT((0.,0.,0.));
#1989=IFCAXIS2PLACEMENT3D(#1988,$,$);
#1990=IFCDIRECTION((0.,0.,1.));
#1991=IFCEXTRUDEDAREASOLID(#1987,#1989,#1990,2032.);
#1992=IFCSHAPEREPRESENTATION(#11,'Body','SweptSolid',(#1991));
#1993=IFCPRODUCTDEFINITIONSHAPE($,$,(#1992));
#1994=IFCPROPERTYSET('0HTf_nONr87BrPDOAwzgOX',$,'Pset_ORI_Takeoff',$,(#1996,#1997,#1998,#1999,#2000,#2001,#2002));
#1995=IFCRELDEFINESBYPROPERTIES('2exQiy0yn05fx7ZTDT7uV2',$,$,$,(#1975),#1994);
#1996=IFCPROPERTYSINGLEVALUE('Method',$,IFCLABEL('auto_extracted'),$);
#1997=IFCPROPERTYSINGLEVALUE('ReviewStatus',$,IFCLABEL('unreviewed'),$);
#1998=IFCPROPERTYSINGLEVALUE('Confidence',$,IFCREAL(0.84999999999999998),$);
#1999=IFCPROPERTYSINGLEVALUE('OverlayElementId',$,IFCLABEL('p2-door-001'),$);
#2000=IFCPROPERTYSINGLEVALUE('Tool',$,IFCLABEL('ori_takeoff 0.1.0'),$);
#2001=IFCPROPERTYSINGLEVALUE('HeightSource',$,IFCLABEL('placeholder_not_from_plan'),$);
#2002=IFCPROPERTYSINGLEVALUE('SourcePage',$,IFCINTEGER(2),$);
#2003=IFCRELVOIDSELEMENT('06_O3vEo17fuiqfM7WWWo9',$,$,$,#1617,#1975);
#2004=IFCCARTESIANPOINT((0.,0.,0.));
#2005=IFCDIRECTION((0.,0.,1.));
#2006=IFCDIRECTION((1.,0.,0.));
#2007=IFCAXIS2PLACEMENT3D(#2004,#2005,#2006);
#2008=IFCLOCALPLACEMENT(#1644,#2007);
#2009=IFCDOOR('082_rLWlD2Mf6ve3O7kLmN',$,'p2-door-001',$,$,#2032,#2027,$,$,812.79999999999995,$,$,$);
#2015=IFCCARTESIANPOINT((5588.,4724.3999999999996));
#2016=IFCCARTESIANPOINT((6400.7999999999993,4724.3999999999996));
#2017=IFCCARTESIANPOINT((6400.7999999999993,4838.6999999999998));
#2018=IFCCARTESIANPOINT((5588.,4838.6999999999998));
#2019=IFCCARTESIANPOINT((5588.,4724.3999999999996));
#2020=IFCPOLYLINE((#2015,#2016,#2017,#2018,#2019));
#2021=IFCARBITRARYCLOSEDPROFILEDEF(.AREA.,$,#2020);
#2022=IFCCARTESIANPOINT((0.,0.,0.));
#2023=IFCAXIS2PLACEMENT3D(#2022,$,$);
#2024=IFCDIRECTION((0.,0.,1.));
#2025=IFCEXTRUDEDAREASOLID(#2021,#2023,#2024,2032.);
#2026=IFCSHAPEREPRESENTATION(#11,'Body','SweptSolid',(#2025));
#2027=IFCPRODUCTDEFINITIONSHAPE($,$,(#2026));
#2028=IFCCARTESIANPOINT((0.,0.,0.));
#2029=IFCDIRECTION((0.,0.,1.));
#2030=IFCDIRECTION((1.,0.,0.));
#2031=IFCAXIS2PLACEMENT3D(#2028,#2029,#2030);
#2032=IFCLOCALPLACEMENT(#1534,#2031);
#2033=IFCRELFILLSELEMENT('0xRzIuIT9FqhhAZz3aa8t5',$,$,$,#1975,#2009);
#2034=IFCPROPERTYSET('0Kyi9cJqb9pB$B6bfgKHOE',$,'Pset_ORI_Takeoff',$,(#2036,#2037,#2038,#2039,#2040,#2041,#2042));
#2035=IFCRELDEFINESBYPROPERTIES('1Ecavv_Db6UBYwHHHoWguB',$,$,$,(#2009),#2034);
#2036=IFCPROPERTYSINGLEVALUE('Method',$,IFCLABEL('auto_extracted'),$);
#2037=IFCPROPERTYSINGLEVALUE('ReviewStatus',$,IFCLABEL('unreviewed'),$);
#2038=IFCPROPERTYSINGLEVALUE('Confidence',$,IFCREAL(0.84999999999999998),$);
#2039=IFCPROPERTYSINGLEVALUE('OverlayElementId',$,IFCLABEL('p2-door-001'),$);
#2040=IFCPROPERTYSINGLEVALUE('Tool',$,IFCLABEL('ori_takeoff 0.1.0'),$);
#2041=IFCPROPERTYSINGLEVALUE('HeightSource',$,IFCLABEL('placeholder_not_from_plan'),$);
#2042=IFCPROPERTYSINGLEVALUE('SourcePage',$,IFCINTEGER(2),$);
#2043=IFCPROPERTYSET('1hjIRJAYvAThdQamOIqK2e',$,'Pset_ORI_DoorSwing',$,(#2045,#2046));
#2044=IFCRELDEFINESBYPROPERTIES('37Ttirp59Fi9nmMtjDGC1P',$,$,$,(#2009),#2043);
#2045=IFCPROPERTYSINGLEVALUE('OpensToNormalSide',$,IFCINTEGER(1),$);
#2046=IFCPROPERTYSINGLEVALUE('RadiusIn',$,IFCREAL(31.998000000000001),$);
#2047=IFCOPENINGELEMENT('0DclgzQtX8bv$N$iL1J$jn',$,'Opening p2-window-003',$,$,#2080,#2065,$,$);
#2053=IFCCARTESIANPOINT((1524.,8382.));
#2054=IFCCARTESIANPOINT((3048.,8382.));
#2055=IFCCARTESIANPOINT((3048.,8534.3999999999996));
#2056=IFCCARTESIANPOINT((1524.,8534.3999999999996));
#2057=IFCCARTESIANPOINT((1524.,8382.));
#2058=IFCPOLYLINE((#2053,#2054,#2055,#2056,#2057));
#2059=IFCARBITRARYCLOSEDPROFILEDEF(.AREA.,$,#2058);
#2060=IFCCARTESIANPOINT((0.,0.,914.39999999999998));
#2061=IFCAXIS2PLACEMENT3D(#2060,$,$);
#2062=IFCDIRECTION((0.,0.,1.));
#2063=IFCEXTRUDEDAREASOLID(#2059,#2061,#2062,1219.1999999999998);
#2064=IFCSHAPEREPRESENTATION(#11,'Body','SweptSolid',(#2063));
#2065=IFCPRODUCTDEFINITIONSHAPE($,$,(#2064));
#2066=IFCPROPERTYSET('2Wq1GWEyT36AGL2$kLgRqL',$,'Pset_ORI_Takeoff',$,(#2068,#2069,#2070,#2071,#2072,#2073,#2074));
#2067=IFCRELDEFINESBYPROPERTIES('2aV$3mtaT3mesEuX7ggHvf',$,$,$,(#2047),#2066);
#2068=IFCPROPERTYSINGLEVALUE('Method',$,IFCLABEL('auto_extracted'),$);
#2069=IFCPROPERTYSINGLEVALUE('ReviewStatus',$,IFCLABEL('unreviewed'),$);
#2070=IFCPROPERTYSINGLEVALUE('Confidence',$,IFCREAL(0.80000000000000004),$);
#2071=IFCPROPERTYSINGLEVALUE('OverlayElementId',$,IFCLABEL('p2-window-003'),$);
#2072=IFCPROPERTYSINGLEVALUE('Tool',$,IFCLABEL('ori_takeoff 0.1.0'),$);
#2073=IFCPROPERTYSINGLEVALUE('HeightSource',$,IFCLABEL('placeholder_not_from_plan'),$);
#2074=IFCPROPERTYSINGLEVALUE('SourcePage',$,IFCINTEGER(2),$);
#2075=IFCRELVOIDSELEMENT('2cAl9zEmX7G8EVytsVX01H',$,$,$,#1654,#2047);
#2076=IFCCARTESIANPOINT((0.,0.,0.));
#2077=IFCDIRECTION((0.,0.,1.));
#2078=IFCDIRECTION((1.,0.,0.));
#2079=IFCAXIS2PLACEMENT3D(#2076,#2077,#2078);
#2080=IFCLOCALPLACEMENT(#1681,#2079);
#2081=IFCWINDOW('1106xJjtzB0Q0nve61YLOe',$,'p2-window-003',$,$,#2104,#2099,$,$,1524.,$,$,$);
#2087=IFCCARTESIANPOINT((1524.,8382.));
#2088=IFCCARTESIANPOINT((3048.,8382.));
#2089=IFCCARTESIANPOINT((3048.,8534.3999999999996));
#2090=IFCCARTESIANPOINT((1524.,8534.3999999999996));
#2091=IFCCARTESIANPOINT((1524.,8382.));
#2092=IFCPOLYLINE((#2087,#2088,#2089,#2090,#2091));
#2093=IFCARBITRARYCLOSEDPROFILEDEF(.AREA.,$,#2092);
#2094=IFCCARTESIANPOINT((0.,0.,914.39999999999998));
#2095=IFCAXIS2PLACEMENT3D(#2094,$,$);
#2096=IFCDIRECTION((0.,0.,1.));
#2097=IFCEXTRUDEDAREASOLID(#2093,#2095,#2096,1219.1999999999998);
#2098=IFCSHAPEREPRESENTATION(#11,'Body','SweptSolid',(#2097));
#2099=IFCPRODUCTDEFINITIONSHAPE($,$,(#2098));
#2100=IFCCARTESIANPOINT((0.,0.,0.));
#2101=IFCDIRECTION((0.,0.,1.));
#2102=IFCDIRECTION((1.,0.,0.));
#2103=IFCAXIS2PLACEMENT3D(#2100,#2101,#2102);
#2104=IFCLOCALPLACEMENT(#1534,#2103);
#2105=IFCRELFILLSELEMENT('1phYLWTrz7PxpYXOBQLPLR',$,$,$,#2047,#2081);
#2106=IFCPROPERTYSET('22vP9S5iX0UBK4FgrRoMDA',$,'Pset_ORI_Takeoff',$,(#2108,#2109,#2110,#2111,#2112,#2113,#2114));
#2107=IFCRELDEFINESBYPROPERTIES('2jPI4ah_j06Qc17wK3JCgr',$,$,$,(#2081),#2106);
#2108=IFCPROPERTYSINGLEVALUE('Method',$,IFCLABEL('auto_extracted'),$);
#2109=IFCPROPERTYSINGLEVALUE('ReviewStatus',$,IFCLABEL('unreviewed'),$);
#2110=IFCPROPERTYSINGLEVALUE('Confidence',$,IFCREAL(0.80000000000000004),$);
#2111=IFCPROPERTYSINGLEVALUE('OverlayElementId',$,IFCLABEL('p2-window-003'),$);
#2112=IFCPROPERTYSINGLEVALUE('Tool',$,IFCLABEL('ori_takeoff 0.1.0'),$);
#2113=IFCPROPERTYSINGLEVALUE('HeightSource',$,IFCLABEL('placeholder_not_from_plan'),$);
#2114=IFCPROPERTYSINGLEVALUE('SourcePage',$,IFCINTEGER(2),$);
#2115=IFCOPENINGELEMENT('3IovefKQT0aA_qSSBymOoD',$,'Opening p2-window-004',$,$,#2148,#2133,$,$);
#2121=IFCCARTESIANPOINT((6604.,8382.));
#2122=IFCCARTESIANPOINT((8128.,8382.));
#2123=IFCCARTESIANPOINT((8128.,8534.3999999999996));
#2124=IFCCARTESIANPOINT((6604.,8534.3999999999996));
#2125=IFCCARTESIANPOINT((6604.,8382.));
#2126=IFCPOLYLINE((#2121,#2122,#2123,#2124,#2125));
#2127=IFCARBITRARYCLOSEDPROFILEDEF(.AREA.,$,#2126);
#2128=IFCCARTESIANPOINT((0.,0.,914.39999999999998));
#2129=IFCAXIS2PLACEMENT3D(#2128,$,$);
#2130=IFCDIRECTION((0.,0.,1.));
#2131=IFCEXTRUDEDAREASOLID(#2127,#2129,#2130,1219.1999999999998);
#2132=IFCSHAPEREPRESENTATION(#11,'Body','SweptSolid',(#2131));
#2133=IFCPRODUCTDEFINITIONSHAPE($,$,(#2132));
#2134=IFCPROPERTYSET('3lWMnpHI1CygXPo7boGwL$',$,'Pset_ORI_Takeoff',$,(#2136,#2137,#2138,#2139,#2140,#2141,#2142));
#2135=IFCRELDEFINESBYPROPERTIES('1aBbVqrVb4uOlqk964Fy4g',$,$,$,(#2115),#2134);
#2136=IFCPROPERTYSINGLEVALUE('Method',$,IFCLABEL('auto_extracted'),$);
#2137=IFCPROPERTYSINGLEVALUE('ReviewStatus',$,IFCLABEL('unreviewed'),$);
#2138=IFCPROPERTYSINGLEVALUE('Confidence',$,IFCREAL(0.80000000000000004),$);
#2139=IFCPROPERTYSINGLEVALUE('OverlayElementId',$,IFCLABEL('p2-window-004'),$);
#2140=IFCPROPERTYSINGLEVALUE('Tool',$,IFCLABEL('ori_takeoff 0.1.0'),$);
#2141=IFCPROPERTYSINGLEVALUE('HeightSource',$,IFCLABEL('placeholder_not_from_plan'),$);
#2142=IFCPROPERTYSINGLEVALUE('SourcePage',$,IFCINTEGER(2),$);
#2143=IFCRELVOIDSELEMENT('1WLH3Nmfn4_ulIkQQvBy7m',$,$,$,#1654,#2115);
#2144=IFCCARTESIANPOINT((0.,0.,0.));
#2145=IFCDIRECTION((0.,0.,1.));
#2146=IFCDIRECTION((1.,0.,0.));
#2147=IFCAXIS2PLACEMENT3D(#2144,#2145,#2146);
#2148=IFCLOCALPLACEMENT(#1681,#2147);
#2149=IFCWINDOW('1bSwUNCF18cRwxhGG0ca8f',$,'p2-window-004',$,$,#2172,#2167,$,$,1524.,$,$,$);
#2155=IFCCARTESIANPOINT((6604.,8382.));
#2156=IFCCARTESIANPOINT((8128.,8382.));
#2157=IFCCARTESIANPOINT((8128.,8534.3999999999996));
#2158=IFCCARTESIANPOINT((6604.,8534.3999999999996));
#2159=IFCCARTESIANPOINT((6604.,8382.));
#2160=IFCPOLYLINE((#2155,#2156,#2157,#2158,#2159));
#2161=IFCARBITRARYCLOSEDPROFILEDEF(.AREA.,$,#2160);
#2162=IFCCARTESIANPOINT((0.,0.,914.39999999999998));
#2163=IFCAXIS2PLACEMENT3D(#2162,$,$);
#2164=IFCDIRECTION((0.,0.,1.));
#2165=IFCEXTRUDEDAREASOLID(#2161,#2163,#2164,1219.1999999999998);
#2166=IFCSHAPEREPRESENTATION(#11,'Body','SweptSolid',(#2165));
#2167=IFCPRODUCTDEFINITIONSHAPE($,$,(#2166));
#2168=IFCCARTESIANPOINT((0.,0.,0.));
#2169=IFCDIRECTION((0.,0.,1.));
#2170=IFCDIRECTION((1.,0.,0.));
#2171=IFCAXIS2PLACEMENT3D(#2168,#2169,#2170);
#2172=IFCLOCALPLACEMENT(#1534,#2171);
#2173=IFCRELFILLSELEMENT('0_cqOtMvvEbwjdUKJ69d8W',$,$,$,#2115,#2149);
#2174=IFCPROPERTYSET('0TsGRer61AVAurF6KeI6Zs',$,'Pset_ORI_Takeoff',$,(#2176,#2177,#2178,#2179,#2180,#2181,#2182));
#2175=IFCRELDEFINESBYPROPERTIES('0WmS2GnGD3M9xekVlCazDM',$,$,$,(#2149),#2174);
#2176=IFCPROPERTYSINGLEVALUE('Method',$,IFCLABEL('auto_extracted'),$);
#2177=IFCPROPERTYSINGLEVALUE('ReviewStatus',$,IFCLABEL('unreviewed'),$);
#2178=IFCPROPERTYSINGLEVALUE('Confidence',$,IFCREAL(0.80000000000000004),$);
#2179=IFCPROPERTYSINGLEVALUE('OverlayElementId',$,IFCLABEL('p2-window-004'),$);
#2180=IFCPROPERTYSINGLEVALUE('Tool',$,IFCLABEL('ori_takeoff 0.1.0'),$);
#2181=IFCPROPERTYSINGLEVALUE('HeightSource',$,IFCLABEL('placeholder_not_from_plan'),$);
#2182=IFCPROPERTYSINGLEVALUE('SourcePage',$,IFCINTEGER(2),$);
#2183=IFCOPENINGELEMENT('23CYRFjGT3DvD5yUFEKJeg',$,'Opening p2-window-005',$,$,#2216,#2201,$,$);
#2189=IFCCARTESIANPOINT((9753.5999999999985,2032.));
#2190=IFCCARTESIANPOINT((9753.5999999999985,2641.5999999999999));
#2191=IFCCARTESIANPOINT((9601.1999999999989,2641.5999999999999));
#2192=IFCCARTESIANPOINT((9601.1999999999989,2032.));
#2193=IFCCARTESIANPOINT((9753.5999999999985,2032.));
#2194=IFCPOLYLINE((#2189,#2190,#2191,#2192,#2193));
#2195=IFCARBITRARYCLOSEDPROFILEDEF(.AREA.,$,#2194);
#2196=IFCCARTESIANPOINT((0.,0.,914.39999999999998));
#2197=IFCAXIS2PLACEMENT3D(#2196,$,$);
#2198=IFCDIRECTION((0.,0.,1.));
#2199=IFCEXTRUDEDAREASOLID(#2195,#2197,#2198,1219.1999999999998);
#2200=IFCSHAPEREPRESENTATION(#11,'Body','SweptSolid',(#2199));
#2201=IFCPRODUCTDEFINITIONSHAPE($,$,(#2200));
#2202=IFCPROPERTYSET('0fAC8c8a1BFQVgJ0YMGnBF',$,'Pset_ORI_Takeoff',$,(#2204,#2205,#2206,#2207,#2208,#2209,#2210));
#2203=IFCRELDEFINESBYPROPERTIES('2qckvn5Fn7VhTAyC69DJDI',$,$,$,(#2183),#2202);
#2204=IFCPROPERTYSINGLEVALUE('Method',$,IFCLABEL('auto_extracted'),$);
#2205=IFCPROPERTYSINGLEVALUE('ReviewStatus',$,IFCLABEL('unreviewed'),$);
#2206=IFCPROPERTYSINGLEVALUE('Confidence',$,IFCREAL(0.80000000000000004),$);
#2207=IFCPROPERTYSINGLEVALUE('OverlayElementId',$,IFCLABEL('p2-window-005'),$);
#2208=IFCPROPERTYSINGLEVALUE('Tool',$,IFCLABEL('ori_takeoff 0.1.0'),$);
#2209=IFCPROPERTYSINGLEVALUE('HeightSource',$,IFCLABEL('placeholder_not_from_plan'),$);
#2210=IFCPROPERTYSINGLEVALUE('SourcePage',$,IFCINTEGER(2),$);
#2211=IFCRELVOIDSELEMENT('2OFouCPzH3wQ5ZxG9MjDEO',$,$,$,#1691,#2183);
#2212=IFCCARTESIANPOINT((0.,0.,0.));
#2213=IFCDIRECTION((0.,0.,1.));
#2214=IFCDIRECTION((1.,0.,0.));
#2215=IFCAXIS2PLACEMENT3D(#2212,#2213,#2214);
#2216=IFCLOCALPLACEMENT(#1718,#2215);
#2217=IFCWINDOW('3860XACyL9j8DijJiL8WF7',$,'p2-window-005',$,$,#2240,#2235,$,$,609.59999999999991,$,$,$);
#2223=IFCCARTESIANPOINT((9753.5999999999985,2032.));
#2224=IFCCARTESIANPOINT((9753.5999999999985,2641.5999999999999));
#2225=IFCCARTESIANPOINT((9601.1999999999989,2641.5999999999999));
#2226=IFCCARTESIANPOINT((9601.1999999999989,2032.));
#2227=IFCCARTESIANPOINT((9753.5999999999985,2032.));
#2228=IFCPOLYLINE((#2223,#2224,#2225,#2226,#2227));
#2229=IFCARBITRARYCLOSEDPROFILEDEF(.AREA.,$,#2228);
#2230=IFCCARTESIANPOINT((0.,0.,914.39999999999998));
#2231=IFCAXIS2PLACEMENT3D(#2230,$,$);
#2232=IFCDIRECTION((0.,0.,1.));
#2233=IFCEXTRUDEDAREASOLID(#2229,#2231,#2232,1219.1999999999998);
#2234=IFCSHAPEREPRESENTATION(#11,'Body','SweptSolid',(#2233));
#2235=IFCPRODUCTDEFINITIONSHAPE($,$,(#2234));
#2236=IFCCARTESIANPOINT((0.,0.,0.));
#2237=IFCDIRECTION((0.,0.,1.));
#2238=IFCDIRECTION((1.,0.,0.));
#2239=IFCAXIS2PLACEMENT3D(#2236,#2237,#2238);
#2240=IFCLOCALPLACEMENT(#1534,#2239);
#2241=IFCRELFILLSELEMENT('3Jrzj6U6n1e926QZIw6V_e',$,$,$,#2183,#2217);
#2242=IFCPROPERTYSET('1YMYcBNuXCl8GS1_cjIoSn',$,'Pset_ORI_Takeoff',$,(#2244,#2245,#2246,#2247,#2248,#2249,#2250));
#2243=IFCRELDEFINESBYPROPERTIES('2IOQ$zPVP5j9_zIxfrLVCT',$,$,$,(#2217),#2242);
#2244=IFCPROPERTYSINGLEVALUE('Method',$,IFCLABEL('auto_extracted'),$);
#2245=IFCPROPERTYSINGLEVALUE('ReviewStatus',$,IFCLABEL('unreviewed'),$);
#2246=IFCPROPERTYSINGLEVALUE('Confidence',$,IFCREAL(0.80000000000000004),$);
#2247=IFCPROPERTYSINGLEVALUE('OverlayElementId',$,IFCLABEL('p2-window-005'),$);
#2248=IFCPROPERTYSINGLEVALUE('Tool',$,IFCLABEL('ori_takeoff 0.1.0'),$);
#2249=IFCPROPERTYSINGLEVALUE('HeightSource',$,IFCLABEL('placeholder_not_from_plan'),$);
#2250=IFCPROPERTYSINGLEVALUE('SourcePage',$,IFCINTEGER(2),$);
#2251=IFCOPENINGELEMENT('0AROww_b95zgoYYXNvTFGi',$,'Opening p2-window-006',$,$,#2284,#2269,$,$);
#2257=IFCCARTESIANPOINT((9753.5999999999985,5842.));
#2258=IFCCARTESIANPOINT((9753.5999999999985,7061.1999999999998));
#2259=IFCCARTESIANPOINT((9601.1999999999989,7061.1999999999998));
#2260=IFCCARTESIANPOINT((9601.1999999999989,5842.));
#2261=IFCCARTESIANPOINT((9753.5999999999985,5842.));
#2262=IFCPOLYLINE((#2257,#2258,#2259,#2260,#2261));
#2263=IFCARBITRARYCLOSEDPROFILEDEF(.AREA.,$,#2262);
#2264=IFCCARTESIANPOINT((0.,0.,914.39999999999998));
#2265=IFCAXIS2PLACEMENT3D(#2264,$,$);
#2266=IFCDIRECTION((0.,0.,1.));
#2267=IFCEXTRUDEDAREASOLID(#2263,#2265,#2266,1219.1999999999998);
#2268=IFCSHAPEREPRESENTATION(#11,'Body','SweptSolid',(#2267));
#2269=IFCPRODUCTDEFINITIONSHAPE($,$,(#2268));
#2270=IFCPROPERTYSET('24c7t_1Fn9AxH4xvjZOE9A',$,'Pset_ORI_Takeoff',$,(#2272,#2273,#2274,#2275,#2276,#2277,#2278));
#2271=IFCRELDEFINESBYPROPERTIES('1L$kKJOY1DQRM0k7JNFL4M',$,$,$,(#2251),#2270);
#2272=IFCPROPERTYSINGLEVALUE('Method',$,IFCLABEL('auto_extracted'),$);
#2273=IFCPROPERTYSINGLEVALUE('ReviewStatus',$,IFCLABEL('unreviewed'),$);
#2274=IFCPROPERTYSINGLEVALUE('Confidence',$,IFCREAL(0.80000000000000004),$);
#2275=IFCPROPERTYSINGLEVALUE('OverlayElementId',$,IFCLABEL('p2-window-006'),$);
#2276=IFCPROPERTYSINGLEVALUE('Tool',$,IFCLABEL('ori_takeoff 0.1.0'),$);
#2277=IFCPROPERTYSINGLEVALUE('HeightSource',$,IFCLABEL('placeholder_not_from_plan'),$);
#2278=IFCPROPERTYSINGLEVALUE('SourcePage',$,IFCINTEGER(2),$);
#2279=IFCRELVOIDSELEMENT('0Mks2vb351kP4_$iozHcO9',$,$,$,#1691,#2251);
#2280=IFCCARTESIANPOINT((0.,0.,0.));
#2281=IFCDIRECTION((0.,0.,1.));
#2282=IFCDIRECTION((1.,0.,0.));
#2283=IFCAXIS2PLACEMENT3D(#2280,#2281,#2282);
#2284=IFCLOCALPLACEMENT(#1718,#2283);
#2285=IFCWINDOW('05VbMDGXbFHBJr2NVSsuXr',$,'p2-window-006',$,$,#2308,#2303,$,$,1219.1999999999998,$,$,$);
#2291=IFCCARTESIANPOINT((9753.5999999999985,5842.));
#2292=IFCCARTESIANPOINT((9753.5999999999985,7061.1999999999998));
#2293=IFCCARTESIANPOINT((9601.1999999999989,7061.1999999999998));
#2294=IFCCARTESIANPOINT((9601.1999999999989,5842.));
#2295=IFCCARTESIANPOINT((9753.5999999999985,5842.));
#2296=IFCPOLYLINE((#2291,#2292,#2293,#2294,#2295));
#2297=IFCARBITRARYCLOSEDPROFILEDEF(.AREA.,$,#2296);
#2298=IFCCARTESIANPOINT((0.,0.,914.39999999999998));
#2299=IFCAXIS2PLACEMENT3D(#2298,$,$);
#2300=IFCDIRECTION((0.,0.,1.));
#2301=IFCEXTRUDEDAREASOLID(#2297,#2299,#2300,1219.1999999999998);
#2302=IFCSHAPEREPRESENTATION(#11,'Body','SweptSolid',(#2301));
#2303=IFCPRODUCTDEFINITIONSHAPE($,$,(#2302));
#2304=IFCCARTESIANPOINT((0.,0.,0.));
#2305=IFCDIRECTION((0.,0.,1.));
#2306=IFCDIRECTION((1.,0.,0.));
#2307=IFCAXIS2PLACEMENT3D(#2304,#2305,#2306);
#2308=IFCLOCALPLACEMENT(#1534,#2307);
#2309=IFCRELFILLSELEMENT('1mDhDQUxfDhPUQdxzIH7yZ',$,$,$,#2251,#2285);
#2310=IFCPROPERTYSET('3xT72HY9fC_OgrFMTS768_',$,'Pset_ORI_Takeoff',$,(#2312,#2313,#2314,#2315,#2316,#2317,#2318));
#2311=IFCRELDEFINESBYPROPERTIES('27DyIFZTnA2AxlRpxZJnVR',$,$,$,(#2285),#2310);
#2312=IFCPROPERTYSINGLEVALUE('Method',$,IFCLABEL('auto_extracted'),$);
#2313=IFCPROPERTYSINGLEVALUE('ReviewStatus',$,IFCLABEL('unreviewed'),$);
#2314=IFCPROPERTYSINGLEVALUE('Confidence',$,IFCREAL(0.80000000000000004),$);
#2315=IFCPROPERTYSINGLEVALUE('OverlayElementId',$,IFCLABEL('p2-window-006'),$);
#2316=IFCPROPERTYSINGLEVALUE('Tool',$,IFCLABEL('ori_takeoff 0.1.0'),$);
#2317=IFCPROPERTYSINGLEVALUE('HeightSource',$,IFCLABEL('placeholder_not_from_plan'),$);
#2318=IFCPROPERTYSINGLEVALUE('SourcePage',$,IFCINTEGER(2),$);
#2319=IFCOPENINGELEMENT('1rV2lP9Dv2gxrKd3sUIMpL',$,'Opening p2-door-002',$,$,#2352,#2337,$,$);
#2325=IFCCARTESIANPOINT((8597.8999999999996,3810.));
#2326=IFCCARTESIANPOINT((8597.8999999999996,4521.1999999999998));
#2327=IFCCARTESIANPOINT((8483.6000000000004,4521.1999999999998));
#2328=IFCCARTESIANPOINT((8483.6000000000004,3810.));
#2329=IFCCARTESIANPOINT((8597.8999999999996,3810.));
#2330=IFCPOLYLINE((#2325,#2326,#2327,#2328,#2329));
#2331=IFCARBITRARYCLOSEDPROFILEDEF(.AREA.,$,#2330);
#2332=IFCCARTESIANPOINT((0.,0.,0.));
#2333=IFCAXIS2PLACEMENT3D(#2332,$,$);
#2334=IFCDIRECTION((0.,0.,1.));
#2335=IFCEXTRUDEDAREASOLID(#2331,#2333,#2334,2032.);
#2336=IFCSHAPEREPRESENTATION(#11,'Body','SweptSolid',(#2335));
#2337=IFCPRODUCTDEFINITIONSHAPE($,$,(#2336));
#2338=IFCPROPERTYSET('3j4otCKEv0jwBxOjcRjlNC',$,'Pset_ORI_Takeoff',$,(#2340,#2341,#2342,#2343,#2344,#2345,#2346));
#2339=IFCRELDEFINESBYPROPERTIES('1ekK3dA$bFw9jzW5wnBqE0',$,$,$,(#2319),#2338);
#2340=IFCPROPERTYSINGLEVALUE('Method',$,IFCLABEL('auto_extracted'),$);
#2341=IFCPROPERTYSINGLEVALUE('ReviewStatus',$,IFCLABEL('unreviewed'),$);
#2342=IFCPROPERTYSINGLEVALUE('Confidence',$,IFCREAL(0.84999999999999998),$);
#2343=IFCPROPERTYSINGLEVALUE('OverlayElementId',$,IFCLABEL('p2-door-002'),$);
#2344=IFCPROPERTYSINGLEVALUE('Tool',$,IFCLABEL('ori_takeoff 0.1.0'),$);
#2345=IFCPROPERTYSINGLEVALUE('HeightSource',$,IFCLABEL('placeholder_not_from_plan'),$);
#2346=IFCPROPERTYSINGLEVALUE('SourcePage',$,IFCINTEGER(2),$);
#2347=IFCRELVOIDSELEMENT('1$4QjBa2n4EPgxRyrLq_d3',$,$,$,#1728,#2319);
#2348=IFCCARTESIANPOINT((0.,0.,0.));
#2349=IFCDIRECTION((0.,0.,1.));
#2350=IFCDIRECTION((1.,0.,0.));
#2351=IFCAXIS2PLACEMENT3D(#2348,#2349,#2350);
#2352=IFCLOCALPLACEMENT(#1755,#2351);
#2353=IFCDOOR('3lJut$4uT5BewRL9wQ$LQx',$,'p2-door-002',$,$,#2376,#2371,$,$,711.19999999999993,$,$,$);
#2359=IFCCARTESIANPOINT((8597.8999999999996,3810.));
#2360=IFCCARTESIANPOINT((8597.8999999999996,4521.1999999999998));
#2361=IFCCARTESIANPOINT((8483.6000000000004,4521.1999999999998));
#2362=IFCCARTESIANPOINT((8483.6000000000004,3810.));
#2363=IFCCARTESIANPOINT((8597.8999999999996,3810.));
#2364=IFCPOLYLINE((#2359,#2360,#2361,#2362,#2363));
#2365=IFCARBITRARYCLOSEDPROFILEDEF(.AREA.,$,#2364);
#2366=IFCCARTESIANPOINT((0.,0.,0.));
#2367=IFCAXIS2PLACEMENT3D(#2366,$,$);
#2368=IFCDIRECTION((0.,0.,1.));
#2369=IFCEXTRUDEDAREASOLID(#2365,#2367,#2368,2032.);
#2370=IFCSHAPEREPRESENTATION(#11,'Body','SweptSolid',(#2369));
#2371=IFCPRODUCTDEFINITIONSHAPE($,$,(#2370));
#2372=IFCCARTESIANPOINT((0.,0.,0.));
#2373=IFCDIRECTION((0.,0.,1.));
#2374=IFCDIRECTION((1.,0.,0.));
#2375=IFCAXIS2PLACEMENT3D(#2372,#2373,#2374);
#2376=IFCLOCALPLACEMENT(#1534,#2375);
#2377=IFCRELFILLSELEMENT('0Dh$ETcb58YQUXQ1xNaLiO',$,$,$,#2319,#2353);
#2378=IFCPROPERTYSET('0t6X01vrH5_hBjlv6_$tBr',$,'Pset_ORI_Takeoff',$,(#2380,#2381,#2382,#2383,#2384,#2385,#2386));
#2379=IFCRELDEFINESBYPROPERTIES('2Bu6OMLmXFPPQ2abCRsrXt',$,$,$,(#2353),#2378);
#2380=IFCPROPERTYSINGLEVALUE('Method',$,IFCLABEL('auto_extracted'),$);
#2381=IFCPROPERTYSINGLEVALUE('ReviewStatus',$,IFCLABEL('unreviewed'),$);
#2382=IFCPROPERTYSINGLEVALUE('Confidence',$,IFCREAL(0.84999999999999998),$);
#2383=IFCPROPERTYSINGLEVALUE('OverlayElementId',$,IFCLABEL('p2-door-002'),$);
#2384=IFCPROPERTYSINGLEVALUE('Tool',$,IFCLABEL('ori_takeoff 0.1.0'),$);
#2385=IFCPROPERTYSINGLEVALUE('HeightSource',$,IFCLABEL('placeholder_not_from_plan'),$);
#2386=IFCPROPERTYSINGLEVALUE('SourcePage',$,IFCINTEGER(2),$);
#2387=IFCPROPERTYSET('1aCbQElajEbApwdkeIlIiE',$,'Pset_ORI_DoorSwing',$,(#2389,#2390));
#2388=IFCRELDEFINESBYPROPERTIES('1iu2WHkuf2awZqJ5uPqJd9',$,$,$,(#2353),#2387);
#2389=IFCPROPERTYSINGLEVALUE('OpensToNormalSide',$,IFCINTEGER(-1),$);
#2390=IFCPROPERTYSINGLEVALUE('RadiusIn',$,IFCREAL(27.998000000000001),$);
#2391=IFCOPENINGELEMENT('2VhD3GKob9svVtP8UtQjFF',$,'Opening p2-door-003',$,$,#2424,#2409,$,$);
#2397=IFCCARTESIANPOINT((5295.8999999999996,1524.));
#2398=IFCCARTESIANPOINT((5295.8999999999996,2336.7999999999997));
#2399=IFCCARTESIANPOINT((5181.5999999999995,2336.7999999999997));
#2400=IFCCARTESIANPOINT((5181.5999999999995,1524.));
#2401=IFCCARTESIANPOINT((5295.8999999999996,1524.));
#2402=IFCPOLYLINE((#2397,#2398,#2399,#2400,#2401));
#2403=IFCARBITRARYCLOSEDPROFILEDEF(.AREA.,$,#2402);
#2404=IFCCARTESIANPOINT((0.,0.,0.));
#2405=IFCAXIS2PLACEMENT3D(#2404,$,$);
#2406=IFCDIRECTION((0.,0.,1.));
#2407=IFCEXTRUDEDAREASOLID(#2403,#2405,#2406,2032.);
#2408=IFCSHAPEREPRESENTATION(#11,'Body','SweptSolid',(#2407));
#2409=IFCPRODUCTDEFINITIONSHAPE($,$,(#2408));
#2410=IFCPROPERTYSET('1oGMfrjzb3OhSSfNKJ6RLu',$,'Pset_ORI_Takeoff',$,(#2412,#2413,#2414,#2415,#2416,#2417,#2418));
#2411=IFCRELDEFINESBYPROPERTIES('1xauPubjrDOxYC1gZVBbQI',$,$,$,(#2391),#2410);
#2412=IFCPROPERTYSINGLEVALUE('Method',$,IFCLABEL('auto_extracted'),$);
#2413=IFCPROPERTYSINGLEVALUE('ReviewStatus',$,IFCLABEL('unreviewed'),$);
#2414=IFCPROPERTYSINGLEVALUE('Confidence',$,IFCREAL(0.84999999999999998),$);
#2415=IFCPROPERTYSINGLEVALUE('OverlayElementId',$,IFCLABEL('p2-door-003'),$);
#2416=IFCPROPERTYSINGLEVALUE('Tool',$,IFCLABEL('ori_takeoff 0.1.0'),$);
#2417=IFCPROPERTYSINGLEVALUE('HeightSource',$,IFCLABEL('placeholder_not_from_plan'),$);
#2418=IFCPROPERTYSINGLEVALUE('SourcePage',$,IFCINTEGER(2),$);
#2419=IFCRELVOIDSELEMENT('34aIPytX5FFxFtyO1xRpzY',$,$,$,#1765,#2391);
#2420=IFCCARTESIANPOINT((0.,0.,0.));
#2421=IFCDIRECTION((0.,0.,1.));
#2422=IFCDIRECTION((1.,0.,0.));
#2423=IFCAXIS2PLACEMENT3D(#2420,#2421,#2422);
#2424=IFCLOCALPLACEMENT(#1792,#2423);
#2425=IFCDOOR('1C_9wWiNb2ourn5Ye0grGa',$,'p2-door-003',$,$,#2448,#2443,$,$,812.79999999999995,$,$,$);
#2431=IFCCARTESIANPOINT((5295.8999999999996,1524.));
#2432=IFCCARTESIANPOINT((5295.8999999999996,2336.7999999999997));
#2433=IFCCARTESIANPOINT((5181.5999999999995,2336.7999999999997));
#2434=IFCCARTESIANPOINT((5181.5999999999995,1524.));
#2435=IFCCARTESIANPOINT((5295.8999999999996,1524.));
#2436=IFCPOLYLINE((#2431,#2432,#2433,#2434,#2435));
#2437=IFCARBITRARYCLOSEDPROFILEDEF(.AREA.,$,#2436);
#2438=IFCCARTESIANPOINT((0.,0.,0.));
#2439=IFCAXIS2PLACEMENT3D(#2438,$,$);
#2440=IFCDIRECTION((0.,0.,1.));
#2441=IFCEXTRUDEDAREASOLID(#2437,#2439,#2440,2032.);
#2442=IFCSHAPEREPRESENTATION(#11,'Body','SweptSolid',(#2441));
#2443=IFCPRODUCTDEFINITIONSHAPE($,$,(#2442));
#2444=IFCCARTESIANPOINT((0.,0.,0.));
#2445=IFCDIRECTION((0.,0.,1.));
#2446=IFCDIRECTION((1.,0.,0.));
#2447=IFCAXIS2PLACEMENT3D(#2444,#2445,#2446);
#2448=IFCLOCALPLACEMENT(#1534,#2447);
#2449=IFCRELFILLSELEMENT('04Q$reU2D3mxCWInn0cxAl',$,$,$,#2391,#2425);
#2450=IFCPROPERTYSET('0byjPjojX20PkHAaPzYBnq',$,'Pset_ORI_Takeoff',$,(#2452,#2453,#2454,#2455,#2456,#2457,#2458));
#2451=IFCRELDEFINESBYPROPERTIES('1MsMR0b7f0Bf7A5gDQt84D',$,$,$,(#2425),#2450);
#2452=IFCPROPERTYSINGLEVALUE('Method',$,IFCLABEL('auto_extracted'),$);
#2453=IFCPROPERTYSINGLEVALUE('ReviewStatus',$,IFCLABEL('unreviewed'),$);
#2454=IFCPROPERTYSINGLEVALUE('Confidence',$,IFCREAL(0.84999999999999998),$);
#2455=IFCPROPERTYSINGLEVALUE('OverlayElementId',$,IFCLABEL('p2-door-003'),$);
#2456=IFCPROPERTYSINGLEVALUE('Tool',$,IFCLABEL('ori_takeoff 0.1.0'),$);
#2457=IFCPROPERTYSINGLEVALUE('HeightSource',$,IFCLABEL('placeholder_not_from_plan'),$);
#2458=IFCPROPERTYSINGLEVALUE('SourcePage',$,IFCINTEGER(2),$);
#2459=IFCPROPERTYSET('2ee7JfhMv5egEAiGkPxtuj',$,'Pset_ORI_DoorSwing',$,(#2461,#2462));
#2460=IFCRELDEFINESBYPROPERTIES('1Zvib6GA9CZ8_1bDwkG57n',$,$,$,(#2425),#2459);
#2461=IFCPROPERTYSINGLEVALUE('OpensToNormalSide',$,IFCINTEGER(1),$);
#2462=IFCPROPERTYSINGLEVALUE('RadiusIn',$,IFCREAL(31.998000000000001),$);
#2463=IFCOPENINGELEMENT('36Nw7nmz977xMMBWE8rNyl',$,'Opening p2-door-004',$,$,#2496,#2481,$,$);
#2469=IFCCARTESIANPOINT((5295.8999999999996,3810.));
#2470=IFCCARTESIANPOINT((5295.8999999999996,4622.8000000000002));
#2471=IFCCARTESIANPOINT((5181.5999999999995,4622.8000000000002));
#2472=IFCCARTESIANPOINT((5181.5999999999995,3810.));
#2473=IFCCARTESIANPOINT((5295.8999999999996,3810.));
#2474=IFCPOLYLINE((#2469,#2470,#2471,#2472,#2473));
#2475=IFCARBITRARYCLOSEDPROFILEDEF(.AREA.,$,#2474);
#2476=IFCCARTESIANPOINT((0.,0.,0.));
#2477=IFCAXIS2PLACEMENT3D(#2476,$,$);
#2478=IFCDIRECTION((0.,0.,1.));
#2479=IFCEXTRUDEDAREASOLID(#2475,#2477,#2478,2032.);
#2480=IFCSHAPEREPRESENTATION(#11,'Body','SweptSolid',(#2479));
#2481=IFCPRODUCTDEFINITIONSHAPE($,$,(#2480));
#2482=IFCPROPERTYSET('1Y3Npv9V92ixaX6uRrkW3d',$,'Pset_ORI_Takeoff',$,(#2484,#2485,#2486,#2487,#2488,#2489,#2490));
#2483=IFCRELDEFINESBYPROPERTIES('2Ujrp_Mu5DRg0NB3V65CQO',$,$,$,(#2463),#2482);
#2484=IFCPROPERTYSINGLEVALUE('Method',$,IFCLABEL('auto_extracted'),$);
#2485=IFCPROPERTYSINGLEVALUE('ReviewStatus',$,IFCLABEL('unreviewed'),$);
#2486=IFCPROPERTYSINGLEVALUE('Confidence',$,IFCREAL(0.84999999999999998),$);
#2487=IFCPROPERTYSINGLEVALUE('OverlayElementId',$,IFCLABEL('p2-door-004'),$);
#2488=IFCPROPERTYSINGLEVALUE('Tool',$,IFCLABEL('ori_takeoff 0.1.0'),$);
#2489=IFCPROPERTYSINGLEVALUE('HeightSource',$,IFCLABEL('placeholder_not_from_plan'),$);
#2490=IFCPROPERTYSINGLEVALUE('SourcePage',$,IFCINTEGER(2),$);
#2491=IFCRELVOIDSELEMENT('2qaUEGTs969O6rbec64CDl',$,$,$,#1765,#2463);
#2492=IFCCARTESIANPOINT((0.,0.,0.));
#2493=IFCDIRECTION((0.,0.,1.));
#2494=IFCDIRECTION((1.,0.,0.));
#2495=IFCAXIS2PLACEMENT3D(#2492,#2493,#2494);
#2496=IFCLOCALPLACEMENT(#1792,#2495);
#2497=IFCDOOR('1iIz3grlXAPA0ovv3B9hnY',$,'p2-door-004',$,$,#2520,#2515,$,$,812.79999999999995,$,$,$);
#2503=IFCCARTESIANPOINT((5295.8999999999996,3810.));
#2504=IFCCARTESIANPOINT((5295.8999999999996,4622.8000000000002));
#2505=IFCCARTESIANPOINT((5181.5999999999995,4622.8000000000002));
#2506=IFCCARTESIANPOINT((5181.5999999999995,3810.));
#2507=IFCCARTESIANPOINT((5295.8999999999996,3810.));
#2508=IFCPOLYLINE((#2503,#2504,#2505,#2506,#2507));
#2509=IFCARBITRARYCLOSEDPROFILEDEF(.AREA.,$,#2508);
#2510=IFCCARTESIANPOINT((0.,0.,0.));
#2511=IFCAXIS2PLACEMENT3D(#2510,$,$);
#2512=IFCDIRECTION((0.,0.,1.));
#2513=IFCEXTRUDEDAREASOLID(#2509,#2511,#2512,2032.);
#2514=IFCSHAPEREPRESENTATION(#11,'Body','SweptSolid',(#2513));
#2515=IFCPRODUCTDEFINITIONSHAPE($,$,(#2514));
#2516=IFCCARTESIANPOINT((0.,0.,0.));
#2517=IFCDIRECTION((0.,0.,1.));
#2518=IFCDIRECTION((1.,0.,0.));
#2519=IFCAXIS2PLACEMENT3D(#2516,#2517,#2518);
#2520=IFCLOCALPLACEMENT(#1534,#2519);
#2521=IFCRELFILLSELEMENT('0MnDkvaDv5BeFUGJQe_V$H',$,$,$,#2463,#2497);
#2522=IFCPROPERTYSET('3xjY2Atpb2hOkx_3sHH8pa',$,'Pset_ORI_Takeoff',$,(#2524,#2525,#2526,#2527,#2528,#2529,#2530));
#2523=IFCRELDEFINESBYPROPERTIES('1xZIVl_ar9iQUkzF_kroDQ',$,$,$,(#2497),#2522);
#2524=IFCPROPERTYSINGLEVALUE('Method',$,IFCLABEL('auto_extracted'),$);
#2525=IFCPROPERTYSINGLEVALUE('ReviewStatus',$,IFCLABEL('unreviewed'),$);
#2526=IFCPROPERTYSINGLEVALUE('Confidence',$,IFCREAL(0.84999999999999998),$);
#2527=IFCPROPERTYSINGLEVALUE('OverlayElementId',$,IFCLABEL('p2-door-004'),$);
#2528=IFCPROPERTYSINGLEVALUE('Tool',$,IFCLABEL('ori_takeoff 0.1.0'),$);
#2529=IFCPROPERTYSINGLEVALUE('HeightSource',$,IFCLABEL('placeholder_not_from_plan'),$);
#2530=IFCPROPERTYSINGLEVALUE('SourcePage',$,IFCINTEGER(2),$);
#2531=IFCPROPERTYSET('24EDRIpUrEbuwmpjy9Kb$x',$,'Pset_ORI_DoorSwing',$,(#2533,#2534));
#2532=IFCRELDEFINESBYPROPERTIES('1FMMB7qvr2$BFtj$XCo$OZ',$,$,$,(#2497),#2531);
#2533=IFCPROPERTYSINGLEVALUE('OpensToNormalSide',$,IFCINTEGER(1),$);
#2534=IFCPROPERTYSINGLEVALUE('RadiusIn',$,IFCREAL(31.998000000000001),$);
#2535=IFCOPENINGELEMENT('1ASXr6fUT9jher75nXedup',$,'Opening p2-window-007',$,$,#2568,#2553,$,$);
#2541=IFCCARTESIANPOINT((152.39999999999998,1016.));
#2542=IFCCARTESIANPOINT((152.39999999999998,2032.));
#2543=IFCCARTESIANPOINT((0.,2032.));
#2544=IFCCARTESIANPOINT((0.,1016.));
#2545=IFCCARTESIANPOINT((152.39999999999998,1016.));
#2546=IFCPOLYLINE((#2541,#2542,#2543,#2544,#2545));
#2547=IFCARBITRARYCLOSEDPROFILEDEF(.AREA.,$,#2546);
#2548=IFCCARTESIANPOINT((0.,0.,914.39999999999998));
#2549=IFCAXIS2PLACEMENT3D(#2548,$,$);
#2550=IFCDIRECTION((0.,0.,1.));
#2551=IFCEXTRUDEDAREASOLID(#2547,#2549,#2550,1219.1999999999998);
#2552=IFCSHAPEREPRESENTATION(#11,'Body','SweptSolid',(#2551));
#2553=IFCPRODUCTDEFINITIONSHAPE($,$,(#2552));
#2554=IFCPROPERTYSET('16Xfq8XZT3_eBNsZjsmTra',$,'Pset_ORI_Takeoff',$,(#2556,#2557,#2558,#2559,#2560,#2561,#2562));
#2555=IFCRELDEFINESBYPROPERTIES('2HR5cm5sv9ye802jz2O7U_',$,$,$,(#2535),#2554);
#2556=IFCPROPERTYSINGLEVALUE('Method',$,IFCLABEL('auto_extracted'),$);
#2557=IFCPROPERTYSINGLEVALUE('ReviewStatus',$,IFCLABEL('unreviewed'),$);
#2558=IFCPROPERTYSINGLEVALUE('Confidence',$,IFCREAL(0.80000000000000004),$);
#2559=IFCPROPERTYSINGLEVALUE('OverlayElementId',$,IFCLABEL('p2-window-007'),$);
#2560=IFCPROPERTYSINGLEVALUE('Tool',$,IFCLABEL('ori_takeoff 0.1.0'),$);
#2561=IFCPROPERTYSINGLEVALUE('HeightSource',$,IFCLABEL('placeholder_not_from_plan'),$);
#2562=IFCPROPERTYSINGLEVALUE('SourcePage',$,IFCINTEGER(2),$);
#2563=IFCRELVOIDSELEMENT('07$$Fm8VzFOPw055FEjIyi',$,$,$,#1802,#2535);
#2564=IFCCARTESIANPOINT((0.,0.,0.));
#2565=IFCDIRECTION((0.,0.,1.));
#2566=IFCDIRECTION((1.,0.,0.));
#2567=IFCAXIS2PLACEMENT3D(#2564,#2565,#2566);
#2568=IFCLOCALPLACEMENT(#1829,#2567);
#2569=IFCWINDOW('2tx1eBvab0lOLOXjSkAv8s',$,'p2-window-007',$,$,#2592,#2587,$,$,1016.,$,$,$);
#2575=IFCCARTESIANPOINT((152.39999999999998,1016.));
#2576=IFCCARTESIANPOINT((152.39999999999998,2032.));
#2577=IFCCARTESIANPOINT((0.,2032.));
#2578=IFCCARTESIANPOINT((0.,1016.));
#2579=IFCCARTESIANPOINT((152.39999999999998,1016.));
#2580=IFCPOLYLINE((#2575,#2576,#2577,#2578,#2579));
#2581=IFCARBITRARYCLOSEDPROFILEDEF(.AREA.,$,#2580);
#2582=IFCCARTESIANPOINT((0.,0.,914.39999999999998));
#2583=IFCAXIS2PLACEMENT3D(#2582,$,$);
#2584=IFCDIRECTION((0.,0.,1.));
#2585=IFCEXTRUDEDAREASOLID(#2581,#2583,#2584,1219.1999999999998);
#2586=IFCSHAPEREPRESENTATION(#11,'Body','SweptSolid',(#2585));
#2587=IFCPRODUCTDEFINITIONSHAPE($,$,(#2586));
#2588=IFCCARTESIANPOINT((0.,0.,0.));
#2589=IFCDIRECTION((0.,0.,1.));
#2590=IFCDIRECTION((1.,0.,0.));
#2591=IFCAXIS2PLACEMENT3D(#2588,#2589,#2590);
#2592=IFCLOCALPLACEMENT(#1534,#2591);
#2593=IFCRELFILLSELEMENT('1pE1yPXEz30QDEd7IFk9Nh',$,$,$,#2535,#2569);
#2594=IFCPROPERTYSET('0AHC7ttKT0Uf7nsK3D$_2E',$,'Pset_ORI_Takeoff',$,(#2596,#2597,#2598,#2599,#2600,#2601,#2602));
#2595=IFCRELDEFINESBYPROPERTIES('11JUvvwkjFTeVvUxppSTwS',$,$,$,(#2569),#2594);
#2596=IFCPROPERTYSINGLEVALUE('Method',$,IFCLABEL('auto_extracted'),$);
#2597=IFCPROPERTYSINGLEVALUE('ReviewStatus',$,IFCLABEL('unreviewed'),$);
#2598=IFCPROPERTYSINGLEVALUE('Confidence',$,IFCREAL(0.80000000000000004),$);
#2599=IFCPROPERTYSINGLEVALUE('OverlayElementId',$,IFCLABEL('p2-window-007'),$);
#2600=IFCPROPERTYSINGLEVALUE('Tool',$,IFCLABEL('ori_takeoff 0.1.0'),$);
#2601=IFCPROPERTYSINGLEVALUE('HeightSource',$,IFCLABEL('placeholder_not_from_plan'),$);
#2602=IFCPROPERTYSINGLEVALUE('SourcePage',$,IFCINTEGER(2),$);
#2603=IFCOPENINGELEMENT('1rGFTGcwr8Yx2BxkLeDMHR',$,'Opening p2-window-008',$,$,#2636,#2621,$,$);
#2609=IFCCARTESIANPOINT((152.39999999999998,5080.));
#2610=IFCCARTESIANPOINT((152.39999999999998,6299.1999999999998));
#2611=IFCCARTESIANPOINT((0.,6299.1999999999998));
#2612=IFCCARTESIANPOINT((0.,5080.));
#2613=IFCCARTESIANPOINT((152.39999999999998,5080.));
#2614=IFCPOLYLINE((#2609,#2610,#2611,#2612,#2613));
#2615=IFCARBITRARYCLOSEDPROFILEDEF(.AREA.,$,#2614);
#2616=IFCCARTESIANPOINT((0.,0.,914.39999999999998));
#2617=IFCAXIS2PLACEMENT3D(#2616,$,$);
#2618=IFCDIRECTION((0.,0.,1.));
#2619=IFCEXTRUDEDAREASOLID(#2615,#2617,#2618,1219.1999999999998);
#2620=IFCSHAPEREPRESENTATION(#11,'Body','SweptSolid',(#2619));
#2621=IFCPRODUCTDEFINITIONSHAPE($,$,(#2620));
#2622=IFCPROPERTYSET('0x0xD0srTBgB$5BpR1u3Qe',$,'Pset_ORI_Takeoff',$,(#2624,#2625,#2626,#2627,#2628,#2629,#2630));
#2623=IFCRELDEFINESBYPROPERTIES('0jqDf0ygnBuQpmlXsDfA$B',$,$,$,(#2603),#2622);
#2624=IFCPROPERTYSINGLEVALUE('Method',$,IFCLABEL('auto_extracted'),$);
#2625=IFCPROPERTYSINGLEVALUE('ReviewStatus',$,IFCLABEL('unreviewed'),$);
#2626=IFCPROPERTYSINGLEVALUE('Confidence',$,IFCREAL(0.80000000000000004),$);
#2627=IFCPROPERTYSINGLEVALUE('OverlayElementId',$,IFCLABEL('p2-window-008'),$);
#2628=IFCPROPERTYSINGLEVALUE('Tool',$,IFCLABEL('ori_takeoff 0.1.0'),$);
#2629=IFCPROPERTYSINGLEVALUE('HeightSource',$,IFCLABEL('placeholder_not_from_plan'),$);
#2630=IFCPROPERTYSINGLEVALUE('SourcePage',$,IFCINTEGER(2),$);
#2631=IFCRELVOIDSELEMENT('2EgZYisrT3sv570BqExQhG',$,$,$,#1802,#2603);
#2632=IFCCARTESIANPOINT((0.,0.,0.));
#2633=IFCDIRECTION((0.,0.,1.));
#2634=IFCDIRECTION((1.,0.,0.));
#2635=IFCAXIS2PLACEMENT3D(#2632,#2633,#2634);
#2636=IFCLOCALPLACEMENT(#1829,#2635);
#2637=IFCWINDOW('13hp2DjEr0Jx$$N8TBcSYV',$,'p2-window-008',$,$,#2660,#2655,$,$,1219.1999999999998,$,$,$);
#2643=IFCCARTESIANPOINT((152.39999999999998,5080.));
#2644=IFCCARTESIANPOINT((152.39999999999998,6299.1999999999998));
#2645=IFCCARTESIANPOINT((0.,6299.1999999999998));
#2646=IFCCARTESIANPOINT((0.,5080.));
#2647=IFCCARTESIANPOINT((152.39999999999998,5080.));
#2648=IFCPOLYLINE((#2643,#2644,#2645,#2646,#2647));
#2649=IFCARBITRARYCLOSEDPROFILEDEF(.AREA.,$,#2648);
#2650=IFCCARTESIANPOINT((0.,0.,914.39999999999998));
#2651=IFCAXIS2PLACEMENT3D(#2650,$,$);
#2652=IFCDIRECTION((0.,0.,1.));
#2653=IFCEXTRUDEDAREASOLID(#2649,#2651,#2652,1219.1999999999998);
#2654=IFCSHAPEREPRESENTATION(#11,'Body','SweptSolid',(#2653));
#2655=IFCPRODUCTDEFINITIONSHAPE($,$,(#2654));
#2656=IFCCARTESIANPOINT((0.,0.,0.));
#2657=IFCDIRECTION((0.,0.,1.));
#2658=IFCDIRECTION((1.,0.,0.));
#2659=IFCAXIS2PLACEMENT3D(#2656,#2657,#2658);
#2660=IFCLOCALPLACEMENT(#1534,#2659);
#2661=IFCRELFILLSELEMENT('3ztjMmCuL2HeqyndHLdc58',$,$,$,#2603,#2637);
#2662=IFCPROPERTYSET('2PmCi7Xt1BLvZBHela6Qya',$,'Pset_ORI_Takeoff',$,(#2664,#2665,#2666,#2667,#2668,#2669,#2670));
#2663=IFCRELDEFINESBYPROPERTIES('0_gOJtxzfFT8OvGWFL2zJf',$,$,$,(#2637),#2662);
#2664=IFCPROPERTYSINGLEVALUE('Method',$,IFCLABEL('auto_extracted'),$);
#2665=IFCPROPERTYSINGLEVALUE('ReviewStatus',$,IFCLABEL('unreviewed'),$);
#2666=IFCPROPERTYSINGLEVALUE('Confidence',$,IFCREAL(0.80000000000000004),$);
#2667=IFCPROPERTYSINGLEVALUE('OverlayElementId',$,IFCLABEL('p2-window-008'),$);
#2668=IFCPROPERTYSINGLEVALUE('Tool',$,IFCLABEL('ori_takeoff 0.1.0'),$);
#2669=IFCPROPERTYSINGLEVALUE('HeightSource',$,IFCLABEL('placeholder_not_from_plan'),$);
#2670=IFCPROPERTYSINGLEVALUE('SourcePage',$,IFCINTEGER(2),$);
#2671=IFCSPACE('06N0MTRkvAj91utc0wJj9q',$,'BATH',$,$,#2695,#2689,$,$,.SPACE.,$);
#2677=IFCCARTESIANPOINT((8597.8999999999996,152.39999999999998));
#2678=IFCCARTESIANPOINT((9601.1999999999989,152.39999999999998));
#2679=IFCCARTESIANPOINT((9601.1999999999989,4724.3999999999996));
#2680=IFCCARTESIANPOINT((8597.8999999999996,4724.3999999999996));
#2681=IFCCARTESIANPOINT((8597.8999999999996,152.39999999999998));
#2682=IFCPOLYLINE((#2677,#2678,#2679,#2680,#2681));
#2683=IFCARBITRARYCLOSEDPROFILEDEF(.AREA.,$,#2682);
#2684=IFCCARTESIANPOINT((0.,0.,0.));
#2685=IFCAXIS2PLACEMENT3D(#2684,$,$);
#2686=IFCDIRECTION((0.,0.,1.));
#2687=IFCEXTRUDEDAREASOLID(#2683,#2685,#2686,2438.3999999999996);
#2688=IFCSHAPEREPRESENTATION(#11,'Body','SweptSolid',(#2687));
#2689=IFCPRODUCTDEFINITIONSHAPE($,$,(#2688));
#2690=IFCRELAGGREGATES('1j8taizlHD6AZ0ZSuGzelY',$,$,$,#1524,(#2746,#2709,#2820,#2671,#2783));
#2691=IFCCARTESIANPOINT((0.,0.,0.));
#2692=IFCDIRECTION((0.,0.,1.));
#2693=IFCDIRECTION((1.,0.,0.));
#2694=IFCAXIS2PLACEMENT3D(#2691,#2692,#2693);
#2695=IFCLOCALPLACEMENT(#1534,#2694);
#2696=IFCPROPERTYSET('2TeDSHaLHErv4G0f5C343Q',$,'Pset_ORI_SpaceUse',$,(#2698,#2699));
#2697=IFCRELDEFINESBYPROPERTIES('0NMXBv$ebDaxDABVMmMDhi',$,$,$,(#2671),#2696);
#2698=IFCPROPERTYSINGLEVALUE('UseCategory',$,IFCLABEL('bathroom'),$);
#2699=IFCPROPERTYSINGLEVALUE('UseSource',$,IFCLABEL('inferred_from_label'),$);
#2700=IFCPROPERTYSET('2fFg1V0UX1hRw_GJx_9zFU',$,'Pset_ORI_Takeoff',$,(#2702,#2703,#2704,#2705,#2706,#2707,#2708));
#2701=IFCRELDEFINESBYPROPERTIES('0lBYFM5u93$AGZDkcw$5eI',$,$,$,(#2671),#2700);
#2702=IFCPROPERTYSINGLEVALUE('Method',$,IFCLABEL('auto_extracted'),$);
#2703=IFCPROPERTYSINGLEVALUE('ReviewStatus',$,IFCLABEL('unreviewed'),$);
#2704=IFCPROPERTYSINGLEVALUE('Confidence',$,IFCREAL(0.84999999999999998),$);
#2705=IFCPROPERTYSINGLEVALUE('OverlayElementId',$,IFCLABEL('p2-space-001'),$);
#2706=IFCPROPERTYSINGLEVALUE('Tool',$,IFCLABEL('ori_takeoff 0.1.0'),$);
#2707=IFCPROPERTYSINGLEVALUE('HeightSource',$,IFCLABEL('placeholder_not_from_plan'),$);
#2708=IFCPROPERTYSINGLEVALUE('SourcePage',$,IFCINTEGER(2),$);
#2709=IFCSPACE('3$xZct2Hr6HhuiGrhUNLu6',$,'BEDROOM 3',$,$,#2732,#2727,$,$,.SPACE.,$);
#2715=IFCCARTESIANPOINT((9601.1999999999989,4838.6999999999998));
#2716=IFCCARTESIANPOINT((9601.1999999999989,8382.));
#2717=IFCCARTESIANPOINT((5295.8999999999996,8382.));
#2718=IFCCARTESIANPOINT((5295.8999999999996,4838.6999999999998));
#2719=IFCCARTESIANPOINT((9601.1999999999989,4838.6999999999998));
#2720=IFCPOLYLINE((#2715,#2716,#2717,#2718,#2719));
#2721=IFCARBITRARYCLOSEDPROFILEDEF(.AREA.,$,#2720);
#2722=IFCCARTESIANPOINT((0.,0.,0.));
#2723=IFCAXIS2PLACEMENT3D(#2722,$,$);
#2724=IFCDIRECTION((0.,0.,1.));
#2725=IFCEXTRUDEDAREASOLID(#2721,#2723,#2724,2438.3999999999996);
#2726=IFCSHAPEREPRESENTATION(#11,'Body','SweptSolid',(#2725));
#2727=IFCPRODUCTDEFINITIONSHAPE($,$,(#2726));
#2728=IFCCARTESIANPOINT((0.,0.,0.));
#2729=IFCDIRECTION((0.,0.,1.));
#2730=IFCDIRECTION((1.,0.,0.));
#2731=IFCAXIS2PLACEMENT3D(#2728,#2729,#2730);
#2732=IFCLOCALPLACEMENT(#1534,#2731);
#2733=IFCPROPERTYSET('1IUupyqfHCmvPduKn5cR$o',$,'Pset_ORI_SpaceUse',$,(#2735,#2736));
#2734=IFCRELDEFINESBYPROPERTIES('367kMJr69D7QFt5LYgDoER',$,$,$,(#2709),#2733);
#2735=IFCPROPERTYSINGLEVALUE('UseCategory',$,IFCLABEL('habitable'),$);
#2736=IFCPROPERTYSINGLEVALUE('UseSource',$,IFCLABEL('inferred_from_label'),$);
#2737=IFCPROPERTYSET('18BPBeRBrFZeX0rT938SrH',$,'Pset_ORI_Takeoff',$,(#2739,#2740,#2741,#2742,#2743,#2744,#2745));
#2738=IFCRELDEFINESBYPROPERTIES('3gYJlz4pL2nwkRLyCsl_9J',$,$,$,(#2709),#2737);
#2739=IFCPROPERTYSINGLEVALUE('Method',$,IFCLABEL('auto_extracted'),$);
#2740=IFCPROPERTYSINGLEVALUE('ReviewStatus',$,IFCLABEL('unreviewed'),$);
#2741=IFCPROPERTYSINGLEVALUE('Confidence',$,IFCREAL(0.84999999999999998),$);
#2742=IFCPROPERTYSINGLEVALUE('OverlayElementId',$,IFCLABEL('p2-space-002'),$);
#2743=IFCPROPERTYSINGLEVALUE('Tool',$,IFCLABEL('ori_takeoff 0.1.0'),$);
#2744=IFCPROPERTYSINGLEVALUE('HeightSource',$,IFCLABEL('placeholder_not_from_plan'),$);
#2745=IFCPROPERTYSINGLEVALUE('SourcePage',$,IFCINTEGER(2),$);
#2746=IFCSPACE('1L1h3m9hn6nh2LXK9v8OOS',$,'HALL',$,$,#2769,#2764,$,$,.SPACE.,$);
#2752=IFCCARTESIANPOINT((5295.8999999999996,152.39999999999998));
#2753=IFCCARTESIANPOINT((8483.6000000000004,152.39999999999998));
#2754=IFCCARTESIANPOINT((8483.6000000000004,4724.3999999999996));
#2755=IFCCARTESIANPOINT((5295.8999999999996,4724.3999999999996));
#2756=IFCCARTESIANPOINT((5295.8999999999996,152.39999999999998));
#2757=IFCPOLYLINE((#2752,#2753,#2754,#2755,#2756));
#2758=IFCARBITRARYCLOSEDPROFILEDEF(.AREA.,$,#2757);
#2759=IFCCARTESIANPOINT((0.,0.,0.));
#2760=IFCAXIS2PLACEMENT3D(#2759,$,$);
#2761=IFCDIRECTION((0.,0.,1.));
#2762=IFCEXTRUDEDAREASOLID(#2758,#2760,#2761,2438.3999999999996);
#2763=IFCSHAPEREPRESENTATION(#11,'Body','SweptSolid',(#2762));
#2764=IFCPRODUCTDEFINITIONSHAPE($,$,(#2763));
#2765=IFCCARTESIANPOINT((0.,0.,0.));
#2766=IFCDIRECTION((0.,0.,1.));
#2767=IFCDIRECTION((1.,0.,0.));
#2768=IFCAXIS2PLACEMENT3D(#2765,#2766,#2767);
#2769=IFCLOCALPLACEMENT(#1534,#2768);
#2770=IFCPROPERTYSET('3PLlUSXV99VPzdiMpE8a8F',$,'Pset_ORI_SpaceUse',$,(#2772,#2773));
#2771=IFCRELDEFINESBYPROPERTIES('0uSKFVLM9FgftaU2zuZVIE',$,$,$,(#2746),#2770);
#2772=IFCPROPERTYSINGLEVALUE('UseCategory',$,IFCLABEL('hallway'),$);
#2773=IFCPROPERTYSINGLEVALUE('UseSource',$,IFCLABEL('inferred_from_label'),$);
#2774=IFCPROPERTYSET('2ePsCmtTj0cxEYMTPjWS_X',$,'Pset_ORI_Takeoff',$,(#2776,#2777,#2778,#2779,#2780,#2781,#2782));
#2775=IFCRELDEFINESBYPROPERTIES('1NIaeZycD7iA1b7McYLD96',$,$,$,(#2746),#2774);
#2776=IFCPROPERTYSINGLEVALUE('Method',$,IFCLABEL('auto_extracted'),$);
#2777=IFCPROPERTYSINGLEVALUE('ReviewStatus',$,IFCLABEL('unreviewed'),$);
#2778=IFCPROPERTYSINGLEVALUE('Confidence',$,IFCREAL(0.84999999999999998),$);
#2779=IFCPROPERTYSINGLEVALUE('OverlayElementId',$,IFCLABEL('p2-space-003'),$);
#2780=IFCPROPERTYSINGLEVALUE('Tool',$,IFCLABEL('ori_takeoff 0.1.0'),$);
#2781=IFCPROPERTYSINGLEVALUE('HeightSource',$,IFCLABEL('placeholder_not_from_plan'),$);
#2782=IFCPROPERTYSINGLEVALUE('SourcePage',$,IFCINTEGER(2),$);
#2783=IFCSPACE('0iyZcVc_98vxnEvVBKs8gW',$,'BEDROOM 1',$,$,#2806,#2801,$,$,.SPACE.,$);
#2789=IFCCARTESIANPOINT((152.39999999999998,8382.));
#2790=IFCCARTESIANPOINT((152.39999999999998,3162.2999999999997));
#2791=IFCCARTESIANPOINT((5181.5999999999995,3162.2999999999997));
#2792=IFCCARTESIANPOINT((5181.5999999999995,8382.));
#2793=IFCCARTESIANPOINT((152.39999999999998,8382.));
#2794=IFCPOLYLINE((#2789,#2790,#2791,#2792,#2793));
#2795=IFCARBITRARYCLOSEDPROFILEDEF(.AREA.,$,#2794);
#2796=IFCCARTESIANPOINT((0.,0.,0.));
#2797=IFCAXIS2PLACEMENT3D(#2796,$,$);
#2798=IFCDIRECTION((0.,0.,1.));
#2799=IFCEXTRUDEDAREASOLID(#2795,#2797,#2798,2438.3999999999996);
#2800=IFCSHAPEREPRESENTATION(#11,'Body','SweptSolid',(#2799));
#2801=IFCPRODUCTDEFINITIONSHAPE($,$,(#2800));
#2802=IFCCARTESIANPOINT((0.,0.,0.));
#2803=IFCDIRECTION((0.,0.,1.));
#2804=IFCDIRECTION((1.,0.,0.));
#2805=IFCAXIS2PLACEMENT3D(#2802,#2803,#2804);
#2806=IFCLOCALPLACEMENT(#1534,#2805);
#2807=IFCPROPERTYSET('1v3e1vgrfAsAhr$pyo1tis',$,'Pset_ORI_SpaceUse',$,(#2809,#2810));
#2808=IFCRELDEFINESBYPROPERTIES('3TPaAaFj9FMhrMZOBsS_uV',$,$,$,(#2783),#2807);
#2809=IFCPROPERTYSINGLEVALUE('UseCategory',$,IFCLABEL('habitable'),$);
#2810=IFCPROPERTYSINGLEVALUE('UseSource',$,IFCLABEL('inferred_from_label'),$);
#2811=IFCPROPERTYSET('0Cm0qMnOnCdv6bsmDTZ2Pg',$,'Pset_ORI_Takeoff',$,(#2813,#2814,#2815,#2816,#2817,#2818,#2819));
#2812=IFCRELDEFINESBYPROPERTIES('2XeZwzf4TCtQKSBly9rzwn',$,$,$,(#2783),#2811);
#2813=IFCPROPERTYSINGLEVALUE('Method',$,IFCLABEL('auto_extracted'),$);
#2814=IFCPROPERTYSINGLEVALUE('ReviewStatus',$,IFCLABEL('unreviewed'),$);
#2815=IFCPROPERTYSINGLEVALUE('Confidence',$,IFCREAL(0.84999999999999998),$);
#2816=IFCPROPERTYSINGLEVALUE('OverlayElementId',$,IFCLABEL('p2-space-004'),$);
#2817=IFCPROPERTYSINGLEVALUE('Tool',$,IFCLABEL('ori_takeoff 0.1.0'),$);
#2818=IFCPROPERTYSINGLEVALUE('HeightSource',$,IFCLABEL('placeholder_not_from_plan'),$);
#2819=IFCPROPERTYSINGLEVALUE('SourcePage',$,IFCINTEGER(2),$);
#2820=IFCSPACE('0E3bjaHiD1g9RnXRq85FNx',$,'BEDROOM 2',$,$,#2843,#2838,$,$,.SPACE.,$);
#2826=IFCCARTESIANPOINT((5181.5999999999995,152.39999999999998));
#2827=IFCCARTESIANPOINT((5181.5999999999995,3048.));
#2828=IFCCARTESIANPOINT((152.39999999999998,3048.));
#2829=IFCCARTESIANPOINT((152.39999999999998,152.39999999999998));
#2830=IFCCARTESIANPOINT((5181.5999999999995,152.39999999999998));
#2831=IFCPOLYLINE((#2826,#2827,#2828,#2829,#2830));
#2832=IFCARBITRARYCLOSEDPROFILEDEF(.AREA.,$,#2831);
#2833=IFCCARTESIANPOINT((0.,0.,0.));
#2834=IFCAXIS2PLACEMENT3D(#2833,$,$);
#2835=IFCDIRECTION((0.,0.,1.));
#2836=IFCEXTRUDEDAREASOLID(#2832,#2834,#2835,2438.3999999999996);
#2837=IFCSHAPEREPRESENTATION(#11,'Body','SweptSolid',(#2836));
#2838=IFCPRODUCTDEFINITIONSHAPE($,$,(#2837));
#2839=IFCCARTESIANPOINT((0.,0.,0.));
#2840=IFCDIRECTION((0.,0.,1.));
#2841=IFCDIRECTION((1.,0.,0.));
#2842=IFCAXIS2PLACEMENT3D(#2839,#2840,#2841);
#2843=IFCLOCALPLACEMENT(#1534,#2842);
#2844=IFCPROPERTYSET('0fT6Q5CzfFOhSXznSnAO6o',$,'Pset_ORI_SpaceUse',$,(#2846,#2847));
#2845=IFCRELDEFINESBYPROPERTIES('2$NZFqLYTD1OAtfszY6F8B',$,$,$,(#2820),#2844);
#2846=IFCPROPERTYSINGLEVALUE('UseCategory',$,IFCLABEL('habitable'),$);
#2847=IFCPROPERTYSINGLEVALUE('UseSource',$,IFCLABEL('inferred_from_label'),$);
#2848=IFCPROPERTYSET('0HC$DCjJb7nwk$NoIcgrJr',$,'Pset_ORI_Takeoff',$,(#2850,#2851,#2852,#2853,#2854,#2855,#2856));
#2849=IFCRELDEFINESBYPROPERTIES('18WG3J2OD9duMYSvMg9t8H',$,$,$,(#2820),#2848);
#2850=IFCPROPERTYSINGLEVALUE('Method',$,IFCLABEL('auto_extracted'),$);
#2851=IFCPROPERTYSINGLEVALUE('ReviewStatus',$,IFCLABEL('unreviewed'),$);
#2852=IFCPROPERTYSINGLEVALUE('Confidence',$,IFCREAL(0.84999999999999998),$);
#2853=IFCPROPERTYSINGLEVALUE('OverlayElementId',$,IFCLABEL('p2-space-005'),$);
#2854=IFCPROPERTYSINGLEVALUE('Tool',$,IFCLABEL('ori_takeoff 0.1.0'),$);
#2855=IFCPROPERTYSINGLEVALUE('HeightSource',$,IFCLABEL('placeholder_not_from_plan'),$);
#2856=IFCPROPERTYSINGLEVALUE('SourcePage',$,IFCINTEGER(2),$);
#2857=IFCSTAIR('2pHzNjIu5A3PVNmyUEe8kf',$,'p2-stair-001',$,$,#2867,$,$,.STRAIGHT_RUN_STAIR.);
#2863=IFCCARTESIANPOINT((0.,0.,0.));
#2864=IFCDIRECTION((0.,0.,1.));
#2865=IFCDIRECTION((1.,0.,0.));
#2866=IFCAXIS2PLACEMENT3D(#2863,#2864,#2865);
#2867=IFCLOCALPLACEMENT(#1534,#2866);
#2868=IFCPROPERTYSET('01qrq9IyfCWRs9Sp8z1EIM',$,'Pset_ORI_StairFromPlan',$,(#2870,#2871,#2872,#2873));
#2869=IFCRELDEFINESBYPROPERTIES('1PwoxLwQDEq8ISW5BtOR_b',$,$,$,(#2857),#2868);
#2870=IFCPROPERTYSINGLEVALUE('RiserCount',$,IFCINTEGER(14),$);
#2871=IFCPROPERTYSINGLEVALUE('TreadCount',$,IFCINTEGER(13),$);
#2872=IFCPROPERTYSINGLEVALUE('TreadDepthIn',$,IFCREAL(10.),$);
#2873=IFCPROPERTYSINGLEVALUE('RiserHeightKnown',$,IFCBOOLEAN(.F.),$);
#2874=IFCPROPERTYSET('2kkxWZ121AnA0ugXxj7jv7',$,'Pset_ORI_Takeoff',$,(#2876,#2877,#2878,#2879,#2880,#2881));
#2875=IFCRELDEFINESBYPROPERTIES('2t$AVi3qHD_w7jBr_ermiJ',$,$,$,(#2857),#2874);
#2876=IFCPROPERTYSINGLEVALUE('Method',$,IFCLABEL('auto_extracted'),$);
#2877=IFCPROPERTYSINGLEVALUE('ReviewStatus',$,IFCLABEL('unreviewed'),$);
#2878=IFCPROPERTYSINGLEVALUE('Confidence',$,IFCREAL(0.69999999999999996),$);
#2879=IFCPROPERTYSINGLEVALUE('OverlayElementId',$,IFCLABEL('p2-stair-001'),$);
#2880=IFCPROPERTYSINGLEVALUE('Tool',$,IFCLABEL('ori_takeoff 0.1.0'),$);
#2881=IFCPROPERTYSINGLEVALUE('SourcePage',$,IFCINTEGER(2),$);
ENDSEC;
END-ISO-10303-21;
